transaction_description,category,country,currency,user_id,amount,date
Income,Income,USA,USD,freelancer,4447.96,2022-01-01
eBay #2522,Shopping & Retail,USA,USD,freelancer,180.45,2022-01-01
Kroger Pharmacy,Healthcare & Medical,USA,USD,freelancer,294.94,2022-01-01
CTA - USA,Transportation,USA,USD,freelancer,46.04,2022-01-02
DEA,Government & Legal,USA,USD,freelancer,384.47,2022-01-02
Alamo,Transportation,USA,USD,freelancer,68.22,2022-01-03
Gym Online Shopping Center,Entertainment & Recreation,USA,USD,freelancer,29.46,2022-01-03
MRI #6580 - USA,Healthcare & Medical,USA,USD,freelancer,327.59,2022-01-03
CVS Center,Healthcare & Medical,USA,USD,freelancer,170.17,2022-01-03
H&M Hospital,Shopping & Retail,USA,USD,freelancer,296.1,2022-01-04
Spotify,Entertainment & Recreation,USA,USD,freelancer,6.83,2022-01-05
Cable Company,Utilities & Services,USA,USD,freelancer,198.2,2022-01-06
Urgent Care #7956 Store,Healthcare & Medical,USA,USD,freelancer,154.89,2022-01-07
Frontier #9103 Store,Utilities & Services,USA,USD,freelancer,101.41,2022-01-07
Pizza Hut Store Strip Mall,Food & Dining,USA,USD,freelancer,20.94,2022-01-07
White Castle - USA,Food & Dining,USA,USD,freelancer,14.02,2022-01-07
Marshals,Government & Legal,USA,USD,freelancer,114.79,2022-01-08
Von Maur,Shopping & Retail,USA,USD,freelancer,257.14,2022-01-09
Eye Care #6841 - USA,Healthcare & Medical,USA,USD,freelancer,255.67,2022-01-10
Santander Online,Financial Services,USA,USD,freelancer,279.93,2022-01-10
Saks Off 5th,Shopping & Retail,USA,USD,freelancer,254.47,2022-01-10
Regal #9719 - USA Store,Entertainment & Recreation,USA,USD,freelancer,145.48,2022-01-11
Firehouse Subs #9883,Food & Dining,USA,USD,freelancer,22.17,2022-01-11
Visa - USA,Government & Legal,USA,USD,freelancer,327.96,2022-01-11
Adobe Creative Cloud,Shopping & Retail,USA,USD,freelancer,31.07,2022-01-11
CVS,Shopping & Retail,USA,USD,freelancer,54.15,2022-01-12
Investment #3840,Financial Services,USA,USD,freelancer,786.95,2022-01-12
7-Eleven Store Online - Dinner Time,Transportation,USA,USD,freelancer,13.56,2022-01-12
Firehouse Subs - USA,Food & Dining,USA,USD,freelancer,23.83,2022-01-13
Hulu,Entertainment & Recreation,USA,USD,freelancer,147.46,2022-01-13
Mr. Sub,Food & Dining,USA,USD,freelancer,37.62,2022-01-13
Megabus #4226 - Rush Hour,Transportation,USA,USD,freelancer,54.63,2022-01-14
Tax,Government & Legal,USA,USD,freelancer,89.45,2022-01-15
ASPCA - USA Store,Charity & Donations,USA,USD,freelancer,185.71,2022-01-15
NGO #1838,Charity & Donations,USA,USD,freelancer,158.34,2022-01-16
Train - USA,Transportation,USA,USD,freelancer,94.04,2022-01-16
Banking,Financial Services,USA,USD,freelancer,600.86,2022-01-16
Dollar General - USA,Shopping & Retail,USA,USD,freelancer,255.67,2022-01-17
Post Office Online,Shopping & Retail,USA,USD,freelancer,296.01,2022-01-17
Investment Bank Store Online,Financial Services,USA,USD,freelancer,79.97,2022-01-17
Lord & Taylor #8166 - USA,Shopping & Retail,USA,USD,freelancer,33.87,2022-01-17
CVS Store,Shopping & Retail,USA,USD,freelancer,182.87,2022-01-17
GoFundMe - USA,Charity & Donations,USA,USD,freelancer,80.97,2022-01-18
Occupational Therapy #2640 Branch Shopping Center,Healthcare & Medical,USA,USD,freelancer,163.18,2022-01-21
Gas Company - USA,Utilities & Services,USA,USD,freelancer,72.06,2022-01-22
Dropbox,Utilities & Services,USA,USD,freelancer,12.86,2022-01-22
Walgreens #7216 Strip Mall,Healthcare & Medical,USA,USD,freelancer,453.88,2022-01-23
Xfinity #4941 TXN594206,Utilities & Services,USA,USD,freelancer,285.17,2022-01-23
Jimmy John's (Mobile),Food & Dining,USA,USD,freelancer,7.6,2022-01-24
KFC #3919,Food & Dining,USA,USD,freelancer,14.44,2022-01-24
Financial Advisor #9889 Online,Financial Services,USA,USD,freelancer,592.2,2022-01-26
Trampoline Park Online,Entertainment & Recreation,USA,USD,freelancer,74.51,2022-01-26
Potbelly #2394 Online - Afternoon,Food & Dining,USA,USD,freelancer,43.66,2022-01-26
Mutual Fund Store Online Branch - Night,Financial Services,USA,USD,freelancer,952.89,2022-01-27
Costco Store Online Branch,Shopping & Retail,USA,USD,freelancer,80.15,2022-01-28
Anytime Fitness,Entertainment & Recreation,USA,USD,freelancer,125.57,2022-01-28
M&T Bank #4046 - USA,Financial Services,USA,USD,freelancer,497.76,2022-02-01
Consolidated Communications,Utilities & Services,USA,USD,freelancer,153.63,2022-02-01
Home Depot #2619 Online (Bank Transfer),Shopping & Retail,USA,USD,freelancer,183.38,2022-02-01
Urologist,Healthcare & Medical,USA,USD,freelancer,314.37,2022-02-02
Income,Income,USA,USD,freelancer,6507.19,2022-02-03
Walgreens #7592 Store Downtown,Healthcare & Medical,USA,USD,freelancer,96.56,2022-02-03
Greyhound - Rush Hour,Transportation,USA,USD,freelancer,12.26,2022-02-03
Spotify,Entertainment & Recreation,USA,USD,freelancer,9.17,2022-02-03
Belk Store,Shopping & Retail,USA,USD,freelancer,135.77,2022-02-04
Mortgage #1493 Shopping Center,Financial Services,USA,USD,freelancer,776.38,2022-02-04
Dillard's - Weekday,Shopping & Retail,USA,USD,freelancer,225.85,2022-02-04
Dropbox,Utilities & Services,USA,USD,freelancer,12.89,2022-02-04
Jimmy John's,Food & Dining,USA,USD,freelancer,29.72,2022-02-05
Lyft Online,Transportation,USA,USD,freelancer,78.94,2022-02-05
WMATA - Weekday,Transportation,USA,USD,freelancer,57.8,2022-02-05
Belk,Shopping & Retail,USA,USD,freelancer,241.88,2022-02-06
Federal Building (Bank Transfer),Government & Legal,USA,USD,freelancer,115.13,2022-02-07
Passport Store (Wire),Government & Legal,USA,USD,freelancer,418.37,2022-02-07
Business WiFi Branch TXN871183,Utilities & Services,USA,USD,freelancer,121.72,2022-02-08
Rite Aid - USA Station,Healthcare & Medical,USA,USD,freelancer,427.11,2022-02-08
Spectrum #5218 Shopping Center,Utilities & Services,USA,USD,freelancer,73.51,2022-02-08
Neiman Marcus #1804 - USA,Shopping & Retail,USA,USD,freelancer,231.04,2022-02-08
Trader Joe's (Card),Food & Dining,USA,USD,freelancer,37.71,2022-02-09
DSL TXN697303,Utilities & Services,USA,USD,freelancer,58.16,2022-02-10
Suddenlink,Utilities & Services,USA,USD,freelancer,125.84,2022-02-11
United Way - USA,Charity & Donations,USA,USD,freelancer,80.95,2022-02-11
DirecTV - Holiday,Utilities & Services,USA,USD,freelancer,273.6,2022-02-11
Senate (Mobile),Government & Legal,USA,USD,freelancer,446.65,2022-02-11
Dollar General #6305,Shopping & Retail,USA,USD,freelancer,287.3,2022-02-12
CIA,Government & Legal,USA,USD,freelancer,239.26,2022-02-12
Moe's Southwest Grill Store TXN933539,Food & Dining,USA,USD,freelancer,45.48,2022-02-13
AMC #1566 - USA Store Online Airport,Entertainment & Recreation,USA,USD,freelancer,48.17,2022-02-13
Phone Company Store,Utilities & Services,USA,USD,freelancer,166.09,2022-02-13
MRI Online,Healthcare & Medical,USA,USD,freelancer,309.76,2022-02-14
Border Patrol Store Center,Government & Legal,USA,USD,freelancer,186.33,2022-02-14
WiFi - USA,Utilities & Services,USA,USD,freelancer,260.54,2022-02-15
Train Store,Transportation,USA,USD,freelancer,85.19,2022-02-15
Ulta Center (Bank Transfer),Shopping & Retail,USA,USD,freelancer,112.16,2022-02-15
Cable One,Utilities & Services,USA,USD,freelancer,185.68,2022-02-15
Blimpie Store Center Hospital,Food & Dining,USA,USD,freelancer,24.06,2022-02-15
Dollar #8788 (Bank Transfer),Transportation,USA,USD,freelancer,28.91,2022-02-15
Alaska Airlines #6620 (Digital Wallet),Transportation,USA,USD,freelancer,48.66,2022-02-16
LA Fitness,Entertainment & Recreation,USA,USD,freelancer,143.94,2022-02-16
WMATA,Transportation,USA,USD,freelancer,45.07,2022-02-17
Starlink Branch,Utilities & Services,USA,USD,freelancer,55.95,2022-02-17
Legal,Government & Legal,USA,USD,freelancer,491.8,2022-02-17
Tennis Court,Entertainment & Recreation,USA,USD,freelancer,142.12,2022-02-17
Adidas - USA TXN614919,Shopping & Retail,USA,USD,freelancer,89.39,2022-02-18
Rite Aid - Dinner Time,Shopping & Retail,USA,USD,freelancer,140.2,2022-02-18
Chipotle Store,Food & Dining,USA,USD,freelancer,33.14,2022-02-19
Museum Store,Entertainment & Recreation,USA,USD,freelancer,133.67,2022-02-19
Santander #6082,Financial Services,USA,USD,freelancer,778.9,2022-02-20
Big Lots - USA Station,Shopping & Retail,USA,USD,freelancer,8.28,2022-02-20
Nike,Shopping & Retail,USA,USD,freelancer,274.55,2022-02-21
YouTube,Entertainment & Recreation,USA,USD,freelancer,114.22,2022-02-21
Satellite Internet #2931 - Dinner Time,Utilities & Services,USA,USD,freelancer,189.45,2022-02-22
Post Office,Shopping & Retail,USA,USD,freelancer,115.2,2022-02-22
Taco Bell Strip Mall,Food & Dining,USA,USD,freelancer,19.41,2022-02-22
FedEx Office - USA,Shopping & Retail,USA,USD,freelancer,57.84,2022-02-22
Lab Center,Healthcare & Medical,USA,USD,freelancer,487.12,2022-02-23
Megabus Campus,Transportation,USA,USD,freelancer,4.08,2022-02-23
AMC - USA Store,Entertainment & Recreation,USA,USD,freelancer,77.32,2022-02-24
Adobe Creative Cloud,Shopping & Retail,USA,USD,freelancer,39.57,2022-02-24
Temple #7830,Charity & Donations,USA,USD,freelancer,73.49,2022-02-25
Neurologist #6048 Station,Healthcare & Medical,USA,USD,freelancer,94.8,2022-02-26
Mass General #3968 Store - Evening,Healthcare & Medical,USA,USD,freelancer,61.79,2022-02-27
Ross,Shopping & Retail,USA,USD,freelancer,212.01,2022-02-27
Office Depot,Shopping & Retail,USA,USD,freelancer,123.0,2022-02-28
Paramedic Mall,Government & Legal,USA,USD,freelancer,61.88,2022-02-28
Zoo TXN349689,Entertainment & Recreation,USA,USD,freelancer,60.67,2022-03-01
Shake Shack - USA (Cash),Food & Dining,USA,USD,freelancer,6.39,2022-03-01
Noodles & Company #5075,Food & Dining,USA,USD,freelancer,12.39,2022-03-01
Income,Income,USA,USD,freelancer,3189.33,2022-03-02
Veterans Organization #1380 Strip Mall,Charity & Donations,USA,USD,freelancer,44.93,2022-03-02
ATM #3711 Store,Financial Services,USA,USD,freelancer,837.44,2022-03-03
Broadband - USA,Utilities & Services,USA,USD,freelancer,138.31,2022-03-03
Barnes & Noble,Shopping & Retail,USA,USD,freelancer,269.96,2022-03-03
Income,Income,USA,USD,freelancer,4609.49,2022-03-04
Amnesty International,Charity & Donations,USA,USD,freelancer,37.64,2022-03-04
Neurologist #9667 - USA Store Online,Healthcare & Medical,USA,USD,freelancer,362.32,2022-03-04
HSBC,Financial Services,USA,USD,freelancer,790.98,2022-03-04
Equinox - Lunch Time,Entertainment & Recreation,USA,USD,freelancer,58.35,2022-03-05
Delta - USA Branch (Card),Transportation,USA,USD,freelancer,43.08,2022-03-06
Panera Bread #7486 - USA Store,Food & Dining,USA,USD,freelancer,29.98,2022-03-06
License #9648,Government & Legal,USA,USD,freelancer,309.22,2022-03-07
Barnes & Noble (Contactless),Shopping & Retail,USA,USD,freelancer,115.37,2022-03-07
Senior Center Store TXN728274,Charity & Donations,USA,USD,freelancer,118.96,2022-03-08
Checkers Branch,Food & Dining,USA,USD,freelancer,39.94,2022-03-09
Post Office,Government & Legal,USA,USD,freelancer,118.28,2022-03-09
Dairy Queen #6331,Food & Dining,USA,USD,freelancer,24.24,2022-03-09
EMS #2379 Online,Government & Legal,USA,USD,freelancer,354.73,2022-03-09
Post Office Station,Shopping & Retail,USA,USD,freelancer,239.49,2022-03-09
Qdoba #1789,Food & Dining,USA,USD,freelancer,38.57,2022-03-10
Dollar General - Weekend,Shopping & Retail,USA,USD,freelancer,193.17,2022-03-10
Mortgage - Afternoon,Financial Services,USA,USD,freelancer,666.2,2022-03-11
Johns Hopkins,Healthcare & Medical,USA,USD,freelancer,62.97,2022-03-11
Costco Shopping Center,Shopping & Retail,USA,USD,freelancer,57.03,2022-03-12
Neiman Marcus Store,Shopping & Retail,USA,USD,freelancer,241.18,2022-03-12
Service - USA,Government & Legal,USA,USD,freelancer,178.45,2022-03-12
First National Branch,Financial Services,USA,USD,freelancer,875.45,2022-03-12
Dropbox,Utilities & Services,USA,USD,freelancer,11.71,2022-03-12
Internet Provider #3215,Utilities & Services,USA,USD,freelancer,135.87,2022-03-14
Speech Therapy Online,Healthcare & Medical,USA,USD,freelancer,288.55,2022-03-15
Mr. Sub - USA,Food & Dining,USA,USD,freelancer,19.01,2022-03-15
State Police,Government & Legal,USA,USD,freelancer,440.32,2022-03-15
Comerica Online (Mobile),Financial Services,USA,USD,freelancer,925.66,2022-03-15
Dollar - USA Branch,Transportation,USA,USD,freelancer,75.04,2022-03-16
Baskin-Robbins,Food & Dining,USA,USD,freelancer,28.32,2022-03-16
Fundraising Online (Mobile),Charity & Donations,USA,USD,freelancer,67.0,2022-03-16
Huntington Bank #8684 Strip Mall,Financial Services,USA,USD,freelancer,601.17,2022-03-17
Homeless Shelter - USA Branch,Charity & Donations,USA,USD,freelancer,171.15,2022-03-17
Southwest Airlines #3031 - USA Online,Transportation,USA,USD,freelancer,56.83,2022-03-18
Blimpie,Food & Dining,USA,USD,freelancer,29.81,2022-03-18
Audubon Society,Charity & Donations,USA,USD,freelancer,26.7,2022-03-18
Community Center Store,Charity & Donations,USA,USD,freelancer,184.38,2022-03-18
Zoo #9514 Store,Entertainment & Recreation,USA,USD,freelancer,128.89,2022-03-18
Spectrum #6527 - USA TXN315070,Utilities & Services,USA,USD,freelancer,163.68,2022-03-19
Panera Bread Hospital,Food & Dining,USA,USD,freelancer,40.44,2022-03-20
Barneys New York #3347,Shopping & Retail,USA,USD,freelancer,103.13,2022-03-20
Internet Provider,Utilities & Services,USA,USD,freelancer,232.75,2022-03-20
Internet Provider Store,Utilities & Services,USA,USD,freelancer,96.1,2022-03-20
Youth Organization - USA Store TXN264508,Charity & Donations,USA,USD,freelancer,104.14,2022-03-20
Adobe Creative Cloud,Shopping & Retail,USA,USD,freelancer,46.69,2022-03-20
WiFi #6801 Downtown,Utilities & Services,USA,USD,freelancer,80.81,2022-03-21
Comerica Store Hospital,Financial Services,USA,USD,freelancer,873.86,2022-03-21
World Vision TXN492465,Charity & Donations,USA,USD,freelancer,35.6,2022-03-21
Crunch Fitness #1100 Branch,Entertainment & Recreation,USA,USD,freelancer,38.31,2022-03-22
BART,Transportation,USA,USD,freelancer,37.42,2022-03-22
Neurologist - USA Store Center Shopping Center,Healthcare & Medical,USA,USD,freelancer,84.75,2022-03-22
Rock Climbing #1507,Entertainment & Recreation,USA,USD,freelancer,65.57,2022-03-23
Transfer Campus,Financial Services,USA,USD,freelancer,903.25,2022-03-23
Audubon Society #2626 - USA,Charity & Donations,USA,USD,freelancer,47.05,2022-03-23
Ross,Shopping & Retail,USA,USD,freelancer,191.4,2022-03-23
Trader Joe's,Food & Dining,USA,USD,freelancer,15.32,2022-03-24
Sheriff Store TXN769934,Government & Legal,USA,USD,freelancer,144.48,2022-03-24
Youth Organization TXN432123,Charity & Donations,USA,USD,freelancer,186.07,2022-03-24
ATF #7261 - USA TXN407557,Government & Legal,USA,USD,freelancer,472.89,2022-03-25
Nike #4329,Shopping & Retail,USA,USD,freelancer,42.62,2022-03-25
Netflix #6387 Downtown,Entertainment & Recreation,USA,USD,freelancer,83.46,2022-03-25
Spotify,Entertainment & Recreation,USA,USD,freelancer,7.71,2022-03-25
BMO Harris #7628 Store,Financial Services,USA,USD,freelancer,474.95,2022-03-26
TD Bank #2276 - Rush Hour,Financial Services,USA,USD,freelancer,751.85,2022-03-27
OfficeMax,Shopping & Retail,USA,USD,freelancer,61.76,2022-03-27
Income,Income,USA,USD,freelancer,5376.94,2022-04-01
CVS,Healthcare & Medical,USA,USD,freelancer,369.11,2022-04-01
Goodwill (Digital Wallet),Charity & Donations,USA,USD,freelancer,114.56,2022-04-02
Dunkin' Donuts Store,Food & Dining,USA,USD,freelancer,20.77,2022-04-02
Congress Center,Government & Legal,USA,USD,freelancer,469.03,2022-04-02
Cane's #3090,Food & Dining,USA,USD,freelancer,36.66,2022-04-02
Amnesty International,Charity & Donations,USA,USD,freelancer,7.78,2022-04-02
Orange Theory - Holiday,Entertainment & Recreation,USA,USD,freelancer,6.03,2022-04-03
TJ Maxx Residential,Shopping & Retail,USA,USD,freelancer,299.76,2022-04-04
WWF,Charity & Donations,USA,USD,freelancer,65.41,2022-04-06
License Center,Government & Legal,USA,USD,freelancer,162.84,2022-04-06
T-Mobile,Utilities & Services,USA,USD,freelancer,143.69,2022-04-07
Lowe's #6573 (Bank Transfer),Shopping & Retail,USA,USD,freelancer,42.94,2022-04-10
First National - USA,Financial Services,USA,USD,freelancer,323.1,2022-04-10
Local Food Bank - USA,Charity & Donations,USA,USD,freelancer,184.41,2022-04-10
Mr. Sub - Holiday,Food & Dining,USA,USD,freelancer,36.76,2022-04-11
Adobe Creative Cloud,Shopping & Retail,USA,USD,freelancer,49.94,2022-04-12
Spotify,Entertainment & Recreation,USA,USD,freelancer,5.72,2022-04-12
Escape Room - USA Store Online Center,Entertainment & Recreation,USA,USD,freelancer,35.69,2022-04-13
SPCA,Charity & Donations,USA,USD,freelancer,58.17,2022-04-13
Ross Business District,Shopping & Retail,USA,USD,freelancer,33.74,2022-04-13
Tax,Government & Legal,USA,USD,freelancer,163.02,2022-04-13
Capital One,Financial Services,USA,USD,freelancer,225.48,2022-04-14
Jack in the Box - USA Store,Food & Dining,USA,USD,freelancer,15.48,2022-04-14
Dropbox,Utilities & Services,USA,USD,freelancer,14.62,2022-04-15
Bloomingdale's #8483 - USA TXN310938,Shopping & Retail,USA,USD,freelancer,230.23,2022-04-16
MARTA #6766 Strip Mall,Transportation,USA,USD,freelancer,41.76,2022-04-16
Alaska Airlines #6620,Transportation,USA,USD,freelancer,4.92,2022-04-16
Apple Store,Shopping & Retail,USA,USD,freelancer,76.0,2022-04-16
Emergency Services #7170,Government & Legal,USA,USD,freelancer,225.93,2022-04-16
Nike Store Online TXN795959,Shopping & Retail,USA,USD,freelancer,229.75,2022-04-17
Ulta,Shopping & Retail,USA,USD,freelancer,132.19,2022-04-20
Consolidated Communications - USA,Utilities & Services,USA,USD,freelancer,145.99,2022-04-20
Community Center Store,Charity & Donations,USA,USD,freelancer,74.21,2022-04-20
Atlantic Broadband - USA Online,Utilities & Services,USA,USD,freelancer,132.75,2022-04-20
Raising Cane's Center,Food & Dining,USA,USD,freelancer,49.46,2022-04-21
Raising Cane's Residential,Food & Dining,USA,USD,freelancer,37.67,2022-04-22
T-Mobile #4621 Store,Utilities & Services,USA,USD,freelancer,177.67,2022-04-23
DirecTV - USA Store,Utilities & Services,USA,USD,freelancer,69.27,2022-04-23
Social Security - USA,Government & Legal,USA,USD,freelancer,190.15,2022-04-24
Temple #1364,Charity & Donations,USA,USD,freelancer,149.45,2022-04-25
Tim Hortons Online,Food & Dining,USA,USD,freelancer,8.8,2022-04-25
Tim Hortons #6112 Store,Food & Dining,USA,USD,freelancer,10.91,2022-04-26
Senior Center Online Station,Charity & Donations,USA,USD,freelancer,74.28,2022-04-27
Income,Income,USA,USD,freelancer,4276.08,2022-05-01
Bloomingdale's,Shopping & Retail,USA,USD,freelancer,262.2,2022-05-01
Ski Resort #6009,Entertainment & Recreation,USA,USD,freelancer,88.58,2022-05-01
Uber,Transportation,USA,USD,freelancer,46.16,2022-05-01
Credit Union,Financial Services,USA,USD,freelancer,830.96,2022-05-02
Public WiFi #6416,Utilities & Services,USA,USD,freelancer,272.13,2022-05-02
Equinox (Cash),Entertainment & Recreation,USA,USD,freelancer,35.93,2022-05-02
Xfinity Store,Utilities & Services,USA,USD,freelancer,109.56,2022-05-02
Budget - Rush Hour,Transportation,USA,USD,freelancer,13.34,2022-05-02
Barnes & Noble #3897 Store,Shopping & Retail,USA,USD,freelancer,243.27,2022-05-02
Kaiser Permanente,Healthcare & Medical,USA,USD,freelancer,261.91,2022-05-02
Kickstarter #6863 (Contactless),Charity & Donations,USA,USD,freelancer,197.11,2022-05-03
Burger King Online (Online),Food & Dining,USA,USD,freelancer,25.95,2022-05-04
Bookkeeping,Financial Services,USA,USD,freelancer,422.93,2022-05-05
First National #3200 Station,Financial Services,USA,USD,freelancer,103.67,2022-05-05
Zara - USA,Shopping & Retail,USA,USD,freelancer,82.68,2022-05-05
SEPTA Store,Transportation,USA,USD,freelancer,22.33,2022-05-05
Border Patrol - Lunch Time,Government & Legal,USA,USD,freelancer,266.49,2022-05-06
Optimum #8897 Center - Evening,Utilities & Services,USA,USD,freelancer,105.96,2022-05-06
WWF Store,Charity & Donations,USA,USD,freelancer,10.25,2022-05-06
Trampoline Park - USA,Entertainment & Recreation,USA,USD,freelancer,15.29,2022-05-06
Cinema #8210,Entertainment & Recreation,USA,USD,freelancer,73.95,2022-05-08
Cardiologist - USA Store - Dinner Time,Healthcare & Medical,USA,USD,freelancer,150.46,2022-05-08
FedEx Office - Afternoon,Shopping & Retail,USA,USD,freelancer,121.16,2022-05-08
Neurologist,Healthcare & Medical,USA,USD,freelancer,195.66,2022-05-09
Local Church,Charity & Donations,USA,USD,freelancer,172.86,2022-05-09
Carnival #6844,Entertainment & Recreation,USA,USD,freelancer,32.61,2022-05-09
Bank Online,Financial Services,USA,USD,freelancer,698.1,2022-05-10
Turo,Transportation,USA,USD,freelancer,91.57,2022-05-10
TJ Maxx Store Branch Strip Mall,Shopping & Retail,USA,USD,freelancer,251.22,2022-05-10
OfficeMax,Shopping & Retail,USA,USD,freelancer,166.96,2022-05-11
Blimpie,Food & Dining,USA,USD,freelancer,37.02,2022-05-11
Physical Therapy #9981,Healthcare & Medical,USA,USD,freelancer,384.11,2022-05-11
UCLA Medical Online,Healthcare & Medical,USA,USD,freelancer,414.25,2022-05-12
Offering Store,Charity & Donations,USA,USD,freelancer,174.25,2022-05-12
Spotify,Entertainment & Recreation,USA,USD,freelancer,5.76,2022-05-12
Jersey Mike's,Food & Dining,USA,USD,freelancer,42.37,2022-05-13
Physical Therapy Store Branch,Healthcare & Medical,USA,USD,freelancer,290.62,2022-05-13
McDonald's #9675 Store,Food & Dining,USA,USD,freelancer,46.83,2022-05-13
Bojangles Branch - Holiday,Food & Dining,USA,USD,freelancer,45.26,2022-05-13
Gynecologist - USA (App),Healthcare & Medical,USA,USD,freelancer,484.21,2022-05-14
Cable Company Store,Utilities & Services,USA,USD,freelancer,174.89,2022-05-14
Gold's Gym Online,Entertainment & Recreation,USA,USD,freelancer,59.14,2022-05-15
Walgreens Hospital,Healthcare & Medical,USA,USD,freelancer,364.61,2022-05-16
Medicare Store - Morning,Government & Legal,USA,USD,freelancer,225.2,2022-05-16
Dollar General,Shopping & Retail,USA,USD,freelancer,264.63,2022-05-17
Dunkin' Donuts Store,Food & Dining,USA,USD,freelancer,43.34,2022-05-18
McDonald's #2580 - USA TXN320648,Food & Dining,USA,USD,freelancer,8.2,2022-05-18
Synagogue,Charity & Donations,USA,USD,freelancer,81.99,2022-05-19
Yoga Studio #7487 Strip Mall,Entertainment & Recreation,USA,USD,freelancer,101.86,2022-05-19
United - USA Store Online - Weekday,Transportation,USA,USD,freelancer,99.85,2022-05-19
Gym #9455 - Morning,Entertainment & Recreation,USA,USD,freelancer,124.11,2022-05-20
BP Business District,Transportation,USA,USD,freelancer,33.04,2022-05-20
Adobe Creative Cloud,Shopping & Retail,USA,USD,freelancer,26.57,2022-05-20
Dropbox,Utilities & Services,USA,USD,freelancer,10.73,2022-05-20
Moe's Southwest Grill,Food & Dining,USA,USD,freelancer,40.54,2022-05-21
Pizza Hut,Food & Dining,USA,USD,freelancer,21.69,2022-05-21
Starlink,Utilities & Services,USA,USD,freelancer,214.65,2022-05-21
Comcast,Utilities & Services,USA,USD,freelancer,207.43,2022-05-21
Gold's Gym,Entertainment & Recreation,USA,USD,freelancer,141.39,2022-05-22
BART - Weekday,Transportation,USA,USD,freelancer,3.87,2022-05-23
Religious Organization Residential,Charity & Donations,USA,USD,freelancer,184.2,2022-05-23
Public WiFi - USA Store Branch TXN115643,Utilities & Services,USA,USD,freelancer,282.27,2022-05-24
Humane Society #9203 - USA,Charity & Donations,USA,USD,freelancer,140.37,2022-05-24
Loan,Financial Services,USA,USD,freelancer,617.7,2022-05-24
Wells Fargo,Financial Services,USA,USD,freelancer,377.52,2022-05-24
Home Depot TXN271559,Shopping & Retail,USA,USD,freelancer,168.57,2022-05-25
24 Hour Fitness - USA,Entertainment & Recreation,USA,USD,freelancer,69.73,2022-05-25
Mass General #2241,Healthcare & Medical,USA,USD,freelancer,124.37,2022-05-27
GameStop,Shopping & Retail,USA,USD,freelancer,103.02,2022-05-27
PNC Bank #5753,Financial Services,USA,USD,freelancer,889.98,2022-05-28
Paramedic,Government & Legal,USA,USD,freelancer,292.74,2022-05-28
Sierra Club Business District,Charity & Donations,USA,USD,freelancer,98.3,2022-05-28
City Hall,Government & Legal,USA,USD,freelancer,108.54,2022-06-01
WMATA #3720,Transportation,USA,USD,freelancer,45.76,2022-06-02
Pediatrician TXN920291,Healthcare & Medical,USA,USD,freelancer,301.09,2022-06-02
Adobe Creative Cloud,Shopping & Retail,USA,USD,freelancer,44.75,2022-06-02
Income,Income,USA,USD,freelancer,4046.97,2022-06-03
Verizon,Utilities & Services,USA,USD,freelancer,210.73,2022-06-03
Theater TXN387276,Entertainment & Recreation,USA,USD,freelancer,125.55,2022-06-04
Greyhound #1551 TXN797099,Transportation,USA,USD,freelancer,84.7,2022-06-05
Goodwill #3276 Center TXN536656,Charity & Donations,USA,USD,freelancer,176.47,2022-06-06
Johns Hopkins #3279 Store Online Center - Rush Hour,Healthcare & Medical,USA,USD,freelancer,170.25,2022-06-07
Bus TXN410693,Transportation,USA,USD,freelancer,92.88,2022-06-08
Planet Fitness - Morning,Entertainment & Recreation,USA,USD,freelancer,121.6,2022-06-08
Apple Store Branch,Shopping & Retail,USA,USD,freelancer,152.04,2022-06-08
United Way,Charity & Donations,USA,USD,freelancer,183.02,2022-06-08
Spotify,Entertainment & Recreation,USA,USD,freelancer,8.03,2022-06-08
KFC #9528,Food & Dining,USA,USD,freelancer,10.02,2022-06-09
Getaround,Transportation,USA,USD,freelancer,9.91,2022-06-09
Goodwill,Charity & Donations,USA,USD,freelancer,154.03,2022-06-09
Financial Advisor Station,Financial Services,USA,USD,freelancer,261.34,2022-06-09
Oxfam Downtown,Charity & Donations,USA,USD,freelancer,6.13,2022-06-10
Dropbox,Utilities & Services,USA,USD,freelancer,11.46,2022-06-11
License,Government & Legal,USA,USD,freelancer,344.09,2022-06-13
Tennis Court #5401 - USA (Digital Wallet),Entertainment & Recreation,USA,USD,freelancer,126.38,2022-06-13
HughesNet #7054 - USA,Utilities & Services,USA,USD,freelancer,234.59,2022-06-13
NYU Langone,Healthcare & Medical,USA,USD,freelancer,411.91,2022-06-13
MTA - USA - Dinner Time,Transportation,USA,USD,freelancer,51.35,2022-06-14
TD Bank - Night,Financial Services,USA,USD,freelancer,189.04,2022-06-14
HSBC #2483 Online Center,Financial Services,USA,USD,freelancer,322.93,2022-06-14
Anytime Fitness #3371,Entertainment & Recreation,USA,USD,freelancer,110.67,2022-06-15
Frontier - USA Store,Utilities & Services,USA,USD,freelancer,146.39,2022-06-15
Paintball #2164 Online Center - Afternoon,Entertainment & Recreation,USA,USD,freelancer,117.26,2022-06-15
DMV,Government & Legal,USA,USD,freelancer,366.44,2022-06-15
Uniqlo #2104 TXN422456,Shopping & Retail,USA,USD,freelancer,206.87,2022-06-16
TSA,Government & Legal,USA,USD,freelancer,327.61,2022-06-17
BB&T Store TXN764535,Financial Services,USA,USD,freelancer,937.61,2022-06-17
Water Park #3396 - USA Branch (ACH),Entertainment & Recreation,USA,USD,freelancer,13.26,2022-06-19
Homeless Shelter,Charity & Donations,USA,USD,freelancer,169.25,2022-06-20
Audubon Society - USA,Charity & Donations,USA,USD,freelancer,134.76,2022-06-20
City Hall,Government & Legal,USA,USD,freelancer,354.23,2022-06-20
Walgreens - USA,Shopping & Retail,USA,USD,freelancer,38.65,2022-06-20
Spotify,Entertainment & Recreation,USA,USD,freelancer,141.97,2022-06-20
Social Security - Night,Government & Legal,USA,USD,freelancer,373.46,2022-06-22
Mini Golf,Entertainment & Recreation,USA,USD,freelancer,110.6,2022-06-23
Legal #1907 Store,Government & Legal,USA,USD,freelancer,462.45,2022-06-23
Suddenlink #6506,Utilities & Services,USA,USD,freelancer,152.2,2022-06-23
Allegiant - Weekday,Transportation,USA,USD,freelancer,43.79,2022-06-24
Social Security Store,Government & Legal,USA,USD,freelancer,132.84,2022-06-24
Nordstrom Rack #2221,Shopping & Retail,USA,USD,freelancer,79.84,2022-06-24
Business WiFi - USA,Utilities & Services,USA,USD,freelancer,196.99,2022-06-25
Nature Conservancy - Night,Charity & Donations,USA,USD,freelancer,71.4,2022-06-25
Shake Shack,Food & Dining,USA,USD,freelancer,22.01,2022-06-25
NSA,Government & Legal,USA,USD,freelancer,354.71,2022-06-25
Credit Union #6898,Financial Services,USA,USD,freelancer,575.69,2022-06-28
Hulu,Entertainment & Recreation,USA,USD,freelancer,98.12,2022-07-02
Hawaiian Airlines,Transportation,USA,USD,freelancer,18.38,2022-07-02
CVS - USA Store,Healthcare & Medical,USA,USD,freelancer,415.44,2022-07-03
Huntington Bank Store,Financial Services,USA,USD,freelancer,874.02,2022-07-03
Income,Income,USA,USD,freelancer,5203.77,2022-07-04
Mini Golf #5362 - USA,Entertainment & Recreation,USA,USD,freelancer,42.01,2022-07-04
Hospital TXN746288,Healthcare & Medical,USA,USD,freelancer,193.12,2022-07-05
UCSF Medical,Healthcare & Medical,USA,USD,freelancer,444.2,2022-07-05
Taxi - Weekday,Transportation,USA,USD,freelancer,9.42,2022-07-05
SPCA #7842,Charity & Donations,USA,USD,freelancer,22.96,2022-07-05
BART Station,Transportation,USA,USD,freelancer,90.07,2022-07-06
FlixBus Store - Weekday,Transportation,USA,USD,freelancer,58.64,2022-07-06
CVS #3837 - USA Online,Healthcare & Medical,USA,USD,freelancer,24.0,2022-07-06
Synagogue #2174 - USA Center,Charity & Donations,USA,USD,freelancer,7.17,2022-07-06
Adobe Creative Cloud,Shopping & Retail,USA,USD,freelancer,27.58,2022-07-06
Dropbox,Utilities & Services,USA,USD,freelancer,13.81,2022-07-06
Audubon Society - USA,Charity & Donations,USA,USD,freelancer,81.62,2022-07-07
Orthopedist,Healthcare & Medical,USA,USD,freelancer,463.75,2022-07-08
Sixt - Weekday,Transportation,USA,USD,freelancer,23.9,2022-07-08
Walmart Pharmacy,Healthcare & Medical,USA,USD,freelancer,364.35,2022-07-09
Retirement - USA,Financial Services,USA,USD,freelancer,237.42,2022-07-09
Sephora Branch,Shopping & Retail,USA,USD,freelancer,31.91,2022-07-11
Uber #6403 - USA,Transportation,USA,USD,freelancer,41.53,2022-07-11
Secret Service,Government & Legal,USA,USD,freelancer,300.12,2022-07-11
Alaska Airlines - USA (Online),Transportation,USA,USD,freelancer,58.98,2022-07-11
KFC TXN419965,Food & Dining,USA,USD,freelancer,13.37,2022-07-12
Cable Company Online - Holiday,Utilities & Services,USA,USD,freelancer,74.35,2022-07-12
Bank Store Branch,Financial Services,USA,USD,freelancer,303.61,2022-07-13
CTA #5979,Transportation,USA,USD,freelancer,61.94,2022-07-13
WWF Store,Charity & Donations,USA,USD,freelancer,182.38,2022-07-14
ATM #2325 TXN248125,Financial Services,USA,USD,freelancer,284.93,2022-07-14
Lyft #1052 Branch Center,Transportation,USA,USD,freelancer,41.59,2022-07-15
Mass General Branch,Healthcare & Medical,USA,USD,freelancer,100.86,2022-07-15
Getaround,Transportation,USA,USD,freelancer,37.73,2022-07-16
Mortgage #5780 Online,Financial Services,USA,USD,freelancer,698.45,2022-07-17
Business WiFi Online,Utilities & Services,USA,USD,freelancer,198.7,2022-07-17
Cinema #4985 - USA Branch,Entertainment & Recreation,USA,USD,freelancer,147.26,2022-07-18
Saks Off 5th,Shopping & Retail,USA,USD,freelancer,268.95,2022-07-18
Eye Care #2590 Mall,Healthcare & Medical,USA,USD,freelancer,400.98,2022-07-18
Municipal Building,Government & Legal,USA,USD,freelancer,300.41,2022-07-18
Dollar General Campus,Shopping & Retail,USA,USD,freelancer,120.26,2022-07-18
Apple Store Store,Shopping & Retail,USA,USD,freelancer,184.23,2022-07-18
Local Church,Charity & Donations,USA,USD,freelancer,142.95,2022-07-19
Viasat Residential,Utilities & Services,USA,USD,freelancer,146.41,2022-07-19
WiFi #3453 - USA Store - Holiday,Utilities & Services,USA,USD,freelancer,69.53,2022-07-20
Sixt Center,Transportation,USA,USD,freelancer,3.3,2022-07-20
Uber Store,Transportation,USA,USD,freelancer,73.04,2022-07-22
Bank Online Mall,Financial Services,USA,USD,freelancer,113.57,2022-07-23
Windstream Online,Utilities & Services,USA,USD,freelancer,159.02,2022-07-24
OfficeMax,Shopping & Retail,USA,USD,freelancer,36.82,2022-07-24
JetBlue,Transportation,USA,USD,freelancer,55.09,2022-07-25
Spotify,Entertainment & Recreation,USA,USD,freelancer,7.98,2022-07-25
Visa #5168,Government & Legal,USA,USD,freelancer,432.66,2022-07-26
Yoga Studio Store,Entertainment & Recreation,USA,USD,freelancer,75.9,2022-07-28
Loan #2820 Store Online,Financial Services,USA,USD,freelancer,872.22,2022-07-28
Jersey Mike's #4675 - Evening,Food & Dining,USA,USD,freelancer,34.7,2022-07-28
Mayo Clinic - USA,Healthcare & Medical,USA,USD,freelancer,169.41,2022-08-01
Red Cross,Charity & Donations,USA,USD,freelancer,110.07,2022-08-01
WWF Store (Online),Charity & Donations,USA,USD,freelancer,156.38,2022-08-01
NSA #7869 - USA Online,Government & Legal,USA,USD,freelancer,216.26,2022-08-02
Online Bank Online,Financial Services,USA,USD,freelancer,566.92,2022-08-02
Cold Stone Creamery,Food & Dining,USA,USD,freelancer,31.42,2022-08-02
Income,Income,USA,USD,freelancer,7552.02,2022-08-03
YouTube Store (ACH),Entertainment & Recreation,USA,USD,freelancer,41.83,2022-08-03
Adidas,Shopping & Retail,USA,USD,freelancer,163.81,2022-08-03
Income,Income,USA,USD,freelancer,5967.23,2022-08-04
Popeyes #7852,Food & Dining,USA,USD,freelancer,25.7,2022-08-04
Metro,Transportation,USA,USD,freelancer,63.9,2022-08-05
Panera Bread,Food & Dining,USA,USD,freelancer,5.19,2022-08-05
Pilates #8550 - USA Store Online,Entertainment & Recreation,USA,USD,freelancer,33.11,2022-08-06
Shake Shack #6713 (Card),Food & Dining,USA,USD,freelancer,42.33,2022-08-06
Train,Transportation,USA,USD,freelancer,58.64,2022-08-06
Pharmacy #4946 Store TXN421191,Healthcare & Medical,USA,USD,freelancer,489.21,2022-08-07
FedEx Office,Shopping & Retail,USA,USD,freelancer,299.85,2022-08-08
Panera Bread - USA,Food & Dining,USA,USD,freelancer,26.07,2022-08-08
Jack in the Box (Card),Food & Dining,USA,USD,freelancer,20.42,2022-08-09
Car2Go #2567,Transportation,USA,USD,freelancer,56.51,2022-08-09
Eye Care - USA TXN493342,Healthcare & Medical,USA,USD,freelancer,386.25,2022-08-10
Best Buy #1691,Shopping & Retail,USA,USD,freelancer,222.42,2022-08-12
Windstream #9399 Center,Utilities & Services,USA,USD,freelancer,262.7,2022-08-12
Urgent Care #8021,Healthcare & Medical,USA,USD,freelancer,413.55,2022-08-12
First National,Financial Services,USA,USD,freelancer,259.89,2022-08-14
Netflix Online Strip Mall,Entertainment & Recreation,USA,USD,freelancer,140.1,2022-08-15
Atlantic Broadband #2286 - USA Store - Morning,Utilities & Services,USA,USD,freelancer,104.52,2022-08-15
Doctors Without Borders #6481 Online TXN113807,Charity & Donations,USA,USD,freelancer,89.06,2022-08-15
WOW #3760,Utilities & Services,USA,USD,freelancer,107.88,2022-08-16
Spotify,Entertainment & Recreation,USA,USD,freelancer,9.49,2022-08-16
Optimum - USA,Utilities & Services,USA,USD,freelancer,257.32,2022-08-17
7-Eleven #6299 Branch,Transportation,USA,USD,freelancer,87.91,2022-08-17
Government Store Online,Government & Legal,USA,USD,freelancer,221.07,2022-08-17
Insurance #4887 Online,Financial Services,USA,USD,freelancer,137.92,2022-08-17
ATM,Financial Services,USA,USD,freelancer,599.63,2022-08-17
Retirement Planning #3359 - USA Center,Financial Services,USA,USD,freelancer,437.1,2022-08-18
Fundraising,Charity & Donations,USA,USD,freelancer,196.21,2022-08-18
Yoga Studio Online,Entertainment & Recreation,USA,USD,freelancer,135.26,2022-08-19
Cable One,Utilities & Services,USA,USD,freelancer,140.56,2022-08-19
BoltBus #3532 - USA,Transportation,USA,USD,freelancer,61.75,2022-08-20
Red Cross #5557 Store TXN558162,Charity & Donations,USA,USD,freelancer,7.87,2022-08-20
Checkers Branch (Wire),Food & Dining,USA,USD,freelancer,44.49,2022-08-20
ReachNow #1238 Store Strip Mall,Transportation,USA,USD,freelancer,14.12,2022-08-21
Adobe Creative Cloud,Shopping & Retail,USA,USD,freelancer,43.56,2022-08-22
Tennis Court (ACH),Entertainment & Recreation,USA,USD,freelancer,56.37,2022-08-23
Eye Care,Healthcare & Medical,USA,USD,freelancer,415.03,2022-08-24
Walk-in Clinic,Healthcare & Medical,USA,USD,freelancer,248.61,2022-08-25
Habitat for Humanity #3322 Online Center,Charity & Donations,USA,USD,freelancer,74.72,2022-08-25
Online Bank - USA Store (Wire),Financial Services,USA,USD,freelancer,619.0,2022-08-26
Museum - USA Online TXN508703,Entertainment & Recreation,USA,USD,freelancer,115.79,2022-08-26
Neiman Marcus - USA - Night,Shopping & Retail,USA,USD,freelancer,8.6,2022-08-26
Service,Government & Legal,USA,USD,freelancer,62.12,2022-08-27
Accounting,Financial Services,USA,USD,freelancer,133.41,2022-08-27
Viasat - Morning,Utilities & Services,USA,USD,freelancer,113.39,2022-08-27
Saks Off 5th TXN601238,Shopping & Retail,USA,USD,freelancer,72.2,2022-08-28
Capital One #4816 (Mobile),Financial Services,USA,USD,freelancer,170.46,2022-08-28
Dropbox,Utilities & Services,USA,USD,freelancer,11.78,2022-08-28
Checkers,Food & Dining,USA,USD,freelancer,38.43,2022-09-01
Immigration (Contactless),Government & Legal,USA,USD,freelancer,479.36,2022-09-01
Social Security - USA,Government & Legal,USA,USD,freelancer,196.03,2022-09-01
Income,Income,USA,USD,freelancer,5430.15,2022-09-02
Income,Income,USA,USD,freelancer,7835.86,2022-09-02
Neurologist #6169 Hospital,Healthcare & Medical,USA,USD,freelancer,113.69,2022-09-02
Goodwill #8411 Store,Charity & Donations,USA,USD,freelancer,123.93,2022-09-02
Windstream - Weekend,Utilities & Services,USA,USD,freelancer,239.03,2022-09-02
Popeyes #9644 - USA,Food & Dining,USA,USD,freelancer,45.1,2022-09-03
White House Branch,Government & Legal,USA,USD,freelancer,341.26,2022-09-03
MRI Store,Healthcare & Medical,USA,USD,freelancer,408.17,2022-09-03
Cinemark Online Center,Entertainment & Recreation,USA,USD,freelancer,63.5,2022-09-03
Frontier,Transportation,USA,USD,freelancer,20.25,2022-09-03
Zara #2457,Shopping & Retail,USA,USD,freelancer,264.36,2022-09-04
Temple #4431 TXN825937,Charity & Donations,USA,USD,freelancer,96.03,2022-09-04
Mr. Sub - USA Store (Contactless),Food & Dining,USA,USD,freelancer,8.34,2022-09-05
Social Security #4137,Government & Legal,USA,USD,freelancer,349.64,2022-09-05
PETA Store,Charity & Donations,USA,USD,freelancer,167.97,2022-09-06
Adobe Creative Cloud,Shopping & Retail,USA,USD,freelancer,38.67,2022-09-06
Arcade #7532,Entertainment & Recreation,USA,USD,freelancer,80.0,2022-09-07
National Parks Shopping Center,Charity & Donations,USA,USD,freelancer,134.12,2022-09-07
Surgery Online,Healthcare & Medical,USA,USD,freelancer,396.15,2022-09-08
Spotify,Entertainment & Recreation,USA,USD,freelancer,6.93,2022-09-08
Car2Go #3787 - USA Center,Transportation,USA,USD,freelancer,29.37,2022-09-09
Cleveland Clinic - Weekday,Healthcare & Medical,USA,USD,freelancer,483.21,2022-09-09
Baja Fresh #6933 (App),Food & Dining,USA,USD,freelancer,38.65,2022-09-10
DART Strip Mall,Transportation,USA,USD,freelancer,83.64,2022-09-10
Atlantic Broadband,Utilities & Services,USA,USD,freelancer,196.2,2022-09-12
Chevron,Transportation,USA,USD,freelancer,57.21,2022-09-12
PNC Bank Store - Weekend,Financial Services,USA,USD,freelancer,642.96,2022-09-12
Adidas Store,Shopping & Retail,USA,USD,freelancer,252.08,2022-09-12
Shake Shack,Food & Dining,USA,USD,freelancer,26.53,2022-09-13
Children's Hospital #6307 Campus,Healthcare & Medical,USA,USD,freelancer,341.84,2022-09-13
Pharmacy #4848 Center,Healthcare & Medical,USA,USD,freelancer,274.48,2022-09-13
Paramedic,Government & Legal,USA,USD,freelancer,332.53,2022-09-14
Cane's #9692 Store,Food & Dining,USA,USD,freelancer,34.68,2022-09-14
Zara,Shopping & Retail,USA,USD,freelancer,144.38,2022-09-14
Investment,Financial Services,USA,USD,freelancer,376.73,2022-09-15
Laser Tag #1131 Store,Entertainment & Recreation,USA,USD,freelancer,62.28,2022-09-15
Theme Park #4808 - USA,Entertainment & Recreation,USA,USD,freelancer,92.73,2022-09-16
Dropbox,Utilities & Services,USA,USD,freelancer,14.63,2022-09-16
Toll #2206 - Weekday,Transportation,USA,USD,freelancer,92.23,2022-09-17
Retirement Store - Weekend,Financial Services,USA,USD,freelancer,676.87,2022-09-17
Consolidated Communications #4071,Utilities & Services,USA,USD,freelancer,169.32,2022-09-18
Dollar Tree,Shopping & Retail,USA,USD,freelancer,253.34,2022-09-18
Bojangles Store Online,Food & Dining,USA,USD,freelancer,42.45,2022-09-18
Blimpie,Food & Dining,USA,USD,freelancer,12.19,2022-09-19
LA Fitness - USA,Entertainment & Recreation,USA,USD,freelancer,31.91,2022-09-19
eBay,Shopping & Retail,USA,USD,freelancer,170.67,2022-09-21
Registration #4157 TXN126722,Government & Legal,USA,USD,freelancer,302.22,2022-09-21
Nature Conservancy Store,Charity & Donations,USA,USD,freelancer,141.38,2022-09-21
PETA #3932 Store TXN231988,Charity & Donations,USA,USD,freelancer,42.68,2022-09-21
Johns Hopkins - USA,Healthcare & Medical,USA,USD,freelancer,76.92,2022-09-21
Kaiser Permanente,Healthcare & Medical,USA,USD,freelancer,426.2,2022-09-23
Temple TXN604697,Charity & Donations,USA,USD,freelancer,179.33,2022-09-23
Arby's - Dinner Time,Food & Dining,USA,USD,freelancer,26.36,2022-09-23
Dermatologist - USA,Healthcare & Medical,USA,USD,freelancer,33.63,2022-09-24
Saks Fifth Avenue #2732 Branch,Shopping & Retail,USA,USD,freelancer,133.6,2022-09-26
Walk-in Clinic TXN716804,Healthcare & Medical,USA,USD,freelancer,147.63,2022-09-26
Moe's Southwest Grill #3422 - USA (Contactless),Food & Dining,USA,USD,freelancer,44.48,2022-09-27
Senate #3256,Government & Legal,USA,USD,freelancer,138.62,2022-09-28
NSA Store Online,Government & Legal,USA,USD,freelancer,260.24,2022-10-01
Enterprise #1864 Online,Transportation,USA,USD,freelancer,59.01,2022-10-01
Passport - USA,Government & Legal,USA,USD,freelancer,229.18,2022-10-01
Spotify,Entertainment & Recreation,USA,USD,freelancer,5.13,2022-10-01
McDonald's,Food & Dining,USA,USD,freelancer,12.8,2022-10-02
Income,Income,USA,USD,freelancer,4309.51,2022-10-03
Alamo Strip Mall,Transportation,USA,USD,freelancer,79.78,2022-10-04
Convention Center,Entertainment & Recreation,USA,USD,freelancer,108.01,2022-10-04
Walmart Store Center,Shopping & Retail,USA,USD,freelancer,190.61,2022-10-04
Dropbox,Utilities & Services,USA,USD,freelancer,11.33,2022-10-04
Mount Sinai,Healthcare & Medical,USA,USD,freelancer,177.07,2022-10-05
Adobe Creative Cloud,Shopping & Retail,USA,USD,freelancer,48.94,2022-10-05
Visa #1400,Government & Legal,USA,USD,freelancer,138.9,2022-10-06
Walk-in Clinic - USA - Weekday,Healthcare & Medical,USA,USD,freelancer,253.12,2022-10-06
Allegiant #1939 Store,Transportation,USA,USD,freelancer,42.68,2022-10-06
WiFi Hotspot Store (Digital Wallet),Utilities & Services,USA,USD,freelancer,91.28,2022-10-07
Bank of America #5610,Financial Services,USA,USD,freelancer,322.17,2022-10-08
Donation - USA (ACH),Charity & Donations,USA,USD,freelancer,125.68,2022-10-09
Chiropractor Business District,Healthcare & Medical,USA,USD,freelancer,484.81,2022-10-10
Federal Building #5550 - USA Shopping Center,Government & Legal,USA,USD,freelancer,256.78,2022-10-10
Shell,Transportation,USA,USD,freelancer,78.16,2022-10-10
Salvation Army #6446 Mall,Charity & Donations,USA,USD,freelancer,34.72,2022-10-10
Highway Patrol Branch,Government & Legal,USA,USD,freelancer,445.36,2022-10-10
Rock Climbing #5630 Store Online Shopping Center,Entertainment & Recreation,USA,USD,freelancer,42.54,2022-10-11
Nordstrom Rack #1357,Shopping & Retail,USA,USD,freelancer,8.62,2022-10-11
Offering (Online),Charity & Donations,USA,USD,freelancer,196.95,2022-10-11
Walmart Pharmacy #4990 Store Airport,Healthcare & Medical,USA,USD,freelancer,427.35,2022-10-11
Netflix - USA,Entertainment & Recreation,USA,USD,freelancer,85.69,2022-10-11
Mobile Center (App),Utilities & Services,USA,USD,freelancer,204.38,2022-10-12
Museum #1717 - USA,Entertainment & Recreation,USA,USD,freelancer,114.61,2022-10-13
CVS #6423 - Morning,Shopping & Retail,USA,USD,freelancer,44.1,2022-10-13
Jersey Mike's #6769,Food & Dining,USA,USD,freelancer,14.95,2022-10-14
Jersey Mike's,Food & Dining,USA,USD,freelancer,33.9,2022-10-15
Potbelly #9251,Food & Dining,USA,USD,freelancer,36.18,2022-10-16
ATM #3182 TXN348009,Financial Services,USA,USD,freelancer,169.64,2022-10-16
Primary Care - USA,Healthcare & Medical,USA,USD,freelancer,483.13,2022-10-17
Online Bank Online - Weekday,Financial Services,USA,USD,freelancer,936.19,2022-10-17
Megabus #6214,Transportation,USA,USD,freelancer,3.4,2022-10-17
Potbelly #8698 Downtown,Food & Dining,USA,USD,freelancer,31.79,2022-10-17
Bowling Alley #4686,Entertainment & Recreation,USA,USD,freelancer,61.73,2022-10-17
Gold's Gym - USA,Entertainment & Recreation,USA,USD,freelancer,23.73,2022-10-18
Gold's Gym Store,Entertainment & Recreation,USA,USD,freelancer,20.19,2022-10-18
Mobile Hotspot,Utilities & Services,USA,USD,freelancer,61.51,2022-10-18
Hawaiian Airlines,Transportation,USA,USD,freelancer,75.04,2022-10-19
Whataburger #7962 Strip Mall,Food & Dining,USA,USD,freelancer,29.15,2022-10-19
Subway #8133 Online,Food & Dining,USA,USD,freelancer,8.67,2022-10-20
Cedars-Sinai Hospital,Healthcare & Medical,USA,USD,freelancer,242.77,2022-10-20
Whole Foods,Food & Dining,USA,USD,freelancer,25.25,2022-10-20
Baja Fresh #2479 Store (Wire),Food & Dining,USA,USD,freelancer,19.13,2022-10-20
Zipcar Store (Wire),Transportation,USA,USD,freelancer,43.72,2022-10-22
Greenpeace #7890 - Rush Hour,Charity & Donations,USA,USD,freelancer,77.91,2022-10-22
Tax Preparation - USA,Financial Services,USA,USD,freelancer,134.57,2022-10-23
Concert - Rush Hour,Entertainment & Recreation,USA,USD,freelancer,131.15,2022-10-23
Neurologist #5131 - Weekday,Healthcare & Medical,USA,USD,freelancer,277.93,2022-10-23
DirecTV Online,Utilities & Services,USA,USD,freelancer,170.96,2022-10-24
Chevron (Cash),Transportation,USA,USD,freelancer,98.27,2022-10-24
Zara - USA,Shopping & Retail,USA,USD,freelancer,211.32,2022-10-24
Capital One - USA Online,Financial Services,USA,USD,freelancer,234.41,2022-10-25
Walmart Pharmacy #4183 Online,Healthcare & Medical,USA,USD,freelancer,316.48,2022-10-25
Rite Aid #2577,Shopping & Retail,USA,USD,freelancer,161.35,2022-10-26
KeyBank,Financial Services,USA,USD,freelancer,524.0,2022-10-26
LA Fitness Store - Afternoon,Entertainment & Recreation,USA,USD,freelancer,29.15,2022-10-26
EMS,Government & Legal,USA,USD,freelancer,83.77,2022-10-26
Tax Preparation,Financial Services,USA,USD,freelancer,940.82,2022-10-27
United,Transportation,USA,USD,freelancer,37.18,2022-10-27
Bookkeeping Station,Financial Services,USA,USD,freelancer,289.51,2022-10-27
Water Company,Utilities & Services,USA,USD,freelancer,148.28,2022-10-28
NYU Langone #4034 - Weekday,Healthcare & Medical,USA,USD,freelancer,280.93,2022-10-28
Saks Fifth Avenue,Shopping & Retail,USA,USD,freelancer,8.66,2022-10-28
UPS Store - USA (Contactless),Shopping & Retail,USA,USD,freelancer,295.71,2022-11-01
Delta,Transportation,USA,USD,freelancer,39.49,2022-11-01
American Airlines #4220 Store TXN930235,Transportation,USA,USD,freelancer,42.7,2022-11-01
Mount Sinai,Healthcare & Medical,USA,USD,freelancer,378.25,2022-11-02
Pure Barre,Entertainment & Recreation,USA,USD,freelancer,115.86,2022-11-02
Wealth Management Store (Mobile),Financial Services,USA,USD,freelancer,368.71,2022-11-02
Adobe Creative Cloud,Shopping & Retail,USA,USD,freelancer,41.33,2022-11-03
NSA #3721,Government & Legal,USA,USD,freelancer,295.06,2022-11-04
Income,Income,USA,USD,freelancer,4121.66,2022-11-05
Cinemark,Entertainment & Recreation,USA,USD,freelancer,114.51,2022-11-05
Barneys New York Store TXN171921,Shopping & Retail,USA,USD,freelancer,23.75,2022-11-05
Dunkin' Donuts - USA (App),Food & Dining,USA,USD,freelancer,25.5,2022-11-05
Senior Center,Charity & Donations,USA,USD,freelancer,164.45,2022-11-05
In-N-Out #3145 - Weekday,Food & Dining,USA,USD,freelancer,7.14,2022-11-06
TD Bank,Financial Services,USA,USD,freelancer,181.58,2022-11-06
Bowling Alley #7344 (App),Entertainment & Recreation,USA,USD,freelancer,58.92,2022-11-07
DEA Branch TXN158685,Government & Legal,USA,USD,freelancer,266.26,2022-11-08
Insurance #2455,Financial Services,USA,USD,freelancer,924.33,2022-11-08
Fiber #3916,Utilities & Services,USA,USD,freelancer,94.69,2022-11-08
Phone Company #9092,Utilities & Services,USA,USD,freelancer,261.84,2022-11-09
Homeless Shelter,Charity & Donations,USA,USD,freelancer,51.44,2022-11-09
Spotify,Entertainment & Recreation,USA,USD,freelancer,9.99,2022-11-09
UPS Store - Holiday,Shopping & Retail,USA,USD,freelancer,166.02,2022-11-10
Retirement,Financial Services,USA,USD,freelancer,885.29,2022-11-10
LA Fitness,Entertainment & Recreation,USA,USD,freelancer,37.39,2022-11-10
Ambulance Strip Mall,Government & Legal,USA,USD,freelancer,461.33,2022-11-11
Blood Test - Holiday,Healthcare & Medical,USA,USD,freelancer,69.34,2022-11-12
Whataburger - Rush Hour,Food & Dining,USA,USD,freelancer,6.95,2022-11-14
Federal Building #5512,Government & Legal,USA,USD,freelancer,285.51,2022-11-16
Mobile Hotspot #9271 TXN510768,Utilities & Services,USA,USD,freelancer,166.38,2022-11-16
Ross,Shopping & Retail,USA,USD,freelancer,204.19,2022-11-17
Dropbox,Utilities & Services,USA,USD,freelancer,10.19,2022-11-17
BB&T,Financial Services,USA,USD,freelancer,687.87,2022-11-18
Megabus,Transportation,USA,USD,freelancer,80.08,2022-11-18
Amnesty International,Charity & Donations,USA,USD,freelancer,78.42,2022-11-18
Nordstrom,Shopping & Retail,USA,USD,freelancer,34.51,2022-11-20
Family Dollar - USA Online Hospital,Shopping & Retail,USA,USD,freelancer,145.08,2022-11-22
Accounting #1724 Center,Financial Services,USA,USD,freelancer,462.53,2022-11-22
Swimming Pool,Entertainment & Recreation,USA,USD,freelancer,115.62,2022-11-22
Spirit Branch,Transportation,USA,USD,freelancer,64.56,2022-11-24
Pediatrician - Rush Hour,Healthcare & Medical,USA,USD,freelancer,220.97,2022-11-25
Walmart - USA (Digital Wallet),Shopping & Retail,USA,USD,freelancer,208.26,2022-11-26
Pharmacy (Online),Healthcare & Medical,USA,USD,freelancer,133.78,2022-11-26
White House Store,Government & Legal,USA,USD,freelancer,482.26,2022-11-27
Chipotle Store Center,Food & Dining,USA,USD,freelancer,39.13,2022-11-27
EMS,Government & Legal,USA,USD,freelancer,317.0,2022-12-02
Mayo Clinic - USA,Healthcare & Medical,USA,USD,freelancer,348.47,2022-12-03
Local Food Bank #8224 Branch,Charity & Donations,USA,USD,freelancer,181.28,2022-12-03
Mini Golf Store,Entertainment & Recreation,USA,USD,freelancer,31.48,2022-12-03
Income,Income,USA,USD,freelancer,5798.92,2022-12-05
Five Guys Shopping Center,Food & Dining,USA,USD,freelancer,19.12,2022-12-05
Convention Center - USA Downtown,Entertainment & Recreation,USA,USD,freelancer,16.69,2022-12-05
Kaiser Permanente,Healthcare & Medical,USA,USD,freelancer,401.31,2022-12-05
24 Hour Fitness,Entertainment & Recreation,USA,USD,freelancer,27.9,2022-12-05
Digital Bank #4187 - Night,Financial Services,USA,USD,freelancer,245.99,2022-12-06
Frontier,Utilities & Services,USA,USD,freelancer,61.08,2022-12-06
Ulta,Shopping & Retail,USA,USD,freelancer,232.42,2022-12-06
AMC #7963 Mall,Entertainment & Recreation,USA,USD,freelancer,19.77,2022-12-07
White Castle - USA,Food & Dining,USA,USD,freelancer,38.41,2022-12-08
Checkers,Food & Dining,USA,USD,freelancer,45.61,2022-12-09
Temple #7415 Store Online,Charity & Donations,USA,USD,freelancer,198.51,2022-12-10
Habitat for Humanity,Charity & Donations,USA,USD,freelancer,109.7,2022-12-10
IRS - Morning,Government & Legal,USA,USD,freelancer,407.8,2022-12-10
Jack in the Box Store (Mobile),Food & Dining,USA,USD,freelancer,28.26,2022-12-11
Offering - USA Branch,Charity & Donations,USA,USD,freelancer,136.98,2022-12-12
IKEA,Shopping & Retail,USA,USD,freelancer,263.05,2022-12-12
Emergency Room Store,Healthcare & Medical,USA,USD,freelancer,291.37,2022-12-13
Checkers Branch,Food & Dining,USA,USD,freelancer,36.01,2022-12-13
Dropbox,Utilities & Services,USA,USD,freelancer,12.05,2022-12-13
Veterans Organization,Charity & Donations,USA,USD,freelancer,68.05,2022-12-14
Hawaiian Airlines Branch,Transportation,USA,USD,freelancer,23.18,2022-12-14
Neurologist Online - Morning,Healthcare & Medical,USA,USD,freelancer,440.73,2022-12-14
EMS Center,Government & Legal,USA,USD,freelancer,488.92,2022-12-15
Sephora Store,Shopping & Retail,USA,USD,freelancer,73.22,2022-12-16
Mayo Clinic Shopping Center,Healthcare & Medical,USA,USD,freelancer,262.53,2022-12-16
Oxfam,Charity & Donations,USA,USD,freelancer,52.72,2022-12-17
Panera Bread Branch,Food & Dining,USA,USD,freelancer,31.11,2022-12-17
Internet Provider #4978,Utilities & Services,USA,USD,freelancer,289.42,2022-12-17
Mosque #7446,Charity & Donations,USA,USD,freelancer,144.37,2022-12-17
Spotify,Entertainment & Recreation,USA,USD,freelancer,8.23,2022-12-17
Budget #9087,Transportation,USA,USD,freelancer,39.34,2022-12-18
National Parks - USA,Charity & Donations,USA,USD,freelancer,34.27,2022-12-18
Capitol (Wire),Government & Legal,USA,USD,freelancer,285.98,2022-12-18
Emergency Services #3160 Store Strip Mall,Government & Legal,USA,USD,freelancer,145.71,2022-12-19
DMV #7125 Online,Government & Legal,USA,USD,freelancer,231.12,2022-12-19
BMO Harris - Night,Financial Services,USA,USD,freelancer,895.96,2022-12-19
Checkers - Holiday,Food & Dining,USA,USD,freelancer,45.03,2022-12-19
Insurance #6869 Online,Financial Services,USA,USD,freelancer,146.1,2022-12-20
Toll - USA (App),Transportation,USA,USD,freelancer,47.08,2022-12-20
Cox Store,Utilities & Services,USA,USD,freelancer,288.34,2022-12-21
Bowling Alley #8418,Entertainment & Recreation,USA,USD,freelancer,14.82,2022-12-21
UCSF Medical - USA Residential,Healthcare & Medical,USA,USD,freelancer,92.98,2022-12-21
Getaround #2193 Mall,Transportation,USA,USD,freelancer,25.3,2022-12-21
Walmart Supercenter #8141,Food & Dining,USA,USD,freelancer,33.61,2022-12-21
Adobe Creative Cloud,Shopping & Retail,USA,USD,freelancer,34.26,2022-12-21
Gas Company #8369,Utilities & Services,USA,USD,freelancer,101.4,2022-12-23
Regions Bank Store,Financial Services,USA,USD,freelancer,373.57,2022-12-23
Escape Room,Entertainment & Recreation,USA,USD,freelancer,147.9,2022-12-23
Shake Shack Store,Food & Dining,USA,USD,freelancer,18.11,2022-12-23
Urgent Care Store,Healthcare & Medical,USA,USD,freelancer,356.66,2022-12-24
Community Center,Charity & Donations,USA,USD,freelancer,63.47,2022-12-24
AMC,Entertainment & Recreation,USA,USD,freelancer,136.75,2022-12-25
Wendy's Center,Food & Dining,USA,USD,freelancer,18.06,2022-12-25
Baja Fresh Branch Campus,Food & Dining,USA,USD,freelancer,19.37,2022-12-25
Tim Hortons - USA - Holiday,Food & Dining,USA,USD,freelancer,31.14,2022-12-25
Lowe's - USA,Shopping & Retail,USA,USD,freelancer,196.55,2022-12-25
Zoo TXN859036,Entertainment & Recreation,USA,USD,freelancer,17.92,2022-12-25
Turo,Transportation,USA,USD,freelancer,90.1,2022-12-26
Trampoline Park Online,Entertainment & Recreation,USA,USD,freelancer,79.16,2022-12-27
AT&T #2771,Utilities & Services,USA,USD,freelancer,198.5,2023-01-02
Uber - USA,Transportation,USA,USD,freelancer,56.24,2023-01-02
Delta (ACH),Transportation,USA,USD,freelancer,85.29,2023-01-02
ReachNow #7590 Store Branch - Morning,Transportation,USA,USD,freelancer,47.88,2023-01-03
Income,Income,USA,USD,freelancer,3584.75,2023-01-04
BB&T,Financial Services,USA,USD,freelancer,535.78,2023-01-04
Sparklight,Utilities & Services,USA,USD,freelancer,69.66,2023-01-04
Permit - USA,Government & Legal,USA,USD,freelancer,442.67,2023-01-05
Psychiatrist,Healthcare & Medical,USA,USD,freelancer,25.93,2023-01-05
Adobe Creative Cloud,Shopping & Retail,USA,USD,freelancer,45.75,2023-01-05
Five Guys #2953 TXN785645,Food & Dining,USA,USD,freelancer,44.79,2023-01-06
Turo,Transportation,USA,USD,freelancer,48.51,2023-01-06
eBay #5122 - USA Store,Shopping & Retail,USA,USD,freelancer,142.16,2023-01-06
Investment Bank - Evening,Financial Services,USA,USD,freelancer,761.57,2023-01-06
Rite Aid,Healthcare & Medical,USA,USD,freelancer,458.65,2023-01-07
WWF #3235 Store (Digital Wallet),Charity & Donations,USA,USD,freelancer,144.5,2023-01-09
Marshalls Branch,Shopping & Retail,USA,USD,freelancer,275.91,2023-01-09
BP TXN677194,Transportation,USA,USD,freelancer,9.41,2023-01-10
Neurologist - USA,Healthcare & Medical,USA,USD,freelancer,232.56,2023-01-10
Offering - USA - Holiday,Charity & Donations,USA,USD,freelancer,57.37,2023-01-10
Alamo Residential,Transportation,USA,USD,freelancer,12.83,2023-01-10
Greenpeace - USA Store Center,Charity & Donations,USA,USD,freelancer,109.16,2023-01-10
Amazon Prime Online,Entertainment & Recreation,USA,USD,freelancer,72.21,2023-01-12
Children's Hospital,Healthcare & Medical,USA,USD,freelancer,448.91,2023-01-13
Registration - USA Online,Government & Legal,USA,USD,freelancer,67.26,2023-01-13
Regions Bank - USA,Financial Services,USA,USD,freelancer,494.6,2023-01-13
Shell #8297 Store (App),Transportation,USA,USD,freelancer,92.57,2023-01-14
Viasat Online,Utilities & Services,USA,USD,freelancer,148.14,2023-01-15
Amazon Prime #1348 (Digital Wallet),Entertainment & Recreation,USA,USD,freelancer,80.28,2023-01-16
Dairy Queen #1522 Mall,Food & Dining,USA,USD,freelancer,41.51,2023-01-16
Belk,Shopping & Retail,USA,USD,freelancer,295.25,2023-01-16
Popeyes,Food & Dining,USA,USD,freelancer,48.65,2023-01-16
Spirit #5529 Store,Transportation,USA,USD,freelancer,97.74,2023-01-17
Google Fiber,Utilities & Services,USA,USD,freelancer,235.31,2023-01-18
NYU Langone,Healthcare & Medical,USA,USD,freelancer,95.92,2023-01-18
Dropbox,Utilities & Services,USA,USD,freelancer,10.84,2023-01-18
Zaxby's #3346,Food & Dining,USA,USD,freelancer,33.03,2023-01-19
Temple Online TXN328982,Charity & Donations,USA,USD,freelancer,163.86,2023-01-19
Moe's Southwest Grill #6477 (Wire),Food & Dining,USA,USD,freelancer,21.2,2023-01-19
Bank #3507 - Weekend,Financial Services,USA,USD,freelancer,245.7,2023-01-19
Avis - USA (Digital Wallet),Transportation,USA,USD,freelancer,29.9,2023-01-20
Walmart Pharmacy - USA (Card),Healthcare & Medical,USA,USD,freelancer,39.03,2023-01-20
Loan,Financial Services,USA,USD,freelancer,752.56,2023-01-20
CVS Branch,Healthcare & Medical,USA,USD,freelancer,361.73,2023-01-20
CIA #5519,Government & Legal,USA,USD,freelancer,435.93,2023-01-21
Speech Therapy - Morning,Healthcare & Medical,USA,USD,freelancer,205.06,2023-01-21
CIA - USA Store,Government & Legal,USA,USD,freelancer,189.39,2023-01-22
Saks Fifth Avenue,Shopping & Retail,USA,USD,freelancer,198.69,2023-01-22
Lab #7663,Healthcare & Medical,USA,USD,freelancer,100.05,2023-01-22
Emergency Room - Afternoon,Healthcare & Medical,USA,USD,freelancer,313.54,2023-01-22
DMV,Government & Legal,USA,USD,freelancer,386.43,2023-01-23
Verizon #8936 - USA Store,Utilities & Services,USA,USD,freelancer,59.97,2023-01-23
Salvation Army #2300,Charity & Donations,USA,USD,freelancer,64.41,2023-01-23
RCN - Evening,Utilities & Services,USA,USD,freelancer,99.86,2023-01-23
SEPTA Online,Transportation,USA,USD,freelancer,35.86,2023-01-23
Goodwill (Cash),Charity & Donations,USA,USD,freelancer,136.57,2023-01-23
Mortgage #2348 Store,Financial Services,USA,USD,freelancer,749.52,2023-01-24
Mosque #6876 - USA Store (Cash),Charity & Donations,USA,USD,freelancer,13.03,2023-01-25
State Police,Government & Legal,USA,USD,freelancer,373.98,2023-01-25
Spotify,Entertainment & Recreation,USA,USD,freelancer,5.84,2023-01-25
Google Fiber Branch TXN630115,Utilities & Services,USA,USD,freelancer,229.25,2023-01-27
NSA #9630 - USA - Holiday,Government & Legal,USA,USD,freelancer,127.82,2023-01-27
Burger King #1590 Online - Holiday,Food & Dining,USA,USD,freelancer,16.73,2023-01-27
WWF,Charity & Donations,USA,USD,freelancer,161.83,2023-01-28
Nordstrom Online,Shopping & Retail,USA,USD,freelancer,88.0,2023-02-01
Income,Income,USA,USD,freelancer,4306.48,2023-02-02
Religious Organization - USA Center,Charity & Donations,USA,USD,freelancer,122.57,2023-02-02
Police Department #8153 (ACH),Government & Legal,USA,USD,freelancer,389.09,2023-02-02
Zoo Store Center,Entertainment & Recreation,USA,USD,freelancer,20.52,2023-02-02
Charter #8072 Online,Utilities & Services,USA,USD,freelancer,146.76,2023-02-02
Panda Express Online - Lunch Time,Food & Dining,USA,USD,freelancer,6.35,2023-02-02
Dunkin' Donuts #2834 - USA Branch,Food & Dining,USA,USD,freelancer,17.64,2023-02-04
Spotify,Entertainment & Recreation,USA,USD,freelancer,7.77,2023-02-05
Adobe Creative Cloud,Shopping & Retail,USA,USD,freelancer,35.18,2023-02-06
Public WiFi Store Branch (Cash),Utilities & Services,USA,USD,freelancer,140.12,2023-02-07
SoulCycle - USA,Entertainment & Recreation,USA,USD,freelancer,109.29,2023-02-07
Religious Organization,Charity & Donations,USA,USD,freelancer,147.56,2023-02-09
Chiropractor - USA Branch TXN532449,Healthcare & Medical,USA,USD,freelancer,219.5,2023-02-09
Jersey Mike's,Food & Dining,USA,USD,freelancer,14.32,2023-02-09
GoFundMe,Charity & Donations,USA,USD,freelancer,199.06,2023-02-10
Chick-fil-A,Food & Dining,USA,USD,freelancer,23.78,2023-02-11
CrossFit Store,Entertainment & Recreation,USA,USD,freelancer,140.5,2023-02-12
MBTA - USA,Transportation,USA,USD,freelancer,2.81,2023-02-14
Thrifty Online,Transportation,USA,USD,freelancer,10.9,2023-02-14
Animal Shelter - USA Shopping Center,Charity & Donations,USA,USD,freelancer,22.65,2023-02-15
Jersey Mike's,Food & Dining,USA,USD,freelancer,36.36,2023-02-15
National #4379 - USA Downtown,Transportation,USA,USD,freelancer,69.73,2023-02-16
Cedars-Sinai - USA Online,Healthcare & Medical,USA,USD,freelancer,166.11,2023-02-16
Ulta #7808,Shopping & Retail,USA,USD,freelancer,21.73,2023-02-18
Starbucks #8150 Online,Food & Dining,USA,USD,freelancer,15.09,2023-02-19
Big Lots,Shopping & Retail,USA,USD,freelancer,284.24,2023-02-19
Planet Fitness #2417 Store Center Station,Entertainment & Recreation,USA,USD,freelancer,83.65,2023-02-20
Doctors Without Borders Online,Charity & Donations,USA,USD,freelancer,19.83,2023-02-20
Starbucks,Food & Dining,USA,USD,freelancer,14.86,2023-02-20
Dropbox,Utilities & Services,USA,USD,freelancer,10.2,2023-02-20
Marshals Store Branch Center Business District,Government & Legal,USA,USD,freelancer,457.68,2023-02-21
Zara (ACH),Shopping & Retail,USA,USD,freelancer,46.17,2023-02-22
Barneys New York #9305,Shopping & Retail,USA,USD,freelancer,20.88,2023-02-22
Charity - USA - Dinner Time,Charity & Donations,USA,USD,freelancer,136.06,2023-02-23
Wendy's - Rush Hour,Food & Dining,USA,USD,freelancer,22.1,2023-02-23
National - USA - Weekday,Transportation,USA,USD,freelancer,74.35,2023-02-23
Museum #1539 Center,Entertainment & Recreation,USA,USD,freelancer,10.54,2023-02-24
Temple Branch Center,Charity & Donations,USA,USD,freelancer,37.82,2023-02-25
Emergency Room #8980 - Holiday,Healthcare & Medical,USA,USD,freelancer,25.79,2023-02-25
Frontier,Transportation,USA,USD,freelancer,86.45,2023-02-26
Visa #3675 - USA (Digital Wallet),Government & Legal,USA,USD,freelancer,493.25,2023-02-27
Fiber #1975 - USA Business District,Utilities & Services,USA,USD,freelancer,109.07,2023-02-28
Cedars-Sinai,Healthcare & Medical,USA,USD,freelancer,310.56,2023-02-28
Regal #6997 - USA Branch - Night,Entertainment & Recreation,USA,USD,freelancer,142.69,2023-03-01
Bergdorf Goodman #1249 Online,Shopping & Retail,USA,USD,freelancer,262.28,2023-03-01
eBay,Shopping & Retail,USA,USD,freelancer,110.25,2023-03-02
Income,Income,USA,USD,freelancer,5188.96,2023-03-03
Chiropractor #4562 - USA TXN807607,Healthcare & Medical,USA,USD,freelancer,173.62,2023-03-03
Income,Income,USA,USD,freelancer,5515.59,2023-03-04
Credit Union Store Online - Holiday,Financial Services,USA,USD,freelancer,252.05,2023-03-04
Walgreens #9628 Center,Shopping & Retail,USA,USD,freelancer,70.36,2023-03-04
RCN Store Downtown,Utilities & Services,USA,USD,freelancer,139.8,2023-03-05
Salvation Army - USA - Afternoon,Charity & Donations,USA,USD,freelancer,78.47,2023-03-06
Audubon Society #8497 - Lunch Time,Charity & Donations,USA,USD,freelancer,143.52,2023-03-07
Trader Joe's,Food & Dining,USA,USD,freelancer,19.99,2023-03-08
PETA TXN488440,Charity & Donations,USA,USD,freelancer,50.23,2023-03-08
Arby's - USA (Cash),Food & Dining,USA,USD,freelancer,10.28,2023-03-08
Cox #3227 (Card),Utilities & Services,USA,USD,freelancer,245.69,2023-03-09
Financial Advisor #2047 - Evening,Financial Services,USA,USD,freelancer,176.87,2023-03-10
Walmart Supercenter - USA,Food & Dining,USA,USD,freelancer,42.96,2023-03-10
White Castle,Food & Dining,USA,USD,freelancer,28.53,2023-03-10
Spirit - USA TXN759043,Transportation,USA,USD,freelancer,82.63,2023-03-11
Animal Shelter #2950 Store Downtown,Charity & Donations,USA,USD,freelancer,28.78,2023-03-13
Accounting - USA Store,Financial Services,USA,USD,freelancer,128.51,2023-03-13
Zipcar #7619,Transportation,USA,USD,freelancer,42.99,2023-03-13
McDonald's #5076 (Contactless),Food & Dining,USA,USD,freelancer,18.4,2023-03-14
Saks Fifth Avenue - USA Store,Shopping & Retail,USA,USD,freelancer,196.06,2023-03-15
Saks Fifth Avenue,Shopping & Retail,USA,USD,freelancer,262.86,2023-03-15
Fair,Entertainment & Recreation,USA,USD,freelancer,25.0,2023-03-16
Kroger Pharmacy,Healthcare & Medical,USA,USD,freelancer,62.61,2023-03-16
Alamo TXN578508,Transportation,USA,USD,freelancer,29.9,2023-03-16
Dropbox,Utilities & Services,USA,USD,freelancer,11.44,2023-03-16
Cedars-Sinai,Healthcare & Medical,USA,USD,freelancer,263.02,2023-03-17
Dermatologist Store TXN700420,Healthcare & Medical,USA,USD,freelancer,33.42,2023-03-17
Huntington Bank #4641,Financial Services,USA,USD,freelancer,867.62,2023-03-17
Cleveland Clinic - USA,Healthcare & Medical,USA,USD,freelancer,82.56,2023-03-18
HSBC,Financial Services,USA,USD,freelancer,433.56,2023-03-18
License Business District,Government & Legal,USA,USD,freelancer,317.04,2023-03-18
Chase TXN899026,Financial Services,USA,USD,freelancer,176.31,2023-03-19
Best Buy,Shopping & Retail,USA,USD,freelancer,75.83,2023-03-20
Lyft,Transportation,USA,USD,freelancer,96.6,2023-03-20
Getaround #6706 Store Station,Transportation,USA,USD,freelancer,83.01,2023-03-20
Adobe Creative Cloud,Shopping & Retail,USA,USD,freelancer,21.6,2023-03-20
Spotify,Entertainment & Recreation,USA,USD,freelancer,8.44,2023-03-20
Cardiologist - USA Store,Healthcare & Medical,USA,USD,freelancer,319.91,2023-03-22
Capitol,Government & Legal,USA,USD,freelancer,189.53,2023-03-22
T-Mobile Store,Utilities & Services,USA,USD,freelancer,135.46,2023-03-22
White Castle Store Airport,Food & Dining,USA,USD,freelancer,19.62,2023-03-23
Dunkin' Donuts - Weekend,Food & Dining,USA,USD,freelancer,5.96,2023-03-24
Religious Organization #6841 - Night,Charity & Donations,USA,USD,freelancer,142.73,2023-03-25
Bowling Alley Store,Entertainment & Recreation,USA,USD,freelancer,132.72,2023-03-25
McDonald's #9137 Store TXN962634,Food & Dining,USA,USD,freelancer,41.36,2023-03-25
Physical Therapy #1539,Healthcare & Medical,USA,USD,freelancer,353.52,2023-03-25
Investment Bank #8872 Store (Bank Transfer),Financial Services,USA,USD,freelancer,286.39,2023-03-26
Insurance #4405 - USA TXN272782,Financial Services,USA,USD,freelancer,215.03,2023-03-26
UNICEF,Charity & Donations,USA,USD,freelancer,85.46,2023-03-27
BMO Harris #2387 Online,Financial Services,USA,USD,freelancer,221.49,2023-03-27
Burger King #1414,Food & Dining,USA,USD,freelancer,48.53,2023-03-27
Tim Hortons Airport,Food & Dining,USA,USD,freelancer,31.46,2023-03-28
Bookkeeping #9366 Online Branch,Financial Services,USA,USD,freelancer,100.9,2023-03-28
Dropbox,Utilities & Services,USA,USD,freelancer,12.39,2023-04-01
Income,Income,USA,USD,freelancer,3256.24,2023-04-02
Income,Income,USA,USD,freelancer,3549.19,2023-04-02
Sheriff - USA Store,Government & Legal,USA,USD,freelancer,298.8,2023-04-03
Festival #3069 TXN128871,Entertainment & Recreation,USA,USD,freelancer,90.39,2023-04-04
Alaska Airlines - USA,Transportation,USA,USD,freelancer,35.57,2023-04-05
Chipotle #1407,Food & Dining,USA,USD,freelancer,5.47,2023-04-05
BART,Transportation,USA,USD,freelancer,2.62,2023-04-06
Burger King #6423,Food & Dining,USA,USD,freelancer,24.34,2023-04-07
Office Depot - USA,Shopping & Retail,USA,USD,freelancer,75.48,2023-04-07
MARTA,Transportation,USA,USD,freelancer,56.85,2023-04-08
Kroger Pharmacy - Evening,Healthcare & Medical,USA,USD,freelancer,286.23,2023-04-09
Suddenlink Store Strip Mall,Utilities & Services,USA,USD,freelancer,273.34,2023-04-09
JetBlue - Afternoon,Transportation,USA,USD,freelancer,9.23,2023-04-10
Anytime Fitness Strip Mall,Entertainment & Recreation,USA,USD,freelancer,145.73,2023-04-11
Neiman Marcus,Shopping & Retail,USA,USD,freelancer,155.66,2023-04-11
Adobe Creative Cloud,Shopping & Retail,USA,USD,freelancer,45.19,2023-04-11
Bowling Alley #5341 Online (App),Entertainment & Recreation,USA,USD,freelancer,84.6,2023-04-14
Walmart Supercenter Online,Food & Dining,USA,USD,freelancer,15.35,2023-04-15
Ski Resort #8158 (ACH),Entertainment & Recreation,USA,USD,freelancer,41.52,2023-04-17
DSL #5444,Utilities & Services,USA,USD,freelancer,293.86,2023-04-17
Capital One,Financial Services,USA,USD,freelancer,359.02,2023-04-17
Burger King Store,Food & Dining,USA,USD,freelancer,30.09,2023-04-18
Mobile Station,Utilities & Services,USA,USD,freelancer,177.3,2023-04-18
Satellite Internet - USA Online,Utilities & Services,USA,USD,freelancer,66.81,2023-04-19
Tax - Evening,Government & Legal,USA,USD,freelancer,488.61,2023-04-19
Doctors Without Borders Store,Charity & Donations,USA,USD,freelancer,47.07,2023-04-19
Firehouse Subs - USA,Food & Dining,USA,USD,freelancer,40.7,2023-04-20
Equinox,Entertainment & Recreation,USA,USD,freelancer,42.46,2023-04-20
Synagogue Store,Charity & Donations,USA,USD,freelancer,193.0,2023-04-20
Notary Store,Government & Legal,USA,USD,freelancer,203.96,2023-04-20
Starlink - USA Branch,Utilities & Services,USA,USD,freelancer,151.49,2023-04-21
eBay - Night,Shopping & Retail,USA,USD,freelancer,173.26,2023-04-22
Orange Theory #9204 - USA - Evening,Entertainment & Recreation,USA,USD,freelancer,100.72,2023-04-22
FBI #4179 - Lunch Time,Government & Legal,USA,USD,freelancer,65.66,2023-04-23
Senate,Government & Legal,USA,USD,freelancer,330.75,2023-04-23
Permit,Government & Legal,USA,USD,freelancer,467.71,2023-04-23
US Bank - USA (Contactless),Financial Services,USA,USD,freelancer,365.22,2023-04-23
Lowe's #6707 - USA Online,Shopping & Retail,USA,USD,freelancer,10.67,2023-04-24
Hertz #3709 - USA,Transportation,USA,USD,freelancer,52.79,2023-04-25
CenturyLink Center (Cash),Utilities & Services,USA,USD,freelancer,137.56,2023-04-25
Orange Theory - USA,Entertainment & Recreation,USA,USD,freelancer,86.22,2023-04-25
Stanford Health - USA,Healthcare & Medical,USA,USD,freelancer,479.32,2023-04-26
Paramedic,Government & Legal,USA,USD,freelancer,274.78,2023-04-26
Spotify,Entertainment & Recreation,USA,USD,freelancer,8.62,2023-04-26
Yoga Studio #5217 - Night,Entertainment & Recreation,USA,USD,freelancer,56.25,2023-04-27
Post Office - USA Strip Mall,Government & Legal,USA,USD,freelancer,111.15,2023-04-28
In-N-Out #3559 - Weekend,Food & Dining,USA,USD,freelancer,32.83,2023-05-01
Religious Organization - Night,Charity & Donations,USA,USD,freelancer,40.05,2023-05-01
Cinema (ACH),Entertainment & Recreation,USA,USD,freelancer,73.24,2023-05-01
Uniqlo Online,Shopping & Retail,USA,USD,freelancer,26.19,2023-05-01
Income,Income,USA,USD,freelancer,6575.55,2023-05-03
UCLA Medical - USA Campus,Healthcare & Medical,USA,USD,freelancer,246.5,2023-05-03
Credit Union #8050,Financial Services,USA,USD,freelancer,175.22,2023-05-03
Cane's #5737,Food & Dining,USA,USD,freelancer,35.28,2023-05-03
Lab,Healthcare & Medical,USA,USD,freelancer,171.05,2023-05-05
Youth Organization - USA Online,Charity & Donations,USA,USD,freelancer,115.84,2023-05-05
Orthopedist,Healthcare & Medical,USA,USD,freelancer,481.47,2023-05-06
United,Transportation,USA,USD,freelancer,80.55,2023-05-06
Delta #1988 - USA Campus,Transportation,USA,USD,freelancer,87.32,2023-05-06
Dental Online (ACH),Healthcare & Medical,USA,USD,freelancer,492.83,2023-05-06
OfficeMax #6297,Shopping & Retail,USA,USD,freelancer,202.61,2023-05-07
Charity,Charity & Donations,USA,USD,freelancer,172.71,2023-05-07
Municipal Building - USA - Afternoon,Government & Legal,USA,USD,freelancer,375.16,2023-05-07
Ulta,Shopping & Retail,USA,USD,freelancer,201.97,2023-05-08
Dollar Tree - USA,Shopping & Retail,USA,USD,freelancer,295.51,2023-05-08
Charity,Charity & Donations,USA,USD,freelancer,131.5,2023-05-08
Doctors Without Borders Station,Charity & Donations,USA,USD,freelancer,48.36,2023-05-08
Doctors Without Borders #3619 - USA Store Station,Charity & Donations,USA,USD,freelancer,12.98,2023-05-09
WWF - Rush Hour,Charity & Donations,USA,USD,freelancer,159.45,2023-05-09
Walk-in Clinic,Healthcare & Medical,USA,USD,freelancer,419.11,2023-05-09
Sheriff (Mobile),Government & Legal,USA,USD,freelancer,277.11,2023-05-10
Capitol #8900,Government & Legal,USA,USD,freelancer,392.87,2023-05-10
MARTA,Transportation,USA,USD,freelancer,55.41,2023-05-10
Raising Cane's #6419 - USA - Morning,Food & Dining,USA,USD,freelancer,6.68,2023-05-10
CrossFit,Entertainment & Recreation,USA,USD,freelancer,56.6,2023-05-11
Regions Bank Branch,Financial Services,USA,USD,freelancer,775.78,2023-05-12
Xfinity Online,Utilities & Services,USA,USD,freelancer,96.5,2023-05-12
KeyBank,Financial Services,USA,USD,freelancer,542.77,2023-05-13
TJ Maxx,Shopping & Retail,USA,USD,freelancer,14.88,2023-05-13
Firehouse Subs #1104,Food & Dining,USA,USD,freelancer,5.95,2023-05-13
Jimmy John's #1073 Online Branch,Food & Dining,USA,USD,freelancer,14.84,2023-05-15
Cox Store TXN961843,Utilities & Services,USA,USD,freelancer,88.74,2023-05-15
Dollar,Transportation,USA,USD,freelancer,76.27,2023-05-15
GoFundMe Online,Charity & Donations,USA,USD,freelancer,172.3,2023-05-16
Dermatologist,Healthcare & Medical,USA,USD,freelancer,182.08,2023-05-16
Dropbox,Utilities & Services,USA,USD,freelancer,13.68,2023-05-16
Jimmy John's Store (ACH),Food & Dining,USA,USD,freelancer,17.91,2023-05-17
WMATA #5814 - USA TXN104834,Transportation,USA,USD,freelancer,40.08,2023-05-18
Swimming Pool Mall,Entertainment & Recreation,USA,USD,freelancer,52.66,2023-05-19
Windstream - USA,Utilities & Services,USA,USD,freelancer,131.94,2023-05-19
MBTA Branch (Bank Transfer),Transportation,USA,USD,freelancer,97.87,2023-05-20
AMC - USA,Entertainment & Recreation,USA,USD,freelancer,84.76,2023-05-20
Gas Company,Utilities & Services,USA,USD,freelancer,155.16,2023-05-21
Adobe Creative Cloud,Shopping & Retail,USA,USD,freelancer,31.22,2023-05-21
Ambulance #5285,Government & Legal,USA,USD,freelancer,391.73,2023-05-23
Spotify,Entertainment & Recreation,USA,USD,freelancer,9.05,2023-05-23
Phone Company,Utilities & Services,USA,USD,freelancer,256.47,2023-05-24
Local Food Bank Online,Charity & Donations,USA,USD,freelancer,105.36,2023-05-24
Suddenlink,Utilities & Services,USA,USD,freelancer,268.93,2023-05-25
Temple,Charity & Donations,USA,USD,freelancer,13.78,2023-05-25
Water Company,Utilities & Services,USA,USD,freelancer,85.57,2023-05-25
NGO #1509,Charity & Donations,USA,USD,freelancer,69.29,2023-05-25
Toll - USA (Mobile),Transportation,USA,USD,freelancer,76.98,2023-05-26
MBTA - USA,Transportation,USA,USD,freelancer,67.21,2023-05-28
Income,Income,USA,USD,freelancer,6518.11,2023-06-01
Sephora Store - Night,Shopping & Retail,USA,USD,freelancer,117.76,2023-06-01
Trampoline Park,Entertainment & Recreation,USA,USD,freelancer,92.05,2023-06-02
Paintball,Entertainment & Recreation,USA,USD,freelancer,99.82,2023-06-02
Belk - USA Branch (Digital Wallet),Shopping & Retail,USA,USD,freelancer,157.35,2023-06-02
ReachNow #9812 TXN986801,Transportation,USA,USD,freelancer,26.66,2023-06-06
Netflix #1357 - USA,Entertainment & Recreation,USA,USD,freelancer,79.69,2023-06-06
Greenpeace,Charity & Donations,USA,USD,freelancer,13.42,2023-06-06
Dropbox,Utilities & Services,USA,USD,freelancer,10.84,2023-06-06
MBTA #4017,Transportation,USA,USD,freelancer,86.57,2023-06-07
Donation,Charity & Donations,USA,USD,freelancer,37.19,2023-06-08
License TXN634684,Government & Legal,USA,USD,freelancer,340.6,2023-06-10
Occupational Therapy #5543,Healthcare & Medical,USA,USD,freelancer,55.01,2023-06-10
Kickstarter,Charity & Donations,USA,USD,freelancer,63.43,2023-06-10
HughesNet #3933,Utilities & Services,USA,USD,freelancer,291.49,2023-06-10
Von Maur - Evening,Shopping & Retail,USA,USD,freelancer,234.45,2023-06-12
Turo,Transportation,USA,USD,freelancer,16.15,2023-06-13
Uber #5916 (Mobile),Transportation,USA,USD,freelancer,19.22,2023-06-13
Bowling Alley,Entertainment & Recreation,USA,USD,freelancer,75.93,2023-06-14
Post Office Downtown,Government & Legal,USA,USD,freelancer,172.44,2023-06-14
US Bank #8670 TXN871052,Financial Services,USA,USD,freelancer,922.48,2023-06-14
McDonald's #6996,Food & Dining,USA,USD,freelancer,46.77,2023-06-15
Salvation Army #3941,Charity & Donations,USA,USD,freelancer,176.65,2023-06-15
Registration Store,Government & Legal,USA,USD,freelancer,334.21,2023-06-15
Viasat Store,Utilities & Services,USA,USD,freelancer,205.41,2023-06-15
WOW - USA,Utilities & Services,USA,USD,freelancer,280.34,2023-06-16
Immigration Store Online TXN916825,Government & Legal,USA,USD,freelancer,463.96,2023-06-16
eBay #4519 Branch Mall,Shopping & Retail,USA,USD,freelancer,145.84,2023-06-17
Greenpeace Store Online Airport,Charity & Donations,USA,USD,freelancer,182.9,2023-06-17
Gas Company #4806 Shopping Center,Utilities & Services,USA,USD,freelancer,61.0,2023-06-17
Specialist - USA Store,Healthcare & Medical,USA,USD,freelancer,338.17,2023-06-17
Mosque Online,Charity & Donations,USA,USD,freelancer,170.52,2023-06-17
YouTube,Entertainment & Recreation,USA,USD,freelancer,123.73,2023-06-18
Nordstrom Rack #8930,Shopping & Retail,USA,USD,freelancer,102.37,2023-06-18
Subway #8775,Food & Dining,USA,USD,freelancer,40.17,2023-06-19
Wealth Management #5585 - USA,Financial Services,USA,USD,freelancer,634.53,2023-06-20
Cold Stone Creamery Hospital,Food & Dining,USA,USD,freelancer,17.98,2023-06-21
Surgery #7297 Store,Healthcare & Medical,USA,USD,freelancer,479.02,2023-06-22
Temple #1285 Store,Charity & Donations,USA,USD,freelancer,5.99,2023-06-23
Police Department Store,Government & Legal,USA,USD,freelancer,143.54,2023-06-24
Gold's Gym,Entertainment & Recreation,USA,USD,freelancer,135.77,2023-06-24
Spotify,Entertainment & Recreation,USA,USD,freelancer,8.44,2023-06-24
Popeyes Center (Digital Wallet),Food & Dining,USA,USD,freelancer,6.62,2023-06-25
Neurologist (Card),Healthcare & Medical,USA,USD,freelancer,462.37,2023-06-25
Customs #6449,Government & Legal,USA,USD,freelancer,393.37,2023-06-26
City Hall - USA Branch,Government & Legal,USA,USD,freelancer,72.18,2023-06-27
Mutual Fund #2020 Online,Financial Services,USA,USD,freelancer,285.88,2023-06-27
Von Maur - Night,Shopping & Retail,USA,USD,freelancer,13.05,2023-06-28
Festival #9012 Store,Entertainment & Recreation,USA,USD,freelancer,124.61,2023-06-28
Adobe Creative Cloud,Shopping & Retail,USA,USD,freelancer,34.83,2023-06-28
Income,Income,USA,USD,freelancer,3678.27,2023-07-01
BoltBus,Transportation,USA,USD,freelancer,87.42,2023-07-01
Blood Test - Night,Healthcare & Medical,USA,USD,freelancer,127.43,2023-07-01
GoFundMe - Afternoon,Charity & Donations,USA,USD,freelancer,186.14,2023-07-01
eBay #9221 Store Online Center Downtown,Shopping & Retail,USA,USD,freelancer,236.72,2023-07-02
Five Guys #7461,Food & Dining,USA,USD,freelancer,29.65,2023-07-03
Investment - USA,Financial Services,USA,USD,freelancer,69.14,2023-07-03
County Clerk,Government & Legal,USA,USD,freelancer,84.18,2023-07-03
Income,Income,USA,USD,freelancer,5889.98,2023-07-04
County Clerk - USA Store,Government & Legal,USA,USD,freelancer,432.0,2023-07-04
Investment Bank Store Branch,Financial Services,USA,USD,freelancer,978.89,2023-07-04
Gynecologist,Healthcare & Medical,USA,USD,freelancer,468.37,2023-07-04
Mobile,Utilities & Services,USA,USD,freelancer,94.09,2023-07-05
Adidas #7061 - Weekday,Shopping & Retail,USA,USD,freelancer,53.28,2023-07-05
WOW #3281,Utilities & Services,USA,USD,freelancer,232.36,2023-07-06
T-Mobile Store,Utilities & Services,USA,USD,freelancer,171.38,2023-07-06
Passport Center,Government & Legal,USA,USD,freelancer,271.22,2023-07-06
Spotify,Entertainment & Recreation,USA,USD,freelancer,7.77,2023-07-06
NGO,Charity & Donations,USA,USD,freelancer,196.5,2023-07-07
Suddenlink,Utilities & Services,USA,USD,freelancer,275.7,2023-07-07
Service (ACH),Government & Legal,USA,USD,freelancer,443.91,2023-07-07
Oxfam - USA,Charity & Donations,USA,USD,freelancer,62.47,2023-07-09
WiFi Hotspot - USA Online,Utilities & Services,USA,USD,freelancer,105.84,2023-07-09
Mayo Clinic - USA,Healthcare & Medical,USA,USD,freelancer,466.12,2023-07-10
Car2Go #6636 (Mobile),Transportation,USA,USD,freelancer,60.45,2023-07-10
Nordstrom - Afternoon,Shopping & Retail,USA,USD,freelancer,94.85,2023-07-11
Mini Golf,Entertainment & Recreation,USA,USD,freelancer,142.26,2023-07-11
Starbucks Store Center,Food & Dining,USA,USD,freelancer,20.88,2023-07-11
Walmart - USA,Shopping & Retail,USA,USD,freelancer,72.39,2023-07-11
Apple Store (ACH),Shopping & Retail,USA,USD,freelancer,17.47,2023-07-11
Cable Internet #1583,Utilities & Services,USA,USD,freelancer,296.29,2023-07-12
24 Hour Fitness,Entertainment & Recreation,USA,USD,freelancer,74.42,2023-07-13
Community Bank,Financial Services,USA,USD,freelancer,215.34,2023-07-13
Donation,Charity & Donations,USA,USD,freelancer,144.1,2023-07-14
Mount Sinai #2062 - USA,Healthcare & Medical,USA,USD,freelancer,230.26,2023-07-14
Amazon,Shopping & Retail,USA,USD,freelancer,271.1,2023-07-14
Crunch Fitness - USA - Lunch Time,Entertainment & Recreation,USA,USD,freelancer,149.73,2023-07-14
NGO,Charity & Donations,USA,USD,freelancer,23.29,2023-07-15
Dental,Healthcare & Medical,USA,USD,freelancer,410.92,2023-07-15
Neurologist #7557,Healthcare & Medical,USA,USD,freelancer,449.7,2023-07-16
Ambulance #4097 - USA,Government & Legal,USA,USD,freelancer,125.29,2023-07-16
White Castle #4003 Store Online,Food & Dining,USA,USD,freelancer,10.16,2023-07-17
KFC #8199 - USA (Digital Wallet),Food & Dining,USA,USD,freelancer,25.31,2023-07-17
Children's Hospital,Healthcare & Medical,USA,USD,freelancer,464.91,2023-07-18
Adobe Creative Cloud,Shopping & Retail,USA,USD,freelancer,25.53,2023-07-18
Arby's #6077 Store,Food & Dining,USA,USD,freelancer,6.54,2023-07-19
ASPCA Store TXN597680,Charity & Donations,USA,USD,freelancer,38.94,2023-07-19
Laser Tag,Entertainment & Recreation,USA,USD,freelancer,110.32,2023-07-19
Chase Business District,Financial Services,USA,USD,freelancer,101.41,2023-07-20
Checkers #6015 - USA,Food & Dining,USA,USD,freelancer,19.63,2023-07-20
Ski Resort,Entertainment & Recreation,USA,USD,freelancer,8.48,2023-07-20
Rite Aid #4543 Online Center,Shopping & Retail,USA,USD,freelancer,31.93,2023-07-21
Cedars-Sinai #8621,Healthcare & Medical,USA,USD,freelancer,132.58,2023-07-21
Megabus Branch,Transportation,USA,USD,freelancer,96.14,2023-07-21
Sparklight,Utilities & Services,USA,USD,freelancer,254.32,2023-07-22
Windstream Strip Mall,Utilities & Services,USA,USD,freelancer,59.49,2023-07-23
Fifth Third,Financial Services,USA,USD,freelancer,318.03,2023-07-24
Mobile Hotspot Branch Center,Utilities & Services,USA,USD,freelancer,208.32,2023-07-24
Huntington Bank - USA,Financial Services,USA,USD,freelancer,936.6,2023-07-24
Immigration #4486,Government & Legal,USA,USD,freelancer,158.74,2023-07-25
Subway,Food & Dining,USA,USD,freelancer,8.58,2023-07-26
Rock Climbing #2281 (Online),Entertainment & Recreation,USA,USD,freelancer,71.68,2023-07-26
Concert - USA Store,Entertainment & Recreation,USA,USD,freelancer,8.83,2023-07-26
Salvation Army,Charity & Donations,USA,USD,freelancer,72.11,2023-07-26
Senior Center #1752 Branch,Charity & Donations,USA,USD,freelancer,24.49,2023-07-26
Police Department,Government & Legal,USA,USD,freelancer,476.05,2023-07-27
Dental - USA,Healthcare & Medical,USA,USD,freelancer,293.29,2023-07-27
CIA - USA TXN893035,Government & Legal,USA,USD,freelancer,265.14,2023-07-27
MARTA - USA,Transportation,USA,USD,freelancer,20.43,2023-07-27
Dropbox,Utilities & Services,USA,USD,freelancer,13.88,2023-07-27
Gold's Gym,Entertainment & Recreation,USA,USD,freelancer,30.16,2023-07-28
Regal,Entertainment & Recreation,USA,USD,freelancer,35.94,2023-07-28
Subway - USA,Food & Dining,USA,USD,freelancer,27.4,2023-08-01
Occupational Therapy (Digital Wallet),Healthcare & Medical,USA,USD,freelancer,34.55,2023-08-01
Income,Income,USA,USD,freelancer,7189.58,2023-08-02
Cable Internet - Lunch Time,Utilities & Services,USA,USD,freelancer,93.28,2023-08-02
M&T Bank - USA Online TXN904470,Financial Services,USA,USD,freelancer,516.36,2023-08-02
Congress,Government & Legal,USA,USD,freelancer,368.77,2023-08-03
Walgreens Branch,Healthcare & Medical,USA,USD,freelancer,418.23,2023-08-03
Popeyes TXN839810,Food & Dining,USA,USD,freelancer,49.49,2023-08-03
Dollar Tree,Shopping & Retail,USA,USD,freelancer,140.35,2023-08-03
UCLA Medical - Dinner Time,Healthcare & Medical,USA,USD,freelancer,279.68,2023-08-03
Income,Income,USA,USD,freelancer,4066.59,2023-08-04
Target - USA,Food & Dining,USA,USD,freelancer,9.35,2023-08-04
Sparklight Online,Utilities & Services,USA,USD,freelancer,193.22,2023-08-04
Hulu #2836 - Morning,Entertainment & Recreation,USA,USD,freelancer,148.52,2023-08-04
M&T Bank Store,Financial Services,USA,USD,freelancer,387.35,2023-08-04
GameStop TXN650102,Shopping & Retail,USA,USD,freelancer,156.87,2023-08-04
Bus,Transportation,USA,USD,freelancer,79.32,2023-08-05
Theme Park Campus,Entertainment & Recreation,USA,USD,freelancer,11.7,2023-08-06
Subway #3660,Food & Dining,USA,USD,freelancer,17.12,2023-08-06
CTA #2318 - Weekday,Transportation,USA,USD,freelancer,42.94,2023-08-06
Panda Express #3545 Online,Food & Dining,USA,USD,freelancer,21.15,2023-08-06
SPCA,Charity & Donations,USA,USD,freelancer,10.3,2023-08-06
Gym,Entertainment & Recreation,USA,USD,freelancer,63.88,2023-08-07
Barnes & Noble Station,Shopping & Retail,USA,USD,freelancer,123.9,2023-08-07
City Hall - USA,Government & Legal,USA,USD,freelancer,162.85,2023-08-07
Von Maur Store,Shopping & Retail,USA,USD,freelancer,205.6,2023-08-07
Avis Store Online,Transportation,USA,USD,freelancer,11.4,2023-08-07
UPS Store Store Station,Shopping & Retail,USA,USD,freelancer,120.78,2023-08-08
Trampoline Park #7665,Entertainment & Recreation,USA,USD,freelancer,15.64,2023-08-08
Noodles & Company #7636 - USA Store,Food & Dining,USA,USD,freelancer,36.78,2023-08-08
Wells Fargo - USA (Online),Financial Services,USA,USD,freelancer,894.24,2023-08-08
Amazon Prime,Entertainment & Recreation,USA,USD,freelancer,22.99,2023-08-09
Senate - Holiday,Government & Legal,USA,USD,freelancer,433.52,2023-08-09
Satellite Internet,Utilities & Services,USA,USD,freelancer,273.0,2023-08-09
Adobe Creative Cloud,Shopping & Retail,USA,USD,freelancer,33.47,2023-08-09
Regions Bank (Online),Financial Services,USA,USD,freelancer,673.01,2023-08-10
Checkers - USA Online - Lunch Time,Food & Dining,USA,USD,freelancer,26.22,2023-08-10
Hardee's - USA (Wire),Food & Dining,USA,USD,freelancer,44.44,2023-08-10
Baja Fresh #1519 - Afternoon,Food & Dining,USA,USD,freelancer,25.04,2023-08-11
CVS Online,Healthcare & Medical,USA,USD,freelancer,75.7,2023-08-11
BMO Harris Store,Financial Services,USA,USD,freelancer,80.29,2023-08-11
Mr. Sub Branch Shopping Center,Food & Dining,USA,USD,freelancer,43.44,2023-08-12
Eye Care Store,Healthcare & Medical,USA,USD,freelancer,390.86,2023-08-13
Turo #1838 - USA,Transportation,USA,USD,freelancer,96.11,2023-08-13
Kaiser Permanente,Healthcare & Medical,USA,USD,freelancer,205.84,2023-08-14
Sparklight #5004 Store,Utilities & Services,USA,USD,freelancer,208.17,2023-08-14
Johns Hopkins #3185 Store,Healthcare & Medical,USA,USD,freelancer,338.72,2023-08-15
Alamo,Transportation,USA,USD,freelancer,49.88,2023-08-15
Credit Union - USA,Financial Services,USA,USD,freelancer,732.88,2023-08-15
MTA Online,Transportation,USA,USD,freelancer,28.6,2023-08-17
Medicare - USA (Wire),Government & Legal,USA,USD,freelancer,247.63,2023-08-18
PNC Bank Online (App),Financial Services,USA,USD,freelancer,365.11,2023-08-18
Federal Building - USA - Evening,Government & Legal,USA,USD,freelancer,143.06,2023-08-19
Local Church - Dinner Time,Charity & Donations,USA,USD,freelancer,164.7,2023-08-19
Planet Fitness #4199 - USA,Entertainment & Recreation,USA,USD,freelancer,6.3,2023-08-20
WWF Store Branch,Charity & Donations,USA,USD,freelancer,105.26,2023-08-21
Raising Cane's #6900 TXN817253,Food & Dining,USA,USD,freelancer,28.11,2023-08-21
KeyBank - Night,Financial Services,USA,USD,freelancer,434.26,2023-08-21
Mount Sinai,Healthcare & Medical,USA,USD,freelancer,469.44,2023-08-22
Spotify,Entertainment & Recreation,USA,USD,freelancer,6.63,2023-08-22
Primary Care Online,Healthcare & Medical,USA,USD,freelancer,451.96,2023-08-23
Equinox #3353 Residential,Entertainment & Recreation,USA,USD,freelancer,72.89,2023-08-23
WWF TXN535905,Charity & Donations,USA,USD,freelancer,99.96,2023-08-25
Court Store (ACH),Government & Legal,USA,USD,freelancer,464.44,2023-08-25
Dropbox,Utilities & Services,USA,USD,freelancer,14.39,2023-08-25
Mini Golf - Night,Entertainment & Recreation,USA,USD,freelancer,36.53,2023-08-26
Water Park #4553,Entertainment & Recreation,USA,USD,freelancer,106.37,2023-08-26
Fire Department,Government & Legal,USA,USD,freelancer,301.61,2023-08-26
MRI,Healthcare & Medical,USA,USD,freelancer,202.1,2023-08-26
Barneys New York Center,Shopping & Retail,USA,USD,freelancer,22.39,2023-08-27
Audubon Society #7902 (Mobile),Charity & Donations,USA,USD,freelancer,45.94,2023-08-27
Capitol #3691 - Afternoon,Government & Legal,USA,USD,freelancer,455.09,2023-08-28
Lyft Store Online Center,Transportation,USA,USD,freelancer,64.47,2023-08-28
Xfinity - Afternoon,Utilities & Services,USA,USD,freelancer,106.07,2023-09-01
Saks Fifth Avenue,Shopping & Retail,USA,USD,freelancer,159.13,2023-09-02
Income,Income,USA,USD,freelancer,3918.0,2023-09-03
Animal Shelter - USA Hospital,Charity & Donations,USA,USD,freelancer,148.36,2023-09-03
GameStop #6468 Branch (Online),Shopping & Retail,USA,USD,freelancer,92.39,2023-09-03
Dropbox,Utilities & Services,USA,USD,freelancer,11.93,2023-09-03
State Police TXN578299,Government & Legal,USA,USD,freelancer,69.78,2023-09-04
Permit #7966,Government & Legal,USA,USD,freelancer,190.56,2023-09-05
Bookkeeping Store Online,Financial Services,USA,USD,freelancer,546.67,2023-09-05
Municipal Building #8289,Government & Legal,USA,USD,freelancer,406.8,2023-09-05
Habitat for Humanity,Charity & Donations,USA,USD,freelancer,93.79,2023-09-06
Bus - USA,Transportation,USA,USD,freelancer,98.34,2023-09-06
Ross #9457 Online - Rush Hour,Shopping & Retail,USA,USD,freelancer,40.51,2023-09-06
SPCA Online Branch,Charity & Donations,USA,USD,freelancer,30.03,2023-09-07
Starlink,Utilities & Services,USA,USD,freelancer,250.65,2023-09-08
BART - USA Center,Transportation,USA,USD,freelancer,80.48,2023-09-08
WiFi #9885 - USA,Utilities & Services,USA,USD,freelancer,212.63,2023-09-08
Digital Bank,Financial Services,USA,USD,freelancer,191.75,2023-09-08
MBTA (Digital Wallet),Transportation,USA,USD,freelancer,55.15,2023-09-08
Cable Internet - USA Store TXN229494,Utilities & Services,USA,USD,freelancer,182.87,2023-09-09
Capitol #6049 - Evening,Government & Legal,USA,USD,freelancer,284.17,2023-09-10
TD Bank #9854 Store,Financial Services,USA,USD,freelancer,384.48,2023-09-10
Church Online,Charity & Donations,USA,USD,freelancer,157.39,2023-09-10
United Center TXN835285,Transportation,USA,USD,freelancer,79.21,2023-09-10
ATM Store (Mobile),Financial Services,USA,USD,freelancer,192.3,2023-09-10
NYU Langone #6336 - USA (Cash),Healthcare & Medical,USA,USD,freelancer,149.59,2023-09-11
Arby's,Food & Dining,USA,USD,freelancer,31.99,2023-09-11
GoFundMe - USA Business District,Charity & Donations,USA,USD,freelancer,121.4,2023-09-13
Bank,Financial Services,USA,USD,freelancer,124.01,2023-09-13
Fire Department (Online),Government & Legal,USA,USD,freelancer,279.31,2023-09-13
Alamo #2205 Store Strip Mall,Transportation,USA,USD,freelancer,49.27,2023-09-14
Fundraising #2971,Charity & Donations,USA,USD,freelancer,128.16,2023-09-14
Spotify - USA Store,Entertainment & Recreation,USA,USD,freelancer,76.33,2023-09-17
Internet Provider Store,Utilities & Services,USA,USD,freelancer,95.08,2023-09-18
Carl's Jr,Food & Dining,USA,USD,freelancer,24.97,2023-09-18
Frontier,Transportation,USA,USD,freelancer,72.2,2023-09-18
Bergdorf Goodman Online,Shopping & Retail,USA,USD,freelancer,14.93,2023-09-18
Senior Center Online Center,Charity & Donations,USA,USD,freelancer,53.75,2023-09-19
Bank,Financial Services,USA,USD,freelancer,93.32,2023-09-19
Temple TXN237467,Charity & Donations,USA,USD,freelancer,24.64,2023-09-21
Golf Course,Entertainment & Recreation,USA,USD,freelancer,8.54,2023-09-21
Wells Fargo,Financial Services,USA,USD,freelancer,981.25,2023-09-22
Adobe Creative Cloud,Shopping & Retail,USA,USD,freelancer,36.94,2023-09-22
Charity,Charity & Donations,USA,USD,freelancer,48.36,2023-09-23
CVS Online,Shopping & Retail,USA,USD,freelancer,113.62,2023-09-23
CIA,Government & Legal,USA,USD,freelancer,386.52,2023-09-24
Retirement Planning #5525 Center (Card),Financial Services,USA,USD,freelancer,479.75,2023-09-25
Federal Building #2432,Government & Legal,USA,USD,freelancer,53.54,2023-09-25
Uniqlo Online Branch,Shopping & Retail,USA,USD,freelancer,56.42,2023-09-25
Greenpeace - Dinner Time,Charity & Donations,USA,USD,freelancer,190.56,2023-09-26
Municipal Building - Morning,Government & Legal,USA,USD,freelancer,147.56,2023-09-26
Charter - USA,Utilities & Services,USA,USD,freelancer,90.61,2023-09-26
Spotify,Entertainment & Recreation,USA,USD,freelancer,5.45,2023-09-26
Doctors Without Borders Online,Charity & Donations,USA,USD,freelancer,151.04,2023-09-27
Crunch Fitness Online,Entertainment & Recreation,USA,USD,freelancer,96.81,2023-09-27
Bowling Alley #8625 Online - Rush Hour,Entertainment & Recreation,USA,USD,freelancer,114.51,2023-09-28
Netflix #2040 Store TXN190971,Entertainment & Recreation,USA,USD,freelancer,99.09,2023-09-28
Income,Income,USA,USD,freelancer,3349.52,2023-10-01
BMO Harris Mall,Financial Services,USA,USD,freelancer,243.03,2023-10-01
Adobe Creative Cloud,Shopping & Retail,USA,USD,freelancer,22.96,2023-10-01
Delta - USA Online,Transportation,USA,USD,freelancer,50.27,2023-10-03
Mount Sinai Center,Healthcare & Medical,USA,USD,freelancer,88.4,2023-10-04
Cox #4759 - USA Business District,Utilities & Services,USA,USD,freelancer,201.18,2023-10-04
Income,Income,USA,USD,freelancer,4327.15,2023-10-05
Red Cross #8938 Store,Charity & Donations,USA,USD,freelancer,65.42,2023-10-06
SPCA #9653 Store,Charity & Donations,USA,USD,freelancer,58.8,2023-10-06
DSL,Utilities & Services,USA,USD,freelancer,160.92,2023-10-06
DSL - USA,Utilities & Services,USA,USD,freelancer,200.54,2023-10-06
Nature Conservancy #1229,Charity & Donations,USA,USD,freelancer,156.81,2023-10-06
IKEA - USA Store,Shopping & Retail,USA,USD,freelancer,247.99,2023-10-07
Senate #6380 TXN366835,Government & Legal,USA,USD,freelancer,129.13,2023-10-07
Senate Hospital,Government & Legal,USA,USD,freelancer,76.56,2023-10-07
United Way #3047,Charity & Donations,USA,USD,freelancer,147.51,2023-10-08
Barneys New York,Shopping & Retail,USA,USD,freelancer,115.81,2023-10-08
Bloomingdale's - USA,Shopping & Retail,USA,USD,freelancer,137.15,2023-10-08
Dollar #4229 - USA Branch,Transportation,USA,USD,freelancer,27.67,2023-10-09
Kroger Pharmacy,Healthcare & Medical,USA,USD,freelancer,190.85,2023-10-09
Broadband #6319,Utilities & Services,USA,USD,freelancer,143.07,2023-10-09
HSBC,Financial Services,USA,USD,freelancer,256.86,2023-10-09
BoltBus - USA Shopping Center,Transportation,USA,USD,freelancer,15.67,2023-10-09
Dollar General,Shopping & Retail,USA,USD,freelancer,9.78,2023-10-09
Zipcar #5304 Online,Transportation,USA,USD,freelancer,71.25,2023-10-10
National Parks - USA,Charity & Donations,USA,USD,freelancer,61.19,2023-10-10
Investment Bank,Financial Services,USA,USD,freelancer,256.86,2023-10-10
Bowling Alley,Entertainment & Recreation,USA,USD,freelancer,54.91,2023-10-12
Golf Course #4085 - USA - Lunch Time,Entertainment & Recreation,USA,USD,freelancer,147.36,2023-10-12
MRI - USA,Healthcare & Medical,USA,USD,freelancer,80.85,2023-10-13
Fifth Third #1325 (Digital Wallet),Financial Services,USA,USD,freelancer,865.71,2023-10-15
Rite Aid #2232 Online,Shopping & Retail,USA,USD,freelancer,180.13,2023-10-16
Viasat #3197 Airport,Utilities & Services,USA,USD,freelancer,251.93,2023-10-16
Local Church #3924,Charity & Donations,USA,USD,freelancer,193.36,2023-10-17
Internet Provider,Utilities & Services,USA,USD,freelancer,297.88,2023-10-17
Kroger Pharmacy - USA,Healthcare & Medical,USA,USD,freelancer,53.54,2023-10-18
ReachNow - USA,Transportation,USA,USD,freelancer,12.97,2023-10-18
Mini Golf - USA Store,Entertainment & Recreation,USA,USD,freelancer,93.31,2023-10-18
Uniqlo,Shopping & Retail,USA,USD,freelancer,116.19,2023-10-19
Border Patrol #9139 Center,Government & Legal,USA,USD,freelancer,193.98,2023-10-19
Water Company,Utilities & Services,USA,USD,freelancer,202.38,2023-10-19
MARTA TXN808915,Transportation,USA,USD,freelancer,39.55,2023-10-20
Panera Bread,Food & Dining,USA,USD,freelancer,26.63,2023-10-20
Physical Therapy,Healthcare & Medical,USA,USD,freelancer,275.58,2023-10-20
Parking,Transportation,USA,USD,freelancer,70.79,2023-10-22
DEA Store (Cash),Government & Legal,USA,USD,freelancer,465.72,2023-10-22
Mobile - USA Airport,Utilities & Services,USA,USD,freelancer,80.52,2023-10-22
Stock #6450 (Card),Financial Services,USA,USD,freelancer,443.74,2023-10-22
Panera Bread #8304 Branch,Food & Dining,USA,USD,freelancer,8.63,2023-10-22
Medicare,Government & Legal,USA,USD,freelancer,476.54,2023-10-23
Spotify,Entertainment & Recreation,USA,USD,freelancer,9.56,2023-10-23
Registration #6571 - Lunch Time,Government & Legal,USA,USD,freelancer,269.06,2023-10-24
Internet Provider Branch - Evening,Utilities & Services,USA,USD,freelancer,256.42,2023-10-24
Homeless Shelter - USA,Charity & Donations,USA,USD,freelancer,11.71,2023-10-24
Wealth Management Store - Weekday,Financial Services,USA,USD,freelancer,382.67,2023-10-25
Apple Store Center (ACH),Shopping & Retail,USA,USD,freelancer,191.15,2023-10-25
OfficeMax - USA Branch TXN823690,Shopping & Retail,USA,USD,freelancer,187.44,2023-10-25
Budget #4087,Transportation,USA,USD,freelancer,42.37,2023-10-25
DART,Transportation,USA,USD,freelancer,90.3,2023-10-26
Cinema Airport,Entertainment & Recreation,USA,USD,freelancer,16.56,2023-10-26
SoulCycle - USA Residential,Entertainment & Recreation,USA,USD,freelancer,88.13,2023-10-27
Dropbox,Utilities & Services,USA,USD,freelancer,13.71,2023-10-27
Spirit,Transportation,USA,USD,freelancer,6.97,2023-10-28
Shake Shack - USA,Food & Dining,USA,USD,freelancer,15.06,2023-10-28
Income,Income,USA,USD,freelancer,5716.66,2023-11-01
Dairy Queen Store TXN614212,Food & Dining,USA,USD,freelancer,23.86,2023-11-02
Dropbox,Utilities & Services,USA,USD,freelancer,10.04,2023-11-02
Income,Income,USA,USD,freelancer,3448.33,2023-11-03
Panda Express,Food & Dining,USA,USD,freelancer,35.03,2023-11-03
Adobe Creative Cloud,Shopping & Retail,USA,USD,freelancer,26.79,2023-11-03
Walmart Pharmacy,Healthcare & Medical,USA,USD,freelancer,67.85,2023-11-04
Mini Golf,Entertainment & Recreation,USA,USD,freelancer,135.03,2023-11-04
Theater #8291 TXN777757,Entertainment & Recreation,USA,USD,freelancer,115.45,2023-11-04
Checkers #5429,Food & Dining,USA,USD,freelancer,13.25,2023-11-04
Burlington - USA Branch,Shopping & Retail,USA,USD,freelancer,85.23,2023-11-06
Bookkeeping - USA - Holiday,Financial Services,USA,USD,freelancer,947.25,2023-11-07
Gold's Gym Store,Entertainment & Recreation,USA,USD,freelancer,92.18,2023-11-07
Anytime Fitness #9362 Online - Weekend,Entertainment & Recreation,USA,USD,freelancer,26.97,2023-11-07
Citibank Center TXN120788,Financial Services,USA,USD,freelancer,920.66,2023-11-07
Satellite Internet TXN840004,Utilities & Services,USA,USD,freelancer,132.86,2023-11-08
ASPCA Online,Charity & Donations,USA,USD,freelancer,170.41,2023-11-08
Zara,Shopping & Retail,USA,USD,freelancer,127.19,2023-11-08
Mobile Hotspot #2193 (Digital Wallet),Utilities & Services,USA,USD,freelancer,213.8,2023-11-09
Specialist - USA Airport,Healthcare & Medical,USA,USD,freelancer,234.11,2023-11-10
Johns Hopkins #7629 Airport,Healthcare & Medical,USA,USD,freelancer,463.08,2023-11-10
Macy's - USA,Shopping & Retail,USA,USD,freelancer,195.17,2023-11-11
Lowe's Online,Shopping & Retail,USA,USD,freelancer,257.43,2023-11-12
Mini Golf - Rush Hour,Entertainment & Recreation,USA,USD,freelancer,94.87,2023-11-14
DSL #6989,Utilities & Services,USA,USD,freelancer,142.2,2023-11-14
Fifth Third,Financial Services,USA,USD,freelancer,318.0,2023-11-14
MRI - Morning,Healthcare & Medical,USA,USD,freelancer,358.87,2023-11-15
Walk-in Clinic #9140 Strip Mall,Healthcare & Medical,USA,USD,freelancer,174.22,2023-11-15
Saks Off 5th #9369,Shopping & Retail,USA,USD,freelancer,161.26,2023-11-15
Dollar General Branch TXN145110,Shopping & Retail,USA,USD,freelancer,281.57,2023-11-15
Gas Company (Bank Transfer),Utilities & Services,USA,USD,freelancer,260.68,2023-11-15
Ross Online,Shopping & Retail,USA,USD,freelancer,68.59,2023-11-16
KFC,Food & Dining,USA,USD,freelancer,17.45,2023-11-16
FBI - USA Store,Government & Legal,USA,USD,freelancer,170.04,2023-11-16
Dental,Healthcare & Medical,USA,USD,freelancer,120.57,2023-11-16
Spotify,Entertainment & Recreation,USA,USD,freelancer,8.16,2023-11-16
Von Maur TXN290810,Shopping & Retail,USA,USD,freelancer,23.57,2023-11-18
SoulCycle (App),Entertainment & Recreation,USA,USD,freelancer,48.08,2023-11-18
In-N-Out Branch (Contactless),Food & Dining,USA,USD,freelancer,31.99,2023-11-19
Safeway Shopping Center,Food & Dining,USA,USD,freelancer,23.84,2023-11-19
NYU Langone,Healthcare & Medical,USA,USD,freelancer,491.26,2023-11-19
Museum,Entertainment & Recreation,USA,USD,freelancer,122.46,2023-11-20
Safeway #6232,Food & Dining,USA,USD,freelancer,34.78,2023-11-22
Mediacom #9469 (Card),Utilities & Services,USA,USD,freelancer,75.28,2023-11-23
World Vision,Charity & Donations,USA,USD,freelancer,175.42,2023-11-24
Zaxby's Center (Cash),Food & Dining,USA,USD,freelancer,26.79,2023-11-25
Water Company #9551 - USA (Contactless),Utilities & Services,USA,USD,freelancer,52.99,2023-11-25
Local Church - USA,Charity & Donations,USA,USD,freelancer,168.1,2023-11-27
Golf Course,Entertainment & Recreation,USA,USD,freelancer,23.14,2023-11-27
BART,Transportation,USA,USD,freelancer,82.76,2023-12-01
WiFi - USA (Wire),Utilities & Services,USA,USD,freelancer,149.52,2023-12-02
Blimpie (Cash),Food & Dining,USA,USD,freelancer,30.82,2023-12-02
Police Department,Government & Legal,USA,USD,freelancer,346.07,2023-12-03
Temple Store Online,Charity & Donations,USA,USD,freelancer,194.92,2023-12-03
Paramedic - USA,Government & Legal,USA,USD,freelancer,499.79,2023-12-03
Paramedic Hospital,Government & Legal,USA,USD,freelancer,76.62,2023-12-04
Subway #8185,Food & Dining,USA,USD,freelancer,38.59,2023-12-04
Retirement Planning,Financial Services,USA,USD,freelancer,626.22,2023-12-04
Amazon Prime - USA Branch,Entertainment & Recreation,USA,USD,freelancer,84.31,2023-12-04
Income,Income,USA,USD,freelancer,7137.83,2023-12-05
Sprint - Evening,Utilities & Services,USA,USD,freelancer,299.96,2023-12-05
Neurologist TXN249529,Healthcare & Medical,USA,USD,freelancer,454.28,2023-12-05
Pilates,Entertainment & Recreation,USA,USD,freelancer,92.04,2023-12-06
Habitat for Humanity Downtown,Charity & Donations,USA,USD,freelancer,179.86,2023-12-06
First National - USA (Online),Financial Services,USA,USD,freelancer,732.5,2023-12-06
M&T Bank #8689 - USA,Financial Services,USA,USD,freelancer,117.86,2023-12-06
Avis #9546,Transportation,USA,USD,freelancer,18.99,2023-12-06
Optimum #7153 - USA,Utilities & Services,USA,USD,freelancer,166.47,2023-12-07
Children's Hospital - Weekend,Healthcare & Medical,USA,USD,freelancer,496.97,2023-12-07
MBTA,Transportation,USA,USD,freelancer,16.76,2023-12-07
City Hall - USA,Government & Legal,USA,USD,freelancer,223.09,2023-12-08
Swimming Pool #3728 - USA - Holiday,Entertainment & Recreation,USA,USD,freelancer,63.71,2023-12-08
Marshalls Residential,Shopping & Retail,USA,USD,freelancer,141.88,2023-12-08
Humane Society - USA Store,Charity & Donations,USA,USD,freelancer,185.14,2023-12-09
CenturyLink - USA Store Online (Bank Transfer),Utilities & Services,USA,USD,freelancer,275.41,2023-12-09
Staples - USA,Shopping & Retail,USA,USD,freelancer,52.49,2023-12-10
Senate #3326,Government & Legal,USA,USD,freelancer,111.45,2023-12-10
Arcade Store Center (Wire),Entertainment & Recreation,USA,USD,freelancer,119.12,2023-12-10
Salvation Army #1039,Charity & Donations,USA,USD,freelancer,96.9,2023-12-11
AT&T #7092 Residential,Utilities & Services,USA,USD,freelancer,175.88,2023-12-11
Medicaid,Government & Legal,USA,USD,freelancer,467.77,2023-12-11
SEPTA,Transportation,USA,USD,freelancer,15.87,2023-12-13
TSA,Government & Legal,USA,USD,freelancer,298.66,2023-12-13
Ambulance Shopping Center,Government & Legal,USA,USD,freelancer,467.86,2023-12-13
BoltBus Online - Lunch Time,Transportation,USA,USD,freelancer,82.81,2023-12-14
Taxi Campus,Transportation,USA,USD,freelancer,22.81,2023-12-14
Mosque - USA,Charity & Donations,USA,USD,freelancer,174.3,2023-12-15
Swimming Pool,Entertainment & Recreation,USA,USD,freelancer,40.51,2023-12-15
Speech Therapy Branch TXN799179,Healthcare & Medical,USA,USD,freelancer,29.23,2023-12-15
Mr. Sub Shopping Center,Food & Dining,USA,USD,freelancer,31.74,2023-12-15
Retirement Planning - Evening,Financial Services,USA,USD,freelancer,599.84,2023-12-16
Senior Center,Charity & Donations,USA,USD,freelancer,179.53,2023-12-16
Marshalls #2384,Shopping & Retail,USA,USD,freelancer,172.83,2023-12-16
Belk - USA,Shopping & Retail,USA,USD,freelancer,216.52,2023-12-16
Dillard's Residential,Shopping & Retail,USA,USD,freelancer,278.88,2023-12-16
Consolidated Communications,Utilities & Services,USA,USD,freelancer,202.23,2023-12-16
Sixt - Morning,Transportation,USA,USD,freelancer,30.98,2023-12-16
Cable One #5239 - Dinner Time,Utilities & Services,USA,USD,freelancer,127.01,2023-12-17
Kroger Pharmacy - USA Store,Healthcare & Medical,USA,USD,freelancer,97.73,2023-12-17
Quiznos,Food & Dining,USA,USD,freelancer,25.62,2023-12-17
Target Online,Food & Dining,USA,USD,freelancer,35.48,2023-12-18
Public WiFi Downtown,Utilities & Services,USA,USD,freelancer,261.54,2023-12-18
Spotify,Entertainment & Recreation,USA,USD,freelancer,9.69,2023-12-18
Lyft #2963 TXN277760,Transportation,USA,USD,freelancer,45.6,2023-12-19
Adobe Creative Cloud,Shopping & Retail,USA,USD,freelancer,39.56,2023-12-19
Suddenlink #9740 Store Center Campus,Utilities & Services,USA,USD,freelancer,265.47,2023-12-20
Southwest Airlines,Transportation,USA,USD,freelancer,21.26,2023-12-20
Dental,Healthcare & Medical,USA,USD,freelancer,131.97,2023-12-20
Online Bank (Online),Financial Services,USA,USD,freelancer,390.45,2023-12-21
Starbucks - Evening,Food & Dining,USA,USD,freelancer,13.62,2023-12-21
Business WiFi Online - Rush Hour,Utilities & Services,USA,USD,freelancer,141.88,2023-12-22
Lowe's #7669 Online Center,Shopping & Retail,USA,USD,freelancer,132.11,2023-12-23
Charity - USA Online TXN691146,Charity & Donations,USA,USD,freelancer,41.29,2023-12-23
Chipotle Online,Food & Dining,USA,USD,freelancer,43.29,2023-12-23
Verizon - USA Store Online Residential,Utilities & Services,USA,USD,freelancer,152.47,2023-12-23
Local Church - USA Online TXN442955,Charity & Donations,USA,USD,freelancer,92.46,2023-12-24
Notary #7431 Online,Government & Legal,USA,USD,freelancer,239.49,2023-12-25
Post Office #6838,Government & Legal,USA,USD,freelancer,387.55,2023-12-25
Consolidated Communications #6264 - USA,Utilities & Services,USA,USD,freelancer,85.11,2023-12-25
Dropbox,Utilities & Services,USA,USD,freelancer,11.37,2023-12-25
Qdoba Store,Food & Dining,USA,USD,freelancer,29.2,2023-12-26
Optimum Online,Utilities & Services,USA,USD,freelancer,213.64,2023-12-27
Panera Bread Store Center,Food & Dining,USA,USD,freelancer,8.53,2023-12-27
Investment,Financial Services,USA,USD,freelancer,714.01,2024-01-01
Walk-in Clinic (Cash),Healthcare & Medical,USA,USD,freelancer,332.14,2024-01-01
Lord & Taylor (App),Shopping & Retail,USA,USD,freelancer,291.2,2024-01-01
Ross #9348,Shopping & Retail,USA,USD,freelancer,110.91,2024-01-02
Nordstrom - USA,Shopping & Retail,USA,USD,freelancer,268.56,2024-01-02
Chipotle Store,Food & Dining,USA,USD,freelancer,42.13,2024-01-03
Bloomingdale's,Shopping & Retail,USA,USD,freelancer,268.88,2024-01-03
Toll - Rush Hour,Transportation,USA,USD,freelancer,72.27,2024-01-03
Stock #4975,Financial Services,USA,USD,freelancer,491.54,2024-01-04
Burlington #7013,Shopping & Retail,USA,USD,freelancer,163.61,2024-01-04
Bus - USA TXN123295,Transportation,USA,USD,freelancer,7.93,2024-01-04
Income,Income,USA,USD,freelancer,7138.81,2024-01-05
Medicaid #1407 Store,Government & Legal,USA,USD,freelancer,287.15,2024-01-06
Fair Online,Entertainment & Recreation,USA,USD,freelancer,83.1,2024-01-06
Maven #3399,Transportation,USA,USD,freelancer,81.73,2024-01-07
Wealth Management,Financial Services,USA,USD,freelancer,999.3,2024-01-08
Museum Station,Entertainment & Recreation,USA,USD,freelancer,34.98,2024-01-08
Chase - USA Store,Financial Services,USA,USD,freelancer,808.98,2024-01-08
Water Company #1358,Utilities & Services,USA,USD,freelancer,88.13,2024-01-09
TD Bank Branch,Financial Services,USA,USD,freelancer,490.08,2024-01-10
Loan,Financial Services,USA,USD,freelancer,407.22,2024-01-10
Fifth Third Store Branch,Financial Services,USA,USD,freelancer,832.42,2024-01-11
Big Lots #3212 (Mobile),Shopping & Retail,USA,USD,freelancer,137.66,2024-01-11
ATM #6541 - USA,Financial Services,USA,USD,freelancer,159.1,2024-01-12
Walgreens,Shopping & Retail,USA,USD,freelancer,162.45,2024-01-12
Zipcar #5551 Center,Transportation,USA,USD,freelancer,31.27,2024-01-13
Speech Therapy TXN784957,Healthcare & Medical,USA,USD,freelancer,354.78,2024-01-13
Big Lots Online,Shopping & Retail,USA,USD,freelancer,195.24,2024-01-13
Eye Care Store,Healthcare & Medical,USA,USD,freelancer,38.19,2024-01-14
Capital One #9944 Strip Mall,Financial Services,USA,USD,freelancer,793.88,2024-01-15
Gold's Gym Store TXN672919,Entertainment & Recreation,USA,USD,freelancer,33.75,2024-01-15
CTA #2599 Store,Transportation,USA,USD,freelancer,88.01,2024-01-16
Raising Cane's #2645 Branch - Afternoon,Food & Dining,USA,USD,freelancer,16.67,2024-01-16
Uber,Transportation,USA,USD,freelancer,92.74,2024-01-16
Church,Charity & Donations,USA,USD,freelancer,158.19,2024-01-16
AT&T Store,Utilities & Services,USA,USD,freelancer,109.04,2024-01-16
Secret Service,Government & Legal,USA,USD,freelancer,496.11,2024-01-16
Adobe Creative Cloud,Shopping & Retail,USA,USD,freelancer,29.4,2024-01-17
Dropbox,Utilities & Services,USA,USD,freelancer,14.19,2024-01-18
TD Bank Online Branch - Weekend,Financial Services,USA,USD,freelancer,508.26,2024-01-19
Online Bank,Financial Services,USA,USD,freelancer,323.14,2024-01-19
24 Hour Fitness Store,Entertainment & Recreation,USA,USD,freelancer,94.62,2024-01-19
Zoo - USA,Entertainment & Recreation,USA,USD,freelancer,108.33,2024-01-19
Physical Therapy #4594,Healthcare & Medical,USA,USD,freelancer,29.09,2024-01-20
Checkers Online - Morning,Food & Dining,USA,USD,freelancer,20.84,2024-01-20
GoFundMe - USA,Charity & Donations,USA,USD,freelancer,61.47,2024-01-22
Tennis Court Store,Entertainment & Recreation,USA,USD,freelancer,20.77,2024-01-22
ASPCA,Charity & Donations,USA,USD,freelancer,20.24,2024-01-22
Mayo Clinic Store - Weekend,Healthcare & Medical,USA,USD,freelancer,419.81,2024-01-22
Spotify,Entertainment & Recreation,USA,USD,freelancer,5.2,2024-01-22
SoulCycle #6430 - USA - Night,Entertainment & Recreation,USA,USD,freelancer,142.19,2024-01-23
Festival - USA Online,Entertainment & Recreation,USA,USD,freelancer,123.97,2024-01-23
Bookkeeping #4704 - Rush Hour,Financial Services,USA,USD,freelancer,62.14,2024-01-23
Burger King,Food & Dining,USA,USD,freelancer,25.49,2024-01-24
Kaiser Permanente Online Branch,Healthcare & Medical,USA,USD,freelancer,421.92,2024-01-25
Laser Tag,Entertainment & Recreation,USA,USD,freelancer,114.96,2024-01-26
Border Patrol - Weekend,Government & Legal,USA,USD,freelancer,309.01,2024-01-27
EMS #2209 Branch,Government & Legal,USA,USD,freelancer,495.0,2024-01-27
Suddenlink,Utilities & Services,USA,USD,freelancer,64.23,2024-01-27
Johns Hopkins Branch,Healthcare & Medical,USA,USD,freelancer,30.08,2024-01-27
Marshals,Government & Legal,USA,USD,freelancer,353.74,2024-01-28
Google Fiber,Utilities & Services,USA,USD,freelancer,70.52,2024-01-28
Pure Barre #5010 - USA Branch,Entertainment & Recreation,USA,USD,freelancer,36.33,2024-02-01
Huntington Bank,Financial Services,USA,USD,freelancer,175.61,2024-02-02
Fair #1642 - USA Online,Entertainment & Recreation,USA,USD,freelancer,62.3,2024-02-02
License,Government & Legal,USA,USD,freelancer,347.83,2024-02-03
Income,Income,USA,USD,freelancer,4383.99,2024-02-04
UNICEF Store,Charity & Donations,USA,USD,freelancer,128.95,2024-02-04
Income,Income,USA,USD,freelancer,5873.77,2024-02-05
Capital One,Financial Services,USA,USD,freelancer,289.97,2024-02-05
Maven #4838,Transportation,USA,USD,freelancer,14.55,2024-02-05
NSA #2270 - USA,Government & Legal,USA,USD,freelancer,169.58,2024-02-05
Sixt #9711 Strip Mall,Transportation,USA,USD,freelancer,56.81,2024-02-07
Marshals - USA TXN350804,Government & Legal,USA,USD,freelancer,454.57,2024-02-07
Potbelly Downtown,Food & Dining,USA,USD,freelancer,39.81,2024-02-08
Town Hall - USA Strip Mall,Government & Legal,USA,USD,freelancer,341.53,2024-02-08
Amazon - Weekend,Shopping & Retail,USA,USD,freelancer,182.36,2024-02-08
Adidas,Shopping & Retail,USA,USD,freelancer,11.31,2024-02-09
Mount Sinai - Afternoon,Healthcare & Medical,USA,USD,freelancer,152.1,2024-02-09
Goodwill Store,Charity & Donations,USA,USD,freelancer,23.08,2024-02-09
Five Guys - USA,Food & Dining,USA,USD,freelancer,7.18,2024-02-09
Getaround #2213,Transportation,USA,USD,freelancer,60.7,2024-02-09
MARTA #7821,Transportation,USA,USD,freelancer,45.06,2024-02-10
HughesNet #7420,Utilities & Services,USA,USD,freelancer,112.28,2024-02-12
T-Mobile,Utilities & Services,USA,USD,freelancer,156.93,2024-02-12
Quiznos,Food & Dining,USA,USD,freelancer,32.99,2024-02-12
Sierra Club - Holiday,Charity & Donations,USA,USD,freelancer,36.19,2024-02-13
Convention Center Center,Entertainment & Recreation,USA,USD,freelancer,47.89,2024-02-13
Broadband #3678,Utilities & Services,USA,USD,freelancer,172.39,2024-02-13
Medicaid Store,Government & Legal,USA,USD,freelancer,300.21,2024-02-13
Safeway Pharmacy Center,Healthcare & Medical,USA,USD,freelancer,219.2,2024-02-14
HSBC (Cash),Financial Services,USA,USD,freelancer,839.96,2024-02-15
Registration,Government & Legal,USA,USD,freelancer,492.13,2024-02-15
Spotify,Entertainment & Recreation,USA,USD,freelancer,7.68,2024-02-15
Equinox (Mobile),Entertainment & Recreation,USA,USD,freelancer,77.64,2024-02-16
CTA,Transportation,USA,USD,freelancer,69.79,2024-02-16
Surgery - USA - Morning,Healthcare & Medical,USA,USD,freelancer,158.24,2024-02-16
Nordstrom Rack Store,Shopping & Retail,USA,USD,freelancer,56.0,2024-02-16
Culver's #5002,Food & Dining,USA,USD,freelancer,14.08,2024-02-16
Investment,Financial Services,USA,USD,freelancer,466.53,2024-02-16
BP #6674,Transportation,USA,USD,freelancer,90.02,2024-02-17
Investment #3501,Financial Services,USA,USD,freelancer,677.27,2024-02-18
Insurance - USA,Financial Services,USA,USD,freelancer,163.78,2024-02-19
Gas Company Store (Online),Utilities & Services,USA,USD,freelancer,148.67,2024-02-19
Allegiant,Transportation,USA,USD,freelancer,37.36,2024-02-19
Dropbox,Utilities & Services,USA,USD,freelancer,10.97,2024-02-19
Gold's Gym #8241 - USA Online,Entertainment & Recreation,USA,USD,freelancer,106.88,2024-02-21
Internet Provider - Rush Hour,Utilities & Services,USA,USD,freelancer,172.31,2024-02-22
Walmart Pharmacy #5055 Center,Healthcare & Medical,USA,USD,freelancer,267.92,2024-02-22
Yoga Studio #8134,Entertainment & Recreation,USA,USD,freelancer,91.1,2024-02-22
Apple Store Store Online (Online),Shopping & Retail,USA,USD,freelancer,49.45,2024-02-23
ReachNow - USA Branch TXN335126,Transportation,USA,USD,freelancer,25.68,2024-02-23
Emergency Room Branch,Healthcare & Medical,USA,USD,freelancer,186.39,2024-02-23
Adobe Creative Cloud,Shopping & Retail,USA,USD,freelancer,46.14,2024-02-23
Cable Company,Utilities & Services,USA,USD,freelancer,248.14,2024-02-24
Mutual Fund Store TXN473585,Financial Services,USA,USD,freelancer,562.53,2024-02-25
Investment - USA Store (Mobile),Financial Services,USA,USD,freelancer,337.71,2024-02-26
City Hall #7959 - USA,Government & Legal,USA,USD,freelancer,58.04,2024-02-27
Trader Joe's #3776 Online Shopping Center,Food & Dining,USA,USD,freelancer,33.35,2024-02-27
Chase #8223 Online,Financial Services,USA,USD,freelancer,756.69,2024-02-28
BMO Harris #7311,Financial Services,USA,USD,freelancer,335.32,2024-03-01
Sprint,Utilities & Services,USA,USD,freelancer,81.87,2024-03-01
Income,Income,USA,USD,freelancer,3400.82,2024-03-02
Raising Cane's - USA Online Shopping Center,Food & Dining,USA,USD,freelancer,19.16,2024-03-02
Suddenlink,Utilities & Services,USA,USD,freelancer,156.65,2024-03-03
Potbelly #1739,Food & Dining,USA,USD,freelancer,13.92,2024-03-03
Water Company Downtown,Utilities & Services,USA,USD,freelancer,149.87,2024-03-04
Verizon - Night,Utilities & Services,USA,USD,freelancer,90.42,2024-03-04
T-Mobile #8810 - USA,Utilities & Services,USA,USD,freelancer,221.28,2024-03-04
United,Transportation,USA,USD,freelancer,98.63,2024-03-04
Income,Income,USA,USD,freelancer,7085.46,2024-03-05
Thrifty,Transportation,USA,USD,freelancer,50.79,2024-03-05
Kaiser Permanente - USA,Healthcare & Medical,USA,USD,freelancer,260.22,2024-03-06
Lyft Store,Transportation,USA,USD,freelancer,89.6,2024-03-06
Toll,Transportation,USA,USD,freelancer,18.78,2024-03-07
Dunkin' Donuts #1828,Food & Dining,USA,USD,freelancer,8.29,2024-03-08
Arcade #6071,Entertainment & Recreation,USA,USD,freelancer,69.45,2024-03-09
ReachNow,Transportation,USA,USD,freelancer,74.79,2024-03-09
Planet Fitness - USA,Entertainment & Recreation,USA,USD,freelancer,149.23,2024-03-09
ASPCA,Charity & Donations,USA,USD,freelancer,60.29,2024-03-09
Baskin-Robbins #1054 Center,Food & Dining,USA,USD,freelancer,28.27,2024-03-10
Subway,Food & Dining,USA,USD,freelancer,8.83,2024-03-10
Customs,Government & Legal,USA,USD,freelancer,405.65,2024-03-10
Charter - USA,Utilities & Services,USA,USD,freelancer,238.82,2024-03-10
Google Fiber - USA Strip Mall,Utilities & Services,USA,USD,freelancer,67.54,2024-03-10
Taco Bell - USA (Contactless),Food & Dining,USA,USD,freelancer,46.49,2024-03-11
Insurance,Financial Services,USA,USD,freelancer,271.16,2024-03-12
Eye Care,Healthcare & Medical,USA,USD,freelancer,297.35,2024-03-12
Adobe Creative Cloud,Shopping & Retail,USA,USD,freelancer,34.4,2024-03-12
Wells Fargo #5554 - USA,Financial Services,USA,USD,freelancer,565.02,2024-03-13
WMATA #5631,Transportation,USA,USD,freelancer,32.8,2024-03-13
NSA - USA,Government & Legal,USA,USD,freelancer,434.59,2024-03-13
Amnesty International Online (Contactless),Charity & Donations,USA,USD,freelancer,106.41,2024-03-14
Walmart Pharmacy - Night,Healthcare & Medical,USA,USD,freelancer,405.18,2024-03-15
Doctors Without Borders Shopping Center,Charity & Donations,USA,USD,freelancer,115.91,2024-03-15
Bank of America #4826,Financial Services,USA,USD,freelancer,384.38,2024-03-15
Visa - USA,Government & Legal,USA,USD,freelancer,428.91,2024-03-15
T-Mobile TXN628345,Utilities & Services,USA,USD,freelancer,298.85,2024-03-17
Youth Organization,Charity & Donations,USA,USD,freelancer,115.12,2024-03-17
Mediacom #8520,Utilities & Services,USA,USD,freelancer,59.01,2024-03-17
Spotify,Entertainment & Recreation,USA,USD,freelancer,7.07,2024-03-17
Gynecologist - USA - Rush Hour,Healthcare & Medical,USA,USD,freelancer,30.67,2024-03-18
Checkers (Wire),Food & Dining,USA,USD,freelancer,21.94,2024-03-18
Bank - Night,Financial Services,USA,USD,freelancer,124.26,2024-03-18
First National #1056 Online Residential,Financial Services,USA,USD,freelancer,948.97,2024-03-19
Senior Center - Afternoon,Charity & Donations,USA,USD,freelancer,81.98,2024-03-19
Mosque (Card),Charity & Donations,USA,USD,freelancer,186.87,2024-03-21
Loan - USA (ACH),Financial Services,USA,USD,freelancer,623.62,2024-03-22
DEA #7301 TXN987811,Government & Legal,USA,USD,freelancer,185.76,2024-03-22
Ulta Online,Shopping & Retail,USA,USD,freelancer,15.6,2024-03-22
SunTrust #1053 TXN145555,Financial Services,USA,USD,freelancer,281.98,2024-03-23
Mediacom #8283 - Evening,Utilities & Services,USA,USD,freelancer,170.86,2024-03-23
US Bank #6979,Financial Services,USA,USD,freelancer,581.88,2024-03-23
Charity - USA Store Online,Charity & Donations,USA,USD,freelancer,150.96,2024-03-23
Dropbox,Utilities & Services,USA,USD,freelancer,13.62,2024-03-23
RCN - Weekend,Utilities & Services,USA,USD,freelancer,190.33,2024-03-24
Getaround #5261 - USA Online,Transportation,USA,USD,freelancer,27.09,2024-03-25
Theater - USA,Entertainment & Recreation,USA,USD,freelancer,88.37,2024-03-25
Golf Course #8973 - Morning,Entertainment & Recreation,USA,USD,freelancer,53.43,2024-03-25
Municipal Building Store Business District,Government & Legal,USA,USD,freelancer,240.43,2024-03-25
Greenpeace,Charity & Donations,USA,USD,freelancer,137.91,2024-03-25
Taxi (Online),Transportation,USA,USD,freelancer,23.24,2024-03-25
Rite Aid #5106,Healthcare & Medical,USA,USD,freelancer,325.11,2024-03-26
7-Eleven (ACH),Transportation,USA,USD,freelancer,69.44,2024-03-26
Tax,Government & Legal,USA,USD,freelancer,118.44,2024-03-26
Investment #8407,Financial Services,USA,USD,freelancer,950.55,2024-03-26
Mr. Sub,Food & Dining,USA,USD,freelancer,36.58,2024-03-27
Fundraising - USA,Charity & Donations,USA,USD,freelancer,174.82,2024-03-27
White Castle Store,Food & Dining,USA,USD,freelancer,44.49,2024-03-27
Crunch Fitness #7320 Store Hospital,Entertainment & Recreation,USA,USD,freelancer,54.22,2024-03-28
Retirement #9725 Online,Financial Services,USA,USD,freelancer,217.06,2024-03-28
Tax Preparation #7801 Store TXN195701,Financial Services,USA,USD,freelancer,717.65,2024-04-01
Gift #1036,Charity & Donations,USA,USD,freelancer,92.84,2024-04-01
Kickstarter #1776 Store,Charity & Donations,USA,USD,freelancer,171.99,2024-04-01
Income,Income,USA,USD,freelancer,3866.7,2024-04-02
Bojangles - USA Online Mall,Food & Dining,USA,USD,freelancer,21.08,2024-04-02
FBI #4688 (Wire),Government & Legal,USA,USD,freelancer,322.88,2024-04-02
Moe's Southwest Grill,Food & Dining,USA,USD,freelancer,37.23,2024-04-02
Ross (ACH),Shopping & Retail,USA,USD,freelancer,55.51,2024-04-03
Income,Income,USA,USD,freelancer,3686.57,2024-04-04
Zoo - USA,Entertainment & Recreation,USA,USD,freelancer,72.21,2024-04-05
Maven,Transportation,USA,USD,freelancer,93.4,2024-04-05
Emergency Services - Holiday,Government & Legal,USA,USD,freelancer,371.09,2024-04-05
X-Ray TXN511580,Healthcare & Medical,USA,USD,freelancer,170.49,2024-04-05
Equinox,Entertainment & Recreation,USA,USD,freelancer,107.5,2024-04-05
Dermatologist,Healthcare & Medical,USA,USD,freelancer,388.88,2024-04-06
Walgreens Store (ACH),Healthcare & Medical,USA,USD,freelancer,321.48,2024-04-06
Jimmy John's - USA,Food & Dining,USA,USD,freelancer,27.57,2024-04-08
Humane Society,Charity & Donations,USA,USD,freelancer,110.82,2024-04-09
Subway,Food & Dining,USA,USD,freelancer,39.58,2024-04-10
ASPCA #5198 Store TXN279079,Charity & Donations,USA,USD,freelancer,171.1,2024-04-11
Budget #4545 Store Hospital,Transportation,USA,USD,freelancer,76.04,2024-04-11
Zoo - USA (Contactless),Entertainment & Recreation,USA,USD,freelancer,142.47,2024-04-11
Lord & Taylor Shopping Center,Shopping & Retail,USA,USD,freelancer,51.46,2024-04-14
ATF (Mobile),Government & Legal,USA,USD,freelancer,59.12,2024-04-14
Regions Bank #1497,Financial Services,USA,USD,freelancer,109.11,2024-04-15
KeyBank Airport,Financial Services,USA,USD,freelancer,801.2,2024-04-15
UNICEF #8655 - Dinner Time,Charity & Donations,USA,USD,freelancer,132.07,2024-04-15
ReachNow - USA,Transportation,USA,USD,freelancer,62.38,2024-04-15
City Hall,Government & Legal,USA,USD,freelancer,335.69,2024-04-16
Dropbox,Utilities & Services,USA,USD,freelancer,11.56,2024-04-18
WWF Store,Charity & Donations,USA,USD,freelancer,34.33,2024-04-19
Spotify,Entertainment & Recreation,USA,USD,freelancer,9.56,2024-04-19
CIA - USA Online Branch,Government & Legal,USA,USD,freelancer,406.54,2024-04-20
Cable Company - Night,Utilities & Services,USA,USD,freelancer,77.4,2024-04-20
SEPTA,Transportation,USA,USD,freelancer,99.12,2024-04-20
Santander #5370 (Digital Wallet),Financial Services,USA,USD,freelancer,189.35,2024-04-20
Walgreens,Healthcare & Medical,USA,USD,freelancer,104.48,2024-04-20
Chase,Financial Services,USA,USD,freelancer,176.33,2024-04-20
Metro Center,Transportation,USA,USD,freelancer,54.73,2024-04-21
Cinemark Store TXN481100,Entertainment & Recreation,USA,USD,freelancer,116.96,2024-04-22
Staples,Shopping & Retail,USA,USD,freelancer,12.5,2024-04-23
Alaska Airlines Branch - Night,Transportation,USA,USD,freelancer,10.81,2024-04-23
M&T Bank,Financial Services,USA,USD,freelancer,510.32,2024-04-24
Primary Care - USA,Healthcare & Medical,USA,USD,freelancer,439.35,2024-04-24
Atlantic Broadband,Utilities & Services,USA,USD,freelancer,288.56,2024-04-27
Passport - USA Center,Government & Legal,USA,USD,freelancer,247.42,2024-04-27
Costco #4742,Shopping & Retail,USA,USD,freelancer,87.99,2024-04-28
JetBlue,Transportation,USA,USD,freelancer,57.38,2024-04-28
Checkers (Card),Food & Dining,USA,USD,freelancer,29.17,2024-04-28
Adobe Creative Cloud,Shopping & Retail,USA,USD,freelancer,31.97,2024-04-28
Income,Income,USA,USD,freelancer,6508.82,2024-05-01
United Way #6317 Store,Charity & Donations,USA,USD,freelancer,32.24,2024-05-01
American Airlines - Night,Transportation,USA,USD,freelancer,93.76,2024-05-01
Optimum #2358,Utilities & Services,USA,USD,freelancer,261.52,2024-05-01
Sephora Online,Shopping & Retail,USA,USD,freelancer,116.86,2024-05-01
Chevron #9271 Online Mall,Transportation,USA,USD,freelancer,70.39,2024-05-02
Family Dollar (Online),Shopping & Retail,USA,USD,freelancer,284.51,2024-05-02
Border Patrol #1967 Airport,Government & Legal,USA,USD,freelancer,323.06,2024-05-02
Walgreens #8600 - Holiday,Shopping & Retail,USA,USD,freelancer,92.32,2024-05-03
Income,Income,USA,USD,freelancer,6492.75,2024-05-04
Chase Store Online - Afternoon,Financial Services,USA,USD,freelancer,693.29,2024-05-04
Nature Conservancy - Holiday,Charity & Donations,USA,USD,freelancer,163.09,2024-05-04
Potbelly (Cash),Food & Dining,USA,USD,freelancer,47.41,2024-05-04
Yoga Studio,Entertainment & Recreation,USA,USD,freelancer,95.29,2024-05-05
KFC Online,Food & Dining,USA,USD,freelancer,37.76,2024-05-05
UPS Store - USA,Shopping & Retail,USA,USD,freelancer,138.23,2024-05-06
Parking - USA Business District,Transportation,USA,USD,freelancer,65.14,2024-05-06
Internet Provider #9433 Store,Utilities & Services,USA,USD,freelancer,236.95,2024-05-06
Red Cross,Charity & Donations,USA,USD,freelancer,190.46,2024-05-07
WOW - USA Store - Afternoon,Utilities & Services,USA,USD,freelancer,184.21,2024-05-07
Starlink Store (Contactless),Utilities & Services,USA,USD,freelancer,124.84,2024-05-08
Cable Company - USA Online Center,Utilities & Services,USA,USD,freelancer,69.34,2024-05-09
Orange Theory #1239 Online,Entertainment & Recreation,USA,USD,freelancer,83.27,2024-05-09
Mayo Clinic - USA Branch TXN734944,Healthcare & Medical,USA,USD,freelancer,487.61,2024-05-10
First National (Mobile),Financial Services,USA,USD,freelancer,262.78,2024-05-10
Sprint - USA Store,Utilities & Services,USA,USD,freelancer,233.7,2024-05-10
24 Hour Fitness - USA Store - Afternoon,Entertainment & Recreation,USA,USD,freelancer,133.69,2024-05-10
Train - Night,Transportation,USA,USD,freelancer,48.91,2024-05-11
Ulta Business District,Shopping & Retail,USA,USD,freelancer,35.64,2024-05-12
FedEx Office - USA Branch,Shopping & Retail,USA,USD,freelancer,154.11,2024-05-13
Best Buy (Wire),Shopping & Retail,USA,USD,freelancer,287.06,2024-05-13
Target - USA Online,Food & Dining,USA,USD,freelancer,11.73,2024-05-14
Fair - USA Airport,Entertainment & Recreation,USA,USD,freelancer,64.52,2024-05-15
TJ Maxx #3198 Center,Shopping & Retail,USA,USD,freelancer,104.83,2024-05-16
Safeway,Food & Dining,USA,USD,freelancer,9.94,2024-05-17
Adobe Creative Cloud,Shopping & Retail,USA,USD,freelancer,44.12,2024-05-17
Golf Course #9551 Store,Entertainment & Recreation,USA,USD,freelancer,107.02,2024-05-18
CTA #8116,Transportation,USA,USD,freelancer,36.98,2024-05-19
Fire Department #5394 (Card),Government & Legal,USA,USD,freelancer,163.28,2024-05-19
Dropbox,Utilities & Services,USA,USD,freelancer,12.32,2024-05-19
Frontier #3497 TXN496044,Transportation,USA,USD,freelancer,73.61,2024-05-20
MTA Store Center,Transportation,USA,USD,freelancer,2.21,2024-05-20
Alamo,Transportation,USA,USD,freelancer,46.1,2024-05-20
Pharmacy Residential,Healthcare & Medical,USA,USD,freelancer,456.95,2024-05-20
WWF Store Online,Charity & Donations,USA,USD,freelancer,97.53,2024-05-21
Medicare,Government & Legal,USA,USD,freelancer,355.42,2024-05-21
US Bank Center (Card),Financial Services,USA,USD,freelancer,228.44,2024-05-21
KeyBank - USA - Lunch Time,Financial Services,USA,USD,freelancer,727.29,2024-05-21
JetBlue #8907,Transportation,USA,USD,freelancer,43.75,2024-05-21
Comcast - USA,Utilities & Services,USA,USD,freelancer,256.0,2024-05-22
Tax Preparation #3025,Financial Services,USA,USD,freelancer,963.43,2024-05-22
Tim Hortons,Food & Dining,USA,USD,freelancer,20.75,2024-05-22
IKEA,Shopping & Retail,USA,USD,freelancer,8.23,2024-05-23
Baskin-Robbins,Food & Dining,USA,USD,freelancer,20.57,2024-05-23
Popeyes,Food & Dining,USA,USD,freelancer,32.33,2024-05-24
Arby's Store,Food & Dining,USA,USD,freelancer,7.88,2024-05-25
UPS Store #3945 - USA - Weekend,Shopping & Retail,USA,USD,freelancer,124.0,2024-05-26
Brigham and Women's Online,Healthcare & Medical,USA,USD,freelancer,76.14,2024-05-26
Bowling Alley - USA,Entertainment & Recreation,USA,USD,freelancer,24.3,2024-05-26
Government - USA Online,Government & Legal,USA,USD,freelancer,359.15,2024-05-26
Panera Bread Store,Food & Dining,USA,USD,freelancer,6.9,2024-05-27
Court - USA,Government & Legal,USA,USD,freelancer,157.48,2024-05-27
Tim Hortons Branch Strip Mall,Food & Dining,USA,USD,freelancer,39.47,2024-05-27
Spotify,Entertainment & Recreation,USA,USD,freelancer,8.35,2024-05-27
Occupational Therapy - USA Online,Healthcare & Medical,USA,USD,freelancer,252.76,2024-05-28
State Police,Government & Legal,USA,USD,freelancer,182.12,2024-05-28
Banking,Financial Services,USA,USD,freelancer,567.32,2024-06-01
Disney+ #5503,Entertainment & Recreation,USA,USD,freelancer,17.04,2024-06-01
Legal #5976 Store,Government & Legal,USA,USD,freelancer,439.75,2024-06-02
Spotify Center,Entertainment & Recreation,USA,USD,freelancer,136.6,2024-06-02
Huntington Bank,Financial Services,USA,USD,freelancer,351.02,2024-06-02
BB&T #8161,Financial Services,USA,USD,freelancer,383.23,2024-06-02
Office Depot #4041 Center Strip Mall,Shopping & Retail,USA,USD,freelancer,279.22,2024-06-03
Income,Income,USA,USD,freelancer,3774.22,2024-06-04
Gynecologist Store,Healthcare & Medical,USA,USD,freelancer,46.91,2024-06-04
Income,Income,USA,USD,freelancer,7549.56,2024-06-05
eBay #5364,Shopping & Retail,USA,USD,freelancer,118.68,2024-06-05
Lyft #5795 - Holiday,Transportation,USA,USD,freelancer,12.92,2024-06-05
SunTrust #3409 - USA - Weekend,Financial Services,USA,USD,freelancer,587.37,2024-06-05
Pediatrician #1534,Healthcare & Medical,USA,USD,freelancer,272.42,2024-06-06
MRI - USA,Healthcare & Medical,USA,USD,freelancer,163.79,2024-06-06
Family Dollar Online,Shopping & Retail,USA,USD,freelancer,62.86,2024-06-07
County Clerk - USA - Rush Hour,Government & Legal,USA,USD,freelancer,257.98,2024-06-08
Physical Therapy #2734,Healthcare & Medical,USA,USD,freelancer,73.96,2024-06-08
CTA - USA,Transportation,USA,USD,freelancer,8.27,2024-06-08
Gym Center,Entertainment & Recreation,USA,USD,freelancer,28.9,2024-06-08
Speech Therapy #4632 - Holiday,Healthcare & Medical,USA,USD,freelancer,360.44,2024-06-10
Rite Aid Store Branch,Healthcare & Medical,USA,USD,freelancer,302.97,2024-06-10
Sierra Club - USA Store Station,Charity & Donations,USA,USD,freelancer,67.8,2024-06-10
Municipal Building Store,Government & Legal,USA,USD,freelancer,168.18,2024-06-10
UNICEF Online,Charity & Donations,USA,USD,freelancer,64.42,2024-06-10
CrossFit #7246 - Evening,Entertainment & Recreation,USA,USD,freelancer,96.89,2024-06-10
Water Park,Entertainment & Recreation,USA,USD,freelancer,63.5,2024-06-10
Atlantic Broadband #4523,Utilities & Services,USA,USD,freelancer,114.9,2024-06-12
AT&T Online Campus,Utilities & Services,USA,USD,freelancer,114.39,2024-06-13
AT&T Store,Utilities & Services,USA,USD,freelancer,260.95,2024-06-13
Bank of America,Financial Services,USA,USD,freelancer,110.28,2024-06-14
Rite Aid Store,Healthcare & Medical,USA,USD,freelancer,246.64,2024-06-14
Homeless Shelter - USA Branch (Contactless),Charity & Donations,USA,USD,freelancer,113.82,2024-06-14
Spotify,Entertainment & Recreation,USA,USD,freelancer,9.6,2024-06-14
Pharmacy #4621 Online Center (Contactless),Healthcare & Medical,USA,USD,freelancer,47.33,2024-06-15
US Bank,Financial Services,USA,USD,freelancer,54.86,2024-06-15
ReachNow - Afternoon,Transportation,USA,USD,freelancer,66.81,2024-06-15
Psychiatrist,Healthcare & Medical,USA,USD,freelancer,378.95,2024-06-16
Zaxby's,Food & Dining,USA,USD,freelancer,6.83,2024-06-16
Theater (Mobile),Entertainment & Recreation,USA,USD,freelancer,8.05,2024-06-16
OfficeMax,Shopping & Retail,USA,USD,freelancer,118.37,2024-06-16
Von Maur (Bank Transfer),Shopping & Retail,USA,USD,freelancer,139.99,2024-06-20
Border Patrol,Government & Legal,USA,USD,freelancer,126.98,2024-06-20
Parking - USA,Transportation,USA,USD,freelancer,26.56,2024-06-20
Tax,Government & Legal,USA,USD,freelancer,165.21,2024-06-20
Viasat Store Online - Holiday,Utilities & Services,USA,USD,freelancer,201.68,2024-06-21
Kaiser Permanente,Healthcare & Medical,USA,USD,freelancer,76.03,2024-06-21
X-Ray Store,Healthcare & Medical,USA,USD,freelancer,89.87,2024-06-22
Golf Course #2542 Center Business District,Entertainment & Recreation,USA,USD,freelancer,135.24,2024-06-22
Dropbox,Utilities & Services,USA,USD,freelancer,13.83,2024-06-22
Church - Weekday,Charity & Donations,USA,USD,freelancer,122.87,2024-06-23
Golf Course,Entertainment & Recreation,USA,USD,freelancer,28.96,2024-06-23
Temple - USA - Rush Hour,Charity & Donations,USA,USD,freelancer,159.39,2024-06-23
eBay,Shopping & Retail,USA,USD,freelancer,269.29,2024-06-23
Marshalls - USA,Shopping & Retail,USA,USD,freelancer,86.22,2024-06-25
Chevron #6924,Transportation,USA,USD,freelancer,91.8,2024-06-26
UCSF Medical Shopping Center,Healthcare & Medical,USA,USD,freelancer,141.25,2024-06-26
Starlink Online,Utilities & Services,USA,USD,freelancer,197.07,2024-06-26
Federal Building Store - Rush Hour,Government & Legal,USA,USD,freelancer,446.5,2024-06-26
Amazon Prime Center,Entertainment & Recreation,USA,USD,freelancer,20.67,2024-06-26
Kaiser Permanente - USA,Healthcare & Medical,USA,USD,freelancer,66.93,2024-06-26
Adobe Creative Cloud,Shopping & Retail,USA,USD,freelancer,40.09,2024-06-26
Cox,Utilities & Services,USA,USD,freelancer,262.2,2024-06-27
Sierra Club,Charity & Donations,USA,USD,freelancer,73.73,2024-06-27
Theme Park - USA,Entertainment & Recreation,USA,USD,freelancer,51.41,2024-06-28
Walgreens,Shopping & Retail,USA,USD,freelancer,34.36,2024-07-02
Passport #8867 - USA - Rush Hour,Government & Legal,USA,USD,freelancer,94.39,2024-07-03
Income,Income,USA,USD,freelancer,3602.68,2024-07-04
Jimmy John's TXN314345,Food & Dining,USA,USD,freelancer,42.25,2024-07-04
CrossFit (ACH),Entertainment & Recreation,USA,USD,freelancer,20.15,2024-07-04
Greenpeace #3916,Charity & Donations,USA,USD,freelancer,169.65,2024-07-04
SunTrust - USA,Financial Services,USA,USD,freelancer,718.85,2024-07-05
Congress,Government & Legal,USA,USD,freelancer,293.28,2024-07-05
PNC Bank Store Online,Financial Services,USA,USD,freelancer,696.89,2024-07-05
Chiropractor - Holiday,Healthcare & Medical,USA,USD,freelancer,406.03,2024-07-05
Habitat for Humanity Branch,Charity & Donations,USA,USD,freelancer,187.38,2024-07-05
Ambulance,Government & Legal,USA,USD,freelancer,343.72,2024-07-06
Water Park - USA,Entertainment & Recreation,USA,USD,freelancer,29.12,2024-07-06
Olive Garden Store,Food & Dining,USA,USD,freelancer,31.8,2024-07-06
Capitol,Government & Legal,USA,USD,freelancer,434.77,2024-07-07
Walmart Pharmacy #5507 TXN117465,Healthcare & Medical,USA,USD,freelancer,44.72,2024-07-07
Pilates #4678 TXN525642,Entertainment & Recreation,USA,USD,freelancer,128.76,2024-07-07
Turo - USA Store - Weekend,Transportation,USA,USD,freelancer,40.15,2024-07-08
Dropbox,Utilities & Services,USA,USD,freelancer,14.94,2024-07-09
Adobe Creative Cloud,Shopping & Retail,USA,USD,freelancer,34.63,2024-07-10
WWF #2186 TXN925173,Charity & Donations,USA,USD,freelancer,6.26,2024-07-11
MBTA Residential,Transportation,USA,USD,freelancer,42.8,2024-07-12
Adidas,Shopping & Retail,USA,USD,freelancer,191.32,2024-07-12
Regions Bank #6472 - USA,Financial Services,USA,USD,freelancer,208.62,2024-07-12
WWF #8974 TXN133993,Charity & Donations,USA,USD,freelancer,41.07,2024-07-13
HSBC - USA Center Airport,Financial Services,USA,USD,freelancer,329.87,2024-07-13
Dermatologist - USA,Healthcare & Medical,USA,USD,freelancer,21.65,2024-07-13
Senior Center Store,Charity & Donations,USA,USD,freelancer,156.09,2024-07-13
Dish Online (Digital Wallet),Utilities & Services,USA,USD,freelancer,51.69,2024-07-13
IRS,Government & Legal,USA,USD,freelancer,54.9,2024-07-13
DirecTV Store Online (App),Utilities & Services,USA,USD,freelancer,259.52,2024-07-13
Orange Theory Branch,Entertainment & Recreation,USA,USD,freelancer,101.37,2024-07-14
Zara Store Shopping Center,Shopping & Retail,USA,USD,freelancer,92.23,2024-07-14
Animal Shelter Online Center,Charity & Donations,USA,USD,freelancer,110.5,2024-07-15
Immigration (Card),Government & Legal,USA,USD,freelancer,357.83,2024-07-15
CIA #7567 (Bank Transfer),Government & Legal,USA,USD,freelancer,354.19,2024-07-15
Ross #2114 - USA Store Station,Shopping & Retail,USA,USD,freelancer,10.26,2024-07-15
Escape Room #7826,Entertainment & Recreation,USA,USD,freelancer,69.04,2024-07-15
Lab - USA,Healthcare & Medical,USA,USD,freelancer,83.16,2024-07-16
United Way #2910 Branch,Charity & Donations,USA,USD,freelancer,102.84,2024-07-16
DirecTV - USA Online - Weekday,Utilities & Services,USA,USD,freelancer,163.05,2024-07-17
UCSF Medical,Healthcare & Medical,USA,USD,freelancer,185.86,2024-07-17
Lord & Taylor #3005 Downtown,Shopping & Retail,USA,USD,freelancer,106.67,2024-07-17
Federal Building,Government & Legal,USA,USD,freelancer,302.84,2024-07-17
Saks Fifth Avenue,Shopping & Retail,USA,USD,freelancer,128.67,2024-07-18
Alamo #9541,Transportation,USA,USD,freelancer,30.97,2024-07-18
Saks Off 5th,Shopping & Retail,USA,USD,freelancer,206.22,2024-07-18
Allegiant #9771 Store,Transportation,USA,USD,freelancer,8.38,2024-07-19
Charter,Utilities & Services,USA,USD,freelancer,56.56,2024-07-20
Children's Hospital,Healthcare & Medical,USA,USD,freelancer,271.27,2024-07-20
ATF Store Center,Government & Legal,USA,USD,freelancer,377.64,2024-07-21
Dish Online,Utilities & Services,USA,USD,freelancer,201.04,2024-07-21
Psychiatrist #1827 (Mobile),Healthcare & Medical,USA,USD,freelancer,41.72,2024-07-21
Online Bank #7222 Airport,Financial Services,USA,USD,freelancer,629.01,2024-07-21
Community Center - Afternoon,Charity & Donations,USA,USD,freelancer,73.42,2024-07-21
Disney+ #3720,Entertainment & Recreation,USA,USD,freelancer,108.62,2024-07-22
Safeway Online Branch,Food & Dining,USA,USD,freelancer,31.63,2024-07-23
Veterans Organization #4830 - USA Online Airport,Charity & Donations,USA,USD,freelancer,170.66,2024-07-23
Neurologist,Healthcare & Medical,USA,USD,freelancer,254.17,2024-07-23
Spotify,Entertainment & Recreation,USA,USD,freelancer,6.09,2024-07-23
NGO,Charity & Donations,USA,USD,freelancer,169.46,2024-07-26
Lord & Taylor - Night,Shopping & Retail,USA,USD,freelancer,77.79,2024-07-26
FedEx Office - Rush Hour,Shopping & Retail,USA,USD,freelancer,115.52,2024-07-26
State Police - USA,Government & Legal,USA,USD,freelancer,51.02,2024-07-27
Enterprise - USA,Transportation,USA,USD,freelancer,78.19,2024-07-27
Fitness #5007 - USA,Entertainment & Recreation,USA,USD,freelancer,23.63,2024-07-27
Shake Shack Airport,Food & Dining,USA,USD,freelancer,24.66,2024-07-27
Neiman Marcus,Shopping & Retail,USA,USD,freelancer,29.25,2024-07-28
Atlantic Broadband Online,Utilities & Services,USA,USD,freelancer,54.64,2024-08-01
Accounting #1671,Financial Services,USA,USD,freelancer,741.47,2024-08-01
Hulu #3338,Entertainment & Recreation,USA,USD,freelancer,17.13,2024-08-01
Taxi - USA,Transportation,USA,USD,freelancer,13.87,2024-08-01
Baja Fresh - USA - Lunch Time,Food & Dining,USA,USD,freelancer,35.94,2024-08-02
Income,Income,USA,USD,freelancer,6228.18,2024-08-03
Salvation Army #1787 Store Online Center,Charity & Donations,USA,USD,freelancer,36.4,2024-08-03
Uniqlo #2734 TXN552475,Shopping & Retail,USA,USD,freelancer,61.91,2024-08-03
Tennis Court (Cash),Entertainment & Recreation,USA,USD,freelancer,115.67,2024-08-03
UNICEF #8188 - USA Strip Mall,Charity & Donations,USA,USD,freelancer,112.36,2024-08-05
Taco Bell (Wire),Food & Dining,USA,USD,freelancer,23.24,2024-08-05
Accounting (Cash),Financial Services,USA,USD,freelancer,453.55,2024-08-07
Insurance #6916,Financial Services,USA,USD,freelancer,505.14,2024-08-08
Veterans Organization - USA Branch,Charity & Donations,USA,USD,freelancer,157.12,2024-08-09
TD Bank #2997,Financial Services,USA,USD,freelancer,577.7,2024-08-09
City Hall - Weekday,Government & Legal,USA,USD,freelancer,474.5,2024-08-10
KeyBank TXN450569,Financial Services,USA,USD,freelancer,996.2,2024-08-11
Cable Internet,Utilities & Services,USA,USD,freelancer,224.96,2024-08-11
Walmart Pharmacy,Healthcare & Medical,USA,USD,freelancer,70.5,2024-08-12
Doctors Without Borders - Evening,Charity & Donations,USA,USD,freelancer,160.19,2024-08-12
Pure Barre #5804 - USA Store,Entertainment & Recreation,USA,USD,freelancer,139.21,2024-08-12
MRI #3060,Healthcare & Medical,USA,USD,freelancer,387.05,2024-08-12
Dropbox,Utilities & Services,USA,USD,freelancer,12.82,2024-08-12
Costco #7800 (Contactless),Shopping & Retail,USA,USD,freelancer,257.85,2024-08-13
Federal Building,Government & Legal,USA,USD,freelancer,484.8,2024-08-13
Amtrak TXN629883,Transportation,USA,USD,freelancer,35.09,2024-08-14
AMC #4946 Online,Entertainment & Recreation,USA,USD,freelancer,120.38,2024-08-14
Pharmacy #7131 - Weekday,Healthcare & Medical,USA,USD,freelancer,416.88,2024-08-15
Adobe Creative Cloud,Shopping & Retail,USA,USD,freelancer,37.72,2024-08-15
MRI,Healthcare & Medical,USA,USD,freelancer,132.45,2024-08-16
Senate Store,Government & Legal,USA,USD,freelancer,457.41,2024-08-16
Turo Store Hospital,Transportation,USA,USD,freelancer,10.46,2024-08-17
Amnesty International Shopping Center,Charity & Donations,USA,USD,freelancer,14.0,2024-08-17
Nature Conservancy #8602 - Weekend,Charity & Donations,USA,USD,freelancer,137.42,2024-08-18
Yoga Studio,Entertainment & Recreation,USA,USD,freelancer,126.33,2024-08-18
Walk-in Clinic #6707,Healthcare & Medical,USA,USD,freelancer,253.38,2024-08-19
Optimum #2110,Utilities & Services,USA,USD,freelancer,246.63,2024-08-19
Permit #9842 Store,Government & Legal,USA,USD,freelancer,160.27,2024-08-20
Comerica,Financial Services,USA,USD,freelancer,578.62,2024-08-20
Amnesty International #8506 Hospital,Charity & Donations,USA,USD,freelancer,198.68,2024-08-21
IRS #7011 (Online),Government & Legal,USA,USD,freelancer,248.11,2024-08-22
Permit #8631 - USA (Cash),Government & Legal,USA,USD,freelancer,300.92,2024-08-22
Walmart Supercenter #8863 Online - Night,Food & Dining,USA,USD,freelancer,43.2,2024-08-22
WMATA,Transportation,USA,USD,freelancer,57.69,2024-08-22
SEPTA,Transportation,USA,USD,freelancer,88.85,2024-08-23
Sprint,Utilities & Services,USA,USD,freelancer,134.77,2024-08-23
Post Office #8987,Shopping & Retail,USA,USD,freelancer,153.65,2024-08-23
Toll,Transportation,USA,USD,freelancer,80.04,2024-08-24
Santander #6892 - USA Hospital,Financial Services,USA,USD,freelancer,515.21,2024-08-24
Occupational Therapy (ACH),Healthcare & Medical,USA,USD,freelancer,383.86,2024-08-24
Service #4520,Government & Legal,USA,USD,freelancer,303.17,2024-08-24
Physical Therapy #3703 Branch,Healthcare & Medical,USA,USD,freelancer,147.61,2024-08-25
Highway Patrol,Government & Legal,USA,USD,freelancer,271.66,2024-08-25
Neiman Marcus - USA,Shopping & Retail,USA,USD,freelancer,93.77,2024-08-26
Mobile Center - Holiday,Utilities & Services,USA,USD,freelancer,82.2,2024-08-26
Arby's,Food & Dining,USA,USD,freelancer,16.76,2024-08-26
Staples,Shopping & Retail,USA,USD,freelancer,180.41,2024-08-27
PNC Bank #4425,Financial Services,USA,USD,freelancer,102.0,2024-08-27
Barnes & Noble #3591 - USA,Shopping & Retail,USA,USD,freelancer,80.67,2024-08-27
Insurance,Financial Services,USA,USD,freelancer,365.52,2024-08-27
Salvation Army - USA,Charity & Donations,USA,USD,freelancer,162.07,2024-08-27
Cardiologist Residential,Healthcare & Medical,USA,USD,freelancer,497.19,2024-08-27
Family Dollar,Shopping & Retail,USA,USD,freelancer,60.2,2024-08-27
Theater Store,Entertainment & Recreation,USA,USD,freelancer,85.42,2024-08-28
Spotify,Entertainment & Recreation,USA,USD,freelancer,8.5,2024-08-28
Planet Fitness Strip Mall,Entertainment & Recreation,USA,USD,freelancer,122.21,2024-09-01
Go-Kart,Entertainment & Recreation,USA,USD,freelancer,119.34,2024-09-01
Sephora #1595 - USA Center - Weekday,Shopping & Retail,USA,USD,freelancer,148.88,2024-09-01
Habitat for Humanity Online,Charity & Donations,USA,USD,freelancer,153.74,2024-09-01
Income,Income,USA,USD,freelancer,5286.37,2024-09-02
Police Department #9100 - USA,Government & Legal,USA,USD,freelancer,415.35,2024-09-02
Safeway - USA Mall,Food & Dining,USA,USD,freelancer,48.11,2024-09-02
PNC Bank,Financial Services,USA,USD,freelancer,402.07,2024-09-02
Ulta #9109 Branch,Shopping & Retail,USA,USD,freelancer,218.64,2024-09-02
Spotify,Entertainment & Recreation,USA,USD,freelancer,8.22,2024-09-02
Income,Income,USA,USD,freelancer,4470.84,2024-09-03
Congress Store,Government & Legal,USA,USD,freelancer,494.39,2024-09-03
HughesNet #6152,Utilities & Services,USA,USD,freelancer,102.39,2024-09-03
Broadband #2962 - USA,Utilities & Services,USA,USD,freelancer,139.86,2024-09-04
H&M #7320 - USA (ACH),Shopping & Retail,USA,USD,freelancer,8.68,2024-09-05
Dropbox,Utilities & Services,USA,USD,freelancer,10.3,2024-09-05
PETA Store,Charity & Donations,USA,USD,freelancer,113.42,2024-09-06
Pure Barre TXN595746,Entertainment & Recreation,USA,USD,freelancer,121.55,2024-09-06
Community Center,Charity & Donations,USA,USD,freelancer,85.77,2024-09-09
Dillard's #7427 Branch TXN461996,Shopping & Retail,USA,USD,freelancer,135.28,2024-09-09
Donation,Charity & Donations,USA,USD,freelancer,114.77,2024-09-10
UNICEF,Charity & Donations,USA,USD,freelancer,128.3,2024-09-10
Electric Company - USA (ACH),Utilities & Services,USA,USD,freelancer,116.83,2024-09-10
Laser Tag TXN942950,Entertainment & Recreation,USA,USD,freelancer,93.91,2024-09-10
Cardiologist,Healthcare & Medical,USA,USD,freelancer,176.62,2024-09-10
H&M - USA,Shopping & Retail,USA,USD,freelancer,40.65,2024-09-10
Marshalls - USA,Shopping & Retail,USA,USD,freelancer,246.05,2024-09-11
OfficeMax #6132,Shopping & Retail,USA,USD,freelancer,27.22,2024-09-12
Surgery - USA Store Station,Healthcare & Medical,USA,USD,freelancer,449.96,2024-09-12
Megabus Store Hospital,Transportation,USA,USD,freelancer,10.84,2024-09-13
Salvation Army - USA,Charity & Donations,USA,USD,freelancer,178.39,2024-09-13
Eye Care,Healthcare & Medical,USA,USD,freelancer,63.24,2024-09-13
Regal - USA - Holiday,Entertainment & Recreation,USA,USD,freelancer,149.82,2024-09-13
7-Eleven,Transportation,USA,USD,freelancer,69.15,2024-09-14
Police Department,Government & Legal,USA,USD,freelancer,153.59,2024-09-14
Neiman Marcus #2769 Campus,Shopping & Retail,USA,USD,freelancer,101.77,2024-09-14
Urologist - Dinner Time,Healthcare & Medical,USA,USD,freelancer,454.55,2024-09-14
Hardee's Store - Lunch Time,Food & Dining,USA,USD,freelancer,39.45,2024-09-15
Alamo #8479,Transportation,USA,USD,freelancer,67.08,2024-09-15
Windstream #2914 - USA (Digital Wallet),Utilities & Services,USA,USD,freelancer,77.67,2024-09-16
Adobe Creative Cloud,Shopping & Retail,USA,USD,freelancer,36.22,2024-09-16
DSL,Utilities & Services,USA,USD,freelancer,50.38,2024-09-17
Bus Store,Transportation,USA,USD,freelancer,32.37,2024-09-17
Walmart Pharmacy,Healthcare & Medical,USA,USD,freelancer,186.65,2024-09-17
Capitol #2699 (Bank Transfer),Government & Legal,USA,USD,freelancer,154.04,2024-09-17
Concert - USA TXN677576,Entertainment & Recreation,USA,USD,freelancer,46.04,2024-09-17
Walmart #4389,Shopping & Retail,USA,USD,freelancer,180.17,2024-09-18
Burlington,Shopping & Retail,USA,USD,freelancer,158.06,2024-09-18
Avis (Mobile),Transportation,USA,USD,freelancer,57.95,2024-09-19
Panda Express - USA,Food & Dining,USA,USD,freelancer,43.69,2024-09-20
Capital One,Financial Services,USA,USD,freelancer,358.71,2024-09-20
Water Park Store Online,Entertainment & Recreation,USA,USD,freelancer,142.22,2024-09-20
Uniqlo,Shopping & Retail,USA,USD,freelancer,128.77,2024-09-21
Permit Store,Government & Legal,USA,USD,freelancer,417.59,2024-09-21
Lyft Store,Transportation,USA,USD,freelancer,19.15,2024-09-22
Municipal Building,Government & Legal,USA,USD,freelancer,489.98,2024-09-23
DSL - USA Center - Morning,Utilities & Services,USA,USD,freelancer,80.38,2024-09-24
Concert #7690 Branch,Entertainment & Recreation,USA,USD,freelancer,26.64,2024-09-24
Google Fiber #8539,Utilities & Services,USA,USD,freelancer,185.58,2024-09-24
Walmart Pharmacy Store,Healthcare & Medical,USA,USD,freelancer,393.07,2024-09-24
Donation,Charity & Donations,USA,USD,freelancer,153.22,2024-09-24
Barneys New York Center - Weekend,Shopping & Retail,USA,USD,freelancer,191.44,2024-09-25
First National - USA Online Business District,Financial Services,USA,USD,freelancer,268.06,2024-09-25
Kickstarter,Charity & Donations,USA,USD,freelancer,55.92,2024-09-25
Tim Hortons - USA - Weekend,Food & Dining,USA,USD,freelancer,35.28,2024-09-26
Family Dollar,Shopping & Retail,USA,USD,freelancer,138.27,2024-09-27
X-Ray (ACH),Healthcare & Medical,USA,USD,freelancer,50.37,2024-09-27
Synagogue - USA Store,Charity & Donations,USA,USD,freelancer,176.13,2024-09-28
NSA - Night,Government & Legal,USA,USD,freelancer,478.45,2024-09-28
Income,Income,USA,USD,freelancer,6446.53,2024-10-01
Shake Shack - USA Store Shopping Center,Food & Dining,USA,USD,freelancer,17.4,2024-10-01
Mr. Sub (App),Food & Dining,USA,USD,freelancer,7.75,2024-10-01
National,Transportation,USA,USD,freelancer,76.63,2024-10-01
Insurance TXN136418,Financial Services,USA,USD,freelancer,658.93,2024-10-01
Online Bank - Rush Hour,Financial Services,USA,USD,freelancer,382.93,2024-10-02
Mount Sinai Store (Cash),Healthcare & Medical,USA,USD,freelancer,30.94,2024-10-02
Marshalls - USA,Shopping & Retail,USA,USD,freelancer,60.8,2024-10-02
Public WiFi #4428 - USA,Utilities & Services,USA,USD,freelancer,191.9,2024-10-03
Dairy Queen #5857 TXN693001,Food & Dining,USA,USD,freelancer,28.99,2024-10-03
Emergency Services #8924 - USA Store,Government & Legal,USA,USD,freelancer,71.83,2024-10-03
Bloomingdale's Center,Shopping & Retail,USA,USD,freelancer,73.76,2024-10-04
Emergency Room,Healthcare & Medical,USA,USD,freelancer,335.77,2024-10-04
Income,Income,USA,USD,freelancer,6182.1,2024-10-05
Megabus TXN423864,Transportation,USA,USD,freelancer,84.57,2024-10-06
Nature Conservancy - USA Store,Charity & Donations,USA,USD,freelancer,120.62,2024-10-06
Optimum Hospital,Utilities & Services,USA,USD,freelancer,214.52,2024-10-06
DSL Store Online,Utilities & Services,USA,USD,freelancer,70.27,2024-10-06
Urgent Care Store (Cash),Healthcare & Medical,USA,USD,freelancer,68.29,2024-10-06
Taxi - USA,Transportation,USA,USD,freelancer,40.0,2024-10-07
Adobe Creative Cloud,Shopping & Retail,USA,USD,freelancer,33.68,2024-10-07
Equinox,Entertainment & Recreation,USA,USD,freelancer,89.31,2024-10-08
Pizza Hut - USA,Food & Dining,USA,USD,freelancer,5.05,2024-10-08
MBTA Store (Contactless),Transportation,USA,USD,freelancer,92.37,2024-10-08
Spotify,Entertainment & Recreation,USA,USD,freelancer,5.36,2024-10-08
YouTube - USA TXN291693,Entertainment & Recreation,USA,USD,freelancer,119.52,2024-10-12
Sprint,Utilities & Services,USA,USD,freelancer,111.4,2024-10-12
KeyBank,Financial Services,USA,USD,freelancer,902.9,2024-10-12
Medicare (Bank Transfer),Government & Legal,USA,USD,freelancer,229.22,2024-10-13
WWF (ACH),Charity & Donations,USA,USD,freelancer,76.19,2024-10-13
Jack in the Box - USA,Food & Dining,USA,USD,freelancer,47.14,2024-10-13
First National #9481,Financial Services,USA,USD,freelancer,681.22,2024-10-13
Bank Store,Financial Services,USA,USD,freelancer,337.41,2024-10-14
Costco #1151 Branch TXN883961,Shopping & Retail,USA,USD,freelancer,36.96,2024-10-14
Psychiatrist (Online),Healthcare & Medical,USA,USD,freelancer,158.87,2024-10-15
ASPCA #9286,Charity & Donations,USA,USD,freelancer,54.59,2024-10-16
Orthopedist Campus,Healthcare & Medical,USA,USD,freelancer,247.8,2024-10-17
Family Dollar #4820,Shopping & Retail,USA,USD,freelancer,133.76,2024-10-18
Dropbox,Utilities & Services,USA,USD,freelancer,12.54,2024-10-18
Cleveland Clinic #9704,Healthcare & Medical,USA,USD,freelancer,106.31,2024-10-20
Mobile Hotspot TXN272595,Utilities & Services,USA,USD,freelancer,252.1,2024-10-21
United Store,Transportation,USA,USD,freelancer,66.09,2024-10-22
Carnival #2732,Entertainment & Recreation,USA,USD,freelancer,28.99,2024-10-22
Water Park - USA Store TXN731087,Entertainment & Recreation,USA,USD,freelancer,30.16,2024-10-23
Charter Hospital,Utilities & Services,USA,USD,freelancer,161.82,2024-10-23
HSBC #6482,Financial Services,USA,USD,freelancer,210.87,2024-10-25
Jimmy John's,Food & Dining,USA,USD,freelancer,31.86,2024-10-26
City Hall - USA Center Mall,Government & Legal,USA,USD,freelancer,337.78,2024-10-26
Urgent Care,Healthcare & Medical,USA,USD,freelancer,155.44,2024-10-26
Border Patrol - USA Store TXN668577,Government & Legal,USA,USD,freelancer,311.6,2024-10-26
CVS (Mobile),Healthcare & Medical,USA,USD,freelancer,223.48,2024-10-27
SoulCycle - USA - Dinner Time,Entertainment & Recreation,USA,USD,freelancer,98.56,2024-10-27
Taxi - USA Online,Transportation,USA,USD,freelancer,36.66,2024-10-28
Disney+,Entertainment & Recreation,USA,USD,freelancer,45.44,2024-10-28
Cable Internet TXN244034,Utilities & Services,USA,USD,freelancer,192.57,2024-11-01
Income,Income,USA,USD,freelancer,3371.06,2024-11-03
Comerica - Dinner Time,Financial Services,USA,USD,freelancer,426.49,2024-11-03
Specialist,Healthcare & Medical,USA,USD,freelancer,224.82,2024-11-04
Kroger Pharmacy - USA Downtown,Healthcare & Medical,USA,USD,freelancer,48.69,2024-11-05
Gift,Charity & Donations,USA,USD,freelancer,199.36,2024-11-05
Nordstrom Rack - USA,Shopping & Retail,USA,USD,freelancer,66.1,2024-11-05
Comcast Store,Utilities & Services,USA,USD,freelancer,69.46,2024-11-06
BMO Harris - Evening,Financial Services,USA,USD,freelancer,667.36,2024-11-06
Blimpie Downtown,Food & Dining,USA,USD,freelancer,36.7,2024-11-07
Consolidated Communications,Utilities & Services,USA,USD,freelancer,250.84,2024-11-07
Tim Hortons - USA Store (Digital Wallet),Food & Dining,USA,USD,freelancer,15.36,2024-11-07
eBay #3188,Shopping & Retail,USA,USD,freelancer,58.79,2024-11-07
Paintball,Entertainment & Recreation,USA,USD,freelancer,109.3,2024-11-08
Specialist Store - Morning,Healthcare & Medical,USA,USD,freelancer,298.63,2024-11-09
Carl's Jr,Food & Dining,USA,USD,freelancer,37.55,2024-11-09
WWF #4572,Charity & Donations,USA,USD,freelancer,162.79,2024-11-10
Public WiFi Online Campus,Utilities & Services,USA,USD,freelancer,176.69,2024-11-10
Phone Company Store,Utilities & Services,USA,USD,freelancer,103.02,2024-11-10
Adobe Creative Cloud,Shopping & Retail,USA,USD,freelancer,25.25,2024-11-10
Mutual Fund Online Branch Strip Mall,Financial Services,USA,USD,freelancer,626.92,2024-11-11
Raising Cane's - Morning,Food & Dining,USA,USD,freelancer,43.08,2024-11-11
DMV Online,Government & Legal,USA,USD,freelancer,470.99,2024-11-11
Rite Aid Online - Rush Hour,Healthcare & Medical,USA,USD,freelancer,433.07,2024-11-12
KFC,Food & Dining,USA,USD,freelancer,13.81,2024-11-13
Fundraising #3293 - USA Online (Card),Charity & Donations,USA,USD,freelancer,135.51,2024-11-13
AT&T - USA (Mobile),Utilities & Services,USA,USD,freelancer,124.32,2024-11-14
Rock Climbing - USA Store,Entertainment & Recreation,USA,USD,freelancer,17.43,2024-11-14
AT&T #4645,Utilities & Services,USA,USD,freelancer,59.85,2024-11-14
Gas Company Online,Utilities & Services,USA,USD,freelancer,125.99,2024-11-15
Enterprise - USA,Transportation,USA,USD,freelancer,11.11,2024-11-16
Burger King - Night,Food & Dining,USA,USD,freelancer,10.7,2024-11-16
Charter,Utilities & Services,USA,USD,freelancer,196.36,2024-11-17
JetBlue,Transportation,USA,USD,freelancer,23.89,2024-11-19
Local Food Bank - USA - Weekend,Charity & Donations,USA,USD,freelancer,83.94,2024-11-19
Ross - USA,Shopping & Retail,USA,USD,freelancer,178.51,2024-11-19
Capitol #8184 TXN129925,Government & Legal,USA,USD,freelancer,372.32,2024-11-20
Huntington Bank,Financial Services,USA,USD,freelancer,90.08,2024-11-21
Toll - USA Center,Transportation,USA,USD,freelancer,90.26,2024-11-21
Surgery Center (Card),Healthcare & Medical,USA,USD,freelancer,56.41,2024-11-21
Potbelly Store Online (ACH),Food & Dining,USA,USD,freelancer,28.1,2024-11-21
Disney+ #3720,Entertainment & Recreation,USA,USD,freelancer,43.03,2024-11-21
Crunch Fitness,Entertainment & Recreation,USA,USD,freelancer,24.68,2024-11-22
BART,Transportation,USA,USD,freelancer,63.62,2024-11-23
Spotify,Entertainment & Recreation,USA,USD,freelancer,9.43,2024-11-23
First National #9550 Online Branch,Financial Services,USA,USD,freelancer,478.92,2024-11-25
BoltBus Center Business District,Transportation,USA,USD,freelancer,6.92,2024-11-25
Allegiant,Transportation,USA,USD,freelancer,36.72,2024-11-25
Wendy's - USA,Food & Dining,USA,USD,freelancer,45.33,2024-11-25
Yoga Studio,Entertainment & Recreation,USA,USD,freelancer,89.24,2024-11-26
CVS - USA,Healthcare & Medical,USA,USD,freelancer,185.22,2024-11-27
Consolidated Communications TXN141476,Utilities & Services,USA,USD,freelancer,90.39,2024-11-27
Von Maur - USA Online,Shopping & Retail,USA,USD,freelancer,242.42,2024-11-27
Dropbox,Utilities & Services,USA,USD,freelancer,14.82,2024-11-27
Shell Business District,Transportation,USA,USD,freelancer,89.7,2024-11-28
CIA,Government & Legal,USA,USD,freelancer,97.38,2024-11-28
Cinemark,Entertainment & Recreation,USA,USD,freelancer,89.87,2024-12-01
MTA TXN642924,Transportation,USA,USD,freelancer,17.15,2024-12-01
Nature Conservancy,Charity & Donations,USA,USD,freelancer,168.06,2024-12-01
Income,Income,USA,USD,freelancer,7669.94,2024-12-02
Senior Center #7167 - Dinner Time,Charity & Donations,USA,USD,freelancer,80.3,2024-12-03
Macy's #2249 TXN237726,Shopping & Retail,USA,USD,freelancer,235.18,2024-12-03
Animal Shelter,Charity & Donations,USA,USD,freelancer,60.6,2024-12-03
Dermatologist,Healthcare & Medical,USA,USD,freelancer,244.3,2024-12-03
Income,Income,USA,USD,freelancer,5718.94,2024-12-04
US Bank #2388 Online,Financial Services,USA,USD,freelancer,758.25,2024-12-04
MBTA Branch,Transportation,USA,USD,freelancer,4.18,2024-12-06
Car2Go - Night,Transportation,USA,USD,freelancer,34.94,2024-12-06
Kickstarter #7835,Charity & Donations,USA,USD,freelancer,192.52,2024-12-06
Doctors Without Borders #9153,Charity & Donations,USA,USD,freelancer,56.22,2024-12-06
Windstream - USA TXN643762,Utilities & Services,USA,USD,freelancer,285.59,2024-12-07
Federal Building #7396 Center,Government & Legal,USA,USD,freelancer,225.19,2024-12-07
AT&T #6036,Utilities & Services,USA,USD,freelancer,134.99,2024-12-08
Red Cross #7865,Charity & Donations,USA,USD,freelancer,12.12,2024-12-08
Regal (Bank Transfer),Entertainment & Recreation,USA,USD,freelancer,26.35,2024-12-09
Sparklight (Online),Utilities & Services,USA,USD,freelancer,252.38,2024-12-11
MARTA (Mobile),Transportation,USA,USD,freelancer,74.16,2024-12-11
Charity Branch - Afternoon,Charity & Donations,USA,USD,freelancer,91.59,2024-12-11
Brigham and Women's - USA Store,Healthcare & Medical,USA,USD,freelancer,23.48,2024-12-11
Adobe Creative Cloud,Shopping & Retail,USA,USD,freelancer,39.84,2024-12-14
Online Bank #6982 Branch,Financial Services,USA,USD,freelancer,782.02,2024-12-16
US Bank Airport,Financial Services,USA,USD,freelancer,838.65,2024-12-16
American Airlines - USA Residential,Transportation,USA,USD,freelancer,83.75,2024-12-17
Bank of America #7664 - USA,Financial Services,USA,USD,freelancer,56.95,2024-12-17
Olive Garden (Mobile),Food & Dining,USA,USD,freelancer,32.49,2024-12-18
Spotify,Entertainment & Recreation,USA,USD,freelancer,9.05,2024-12-18
Transfer TXN828393,Financial Services,USA,USD,freelancer,575.32,2024-12-19
Capitol Store,Government & Legal,USA,USD,freelancer,308.57,2024-12-20
Gas Company - USA,Utilities & Services,USA,USD,freelancer,128.9,2024-12-20
MTA #3800 - USA,Transportation,USA,USD,freelancer,53.78,2024-12-20
Starlink Mall,Utilities & Services,USA,USD,freelancer,170.98,2024-12-20
MTA,Transportation,USA,USD,freelancer,18.88,2024-12-20
Turo,Transportation,USA,USD,freelancer,78.36,2024-12-21
In-N-Out #7671 Store Branch,Food & Dining,USA,USD,freelancer,26.73,2024-12-22
CVS - USA,Healthcare & Medical,USA,USD,freelancer,489.15,2024-12-22
Rally's #8158,Food & Dining,USA,USD,freelancer,32.7,2024-12-23
Netflix TXN991267,Entertainment & Recreation,USA,USD,freelancer,117.71,2024-12-23
National Parks #2105 Store Center TXN208241,Charity & Donations,USA,USD,freelancer,145.48,2024-12-24
Federal Building - USA - Afternoon,Government & Legal,USA,USD,freelancer,270.83,2024-12-24
Mutual Fund,Financial Services,USA,USD,freelancer,341.1,2024-12-26
Spectrum - Weekend,Utilities & Services,USA,USD,freelancer,197.34,2024-12-27
Stanford Health #4762,Healthcare & Medical,USA,USD,freelancer,114.36,2024-12-27
Dropbox,Utilities & Services,USA,USD,freelancer,14.77,2024-12-28
Big Lots Online - Rush Hour,Shopping & Retail,USA,USD,saver,239.38,2022-01-01
Quiznos Store Center (Mobile),Food & Dining,USA,USD,saver,42.52,2022-01-01
Investment,Financial Services,USA,USD,saver,842.15,2022-01-02
Hulu,Entertainment & Recreation,USA,USD,saver,5.07,2022-01-02
Netflix,Entertainment & Recreation,USA,USD,saver,14.0,2022-01-03
Income,Income,USA,USD,saver,6538.9,2022-01-05
Chase #5955 Online (ACH),Financial Services,USA,USD,saver,74.1,2022-01-05
Safeway,Food & Dining,USA,USD,saver,38.71,2022-01-05
TJ Maxx - USA (Bank Transfer),Shopping & Retail,USA,USD,saver,228.47,2022-01-07
Synagogue Store,Charity & Donations,USA,USD,saver,105.03,2022-01-08
Gold's Gym - USA,Entertainment & Recreation,USA,USD,saver,85.42,2022-01-08
Local Food Bank #4504 Online,Charity & Donations,USA,USD,saver,40.97,2022-01-09
Panera Bread Center,Food & Dining,USA,USD,saver,31.61,2022-01-10
Walgreens (ACH),Shopping & Retail,USA,USD,saver,180.83,2022-01-10
Swimming Pool Branch,Entertainment & Recreation,USA,USD,saver,63.4,2022-01-13
Chipotle #7990,Food & Dining,USA,USD,saver,14.54,2022-01-14
Investment Bank Online - Evening,Financial Services,USA,USD,saver,462.53,2022-01-15
Gym,Entertainment & Recreation,USA,USD,saver,57.74,2022-01-15
Public WiFi Store - Night,Utilities & Services,USA,USD,saver,116.97,2022-01-16
Physical Therapy #5047 - USA Store Campus,Healthcare & Medical,USA,USD,saver,239.16,2022-01-17
RCN #6166,Utilities & Services,USA,USD,saver,185.5,2022-01-17
Clinic #6471 - USA Online,Healthcare & Medical,USA,USD,saver,383.11,2022-01-18
Cold Stone Creamery - USA,Food & Dining,USA,USD,saver,16.06,2022-01-19
Zara (Cash),Shopping & Retail,USA,USD,saver,282.81,2022-01-20
Lab #4052 Store,Healthcare & Medical,USA,USD,saver,291.2,2022-01-20
Starlink,Utilities & Services,USA,USD,saver,213.69,2022-01-22
Frontier,Transportation,USA,USD,saver,23.23,2022-01-22
Gym,Healthcare & Medical,USA,USD,saver,23.48,2022-01-22
Rite Aid (Contactless),Healthcare & Medical,USA,USD,saver,378.12,2022-01-23
DirecTV #9840 - USA,Utilities & Services,USA,USD,saver,241.93,2022-01-24
Notary - USA Store TXN643184,Government & Legal,USA,USD,saver,490.1,2022-01-24
Visa #2278 - USA (Wire),Government & Legal,USA,USD,saver,319.76,2022-01-25
Offering #4955,Charity & Donations,USA,USD,saver,110.04,2022-01-25
Office Depot #6336 - Dinner Time,Shopping & Retail,USA,USD,saver,212.94,2022-01-26
Chase #7801 Online (Card),Financial Services,USA,USD,saver,196.42,2022-01-28
Saks Fifth Avenue,Shopping & Retail,USA,USD,saver,17.44,2022-02-01
National,Transportation,USA,USD,saver,64.45,2022-02-02
Convention Center #1968 Store,Entertainment & Recreation,USA,USD,saver,8.75,2022-02-02
Netflix,Entertainment & Recreation,USA,USD,saver,12.27,2022-02-02
Income,Income,USA,USD,saver,4118.86,2022-02-04
PNC Bank #7982 Online Center,Financial Services,USA,USD,saver,998.19,2022-02-04
Thrifty Store,Transportation,USA,USD,saver,97.2,2022-02-04
Rite Aid #6706 - USA TXN468387,Healthcare & Medical,USA,USD,saver,345.28,2022-02-05
Pediatrician Shopping Center,Healthcare & Medical,USA,USD,saver,121.95,2022-02-06
Children's Hospital #8372 - USA,Healthcare & Medical,USA,USD,saver,403.18,2022-02-06
Bus #1621 - USA,Transportation,USA,USD,saver,85.24,2022-02-07
Hospital,Healthcare & Medical,USA,USD,saver,274.57,2022-02-09
Wealth Management Center,Financial Services,USA,USD,saver,867.77,2022-02-10
Highway Patrol,Government & Legal,USA,USD,saver,245.52,2022-02-11
In-N-Out Store,Food & Dining,USA,USD,saver,6.22,2022-02-11
Hulu,Entertainment & Recreation,USA,USD,saver,6.51,2022-02-11
Tax Preparation - USA,Financial Services,USA,USD,saver,992.87,2022-02-12
Cable Internet,Utilities & Services,USA,USD,saver,184.37,2022-02-12
Ambulance #1414 Store,Government & Legal,USA,USD,saver,276.24,2022-02-12
BP,Transportation,USA,USD,saver,93.92,2022-02-14
Police Department #6415,Government & Legal,USA,USD,saver,212.73,2022-02-14
Gynecologist,Healthcare & Medical,USA,USD,saver,495.35,2022-02-14
Frontier - Evening,Utilities & Services,USA,USD,saver,209.61,2022-02-14
WMATA,Transportation,USA,USD,saver,27.91,2022-02-14
Homeless Shelter,Charity & Donations,USA,USD,saver,100.12,2022-02-15
Netflix - USA - Rush Hour,Entertainment & Recreation,USA,USD,saver,138.35,2022-02-17
Amazon Prime Store - Lunch Time,Entertainment & Recreation,USA,USD,saver,63.1,2022-02-18
Mr. Sub #7019 Online,Food & Dining,USA,USD,saver,45.25,2022-02-19
Mediacom #1376,Utilities & Services,USA,USD,saver,67.7,2022-02-19
Investment #6810 Branch,Financial Services,USA,USD,saver,900.63,2022-02-19
24 Hour Fitness - USA,Entertainment & Recreation,USA,USD,saver,140.72,2022-02-19
GoFundMe Business District,Charity & Donations,USA,USD,saver,60.09,2022-02-21
Raising Cane's - Afternoon,Food & Dining,USA,USD,saver,8.54,2022-02-24
Macy's - USA,Shopping & Retail,USA,USD,saver,101.28,2022-02-25
Gym,Healthcare & Medical,USA,USD,saver,29.05,2022-02-25
WiFi Hotspot,Utilities & Services,USA,USD,saver,293.08,2022-02-26
WOW (Online),Utilities & Services,USA,USD,saver,88.67,2022-02-27
Mini Golf Center - Weekend,Entertainment & Recreation,USA,USD,saver,143.39,2022-03-01
Income,Income,USA,USD,saver,5909.66,2022-03-02
Dillard's #8673 - USA Branch (Mobile),Shopping & Retail,USA,USD,saver,85.69,2022-03-02
Uber,Transportation,USA,USD,saver,15.88,2022-03-02
Income,Income,USA,USD,saver,5780.42,2022-03-03
Government,Government & Legal,USA,USD,saver,165.5,2022-03-04
Trader Joe's Store Branch Shopping Center,Food & Dining,USA,USD,saver,40.38,2022-03-04
Registration - USA Strip Mall,Government & Legal,USA,USD,saver,474.63,2022-03-04
Community Center Store,Charity & Donations,USA,USD,saver,18.59,2022-03-05
Cinema #9428,Entertainment & Recreation,USA,USD,saver,29.89,2022-03-05
ASPCA #1896,Charity & Donations,USA,USD,saver,52.43,2022-03-06
Registration - USA Campus,Government & Legal,USA,USD,saver,379.96,2022-03-08
Adidas - USA,Shopping & Retail,USA,USD,saver,170.17,2022-03-08
Train - Rush Hour,Transportation,USA,USD,saver,21.2,2022-03-08
Five Guys #4438 Branch,Food & Dining,USA,USD,saver,28.55,2022-03-08
Hulu,Entertainment & Recreation,USA,USD,saver,6.66,2022-03-08
Kaiser Permanente #3742,Healthcare & Medical,USA,USD,saver,103.5,2022-03-09
Comcast #3336 (Online),Utilities & Services,USA,USD,saver,202.99,2022-03-10
Zaxby's,Food & Dining,USA,USD,saver,9.4,2022-03-11
Saks Fifth Avenue Branch,Shopping & Retail,USA,USD,saver,275.72,2022-03-11
Orange Theory,Entertainment & Recreation,USA,USD,saver,136.41,2022-03-14
Peter Pan #3480 - USA,Transportation,USA,USD,saver,99.61,2022-03-15
Nature Conservancy #8308 - USA,Charity & Donations,USA,USD,saver,110.2,2022-03-15
Huntington Bank #1033 Center (Bank Transfer),Financial Services,USA,USD,saver,205.4,2022-03-17
T-Mobile,Utilities & Services,USA,USD,saver,151.25,2022-03-17
Car2Go #5849 - USA,Transportation,USA,USD,saver,18.23,2022-03-17
GoFundMe - USA,Charity & Donations,USA,USD,saver,168.29,2022-03-18
Netflix,Entertainment & Recreation,USA,USD,saver,10.61,2022-03-19
Senate Store Strip Mall,Government & Legal,USA,USD,saver,337.31,2022-03-20
First National #1976,Financial Services,USA,USD,saver,63.92,2022-03-20
Rite Aid - USA,Healthcare & Medical,USA,USD,saver,79.97,2022-03-20
Ross #5507 - USA,Shopping & Retail,USA,USD,saver,266.39,2022-03-21
Walgreens #5726 - Morning,Shopping & Retail,USA,USD,saver,167.72,2022-03-21
Permit,Government & Legal,USA,USD,saver,342.41,2022-03-22
KFC Center,Food & Dining,USA,USD,saver,31.29,2022-03-22
Gym,Healthcare & Medical,USA,USD,saver,25.33,2022-03-22
TSA - USA - Holiday,Government & Legal,USA,USD,saver,442.83,2022-03-23
Internet Provider #4978 - Evening,Utilities & Services,USA,USD,saver,290.81,2022-03-23
Secret Service,Government & Legal,USA,USD,saver,387.01,2022-03-23
Fire Department #5996 - USA,Government & Legal,USA,USD,saver,239.75,2022-03-24
Maven Branch - Night,Transportation,USA,USD,saver,44.61,2022-03-25
Disney+ Store,Entertainment & Recreation,USA,USD,saver,18.26,2022-03-25
GoFundMe Station,Charity & Donations,USA,USD,saver,53.23,2022-03-25
World Vision - USA Online,Charity & Donations,USA,USD,saver,105.04,2022-03-26
McDonald's - USA Store - Morning,Food & Dining,USA,USD,saver,23.94,2022-03-27
24 Hour Fitness #8992 Online - Weekend,Entertainment & Recreation,USA,USD,saver,6.28,2022-03-27
Arcade,Entertainment & Recreation,USA,USD,saver,119.12,2022-03-27
DirecTV Store Strip Mall,Utilities & Services,USA,USD,saver,242.25,2022-03-28
Surgery #9962 Store,Healthcare & Medical,USA,USD,saver,369.57,2022-03-28
Transfer,Financial Services,USA,USD,saver,533.81,2022-04-01
Clinic - USA,Healthcare & Medical,USA,USD,saver,408.83,2022-04-01
Goodwill #8534,Charity & Donations,USA,USD,saver,63.19,2022-04-01
Macy's,Shopping & Retail,USA,USD,saver,255.69,2022-04-02
Suddenlink - USA,Utilities & Services,USA,USD,saver,220.57,2022-04-03
Income,Income,USA,USD,saver,4506.31,2022-04-04
Maven,Transportation,USA,USD,saver,45.93,2022-04-04
DSL,Utilities & Services,USA,USD,saver,279.68,2022-04-05
Citibank - USA Online,Financial Services,USA,USD,saver,580.1,2022-04-06
Fitness Center,Entertainment & Recreation,USA,USD,saver,97.19,2022-04-06
Specialist Online,Healthcare & Medical,USA,USD,saver,119.15,2022-04-07
World Vision - USA Online,Charity & Donations,USA,USD,saver,150.99,2022-04-08
Business WiFi #4398,Utilities & Services,USA,USD,saver,130.62,2022-04-08
Secret Service - USA,Government & Legal,USA,USD,saver,382.75,2022-04-11
Burger King #8682 Store,Food & Dining,USA,USD,saver,23.09,2022-04-14
Hulu,Entertainment & Recreation,USA,USD,saver,6.79,2022-04-14
Fundraising - Night,Charity & Donations,USA,USD,saver,172.71,2022-04-15
Rock Climbing #4581 Store,Entertainment & Recreation,USA,USD,saver,110.05,2022-04-15
Gym #6844,Entertainment & Recreation,USA,USD,saver,102.39,2022-04-16
KeyBank,Financial Services,USA,USD,saver,919.03,2022-04-16
BoltBus Station,Transportation,USA,USD,saver,87.75,2022-04-17
Chase,Financial Services,USA,USD,saver,468.11,2022-04-18
Parking - USA,Transportation,USA,USD,saver,51.37,2022-04-18
Netflix,Entertainment & Recreation,USA,USD,saver,11.85,2022-04-18
Charter,Utilities & Services,USA,USD,saver,167.51,2022-04-19
Comerica - USA TXN337740,Financial Services,USA,USD,saver,328.66,2022-04-20
Oxfam Store,Charity & Donations,USA,USD,saver,68.8,2022-04-20
Ambulance,Government & Legal,USA,USD,saver,478.88,2022-04-20
Physical Therapy Center,Healthcare & Medical,USA,USD,saver,175.37,2022-04-20
Stock Branch Strip Mall,Financial Services,USA,USD,saver,647.41,2022-04-21
NYU Langone (App),Healthcare & Medical,USA,USD,saver,334.14,2022-04-22
PNC Bank #3278,Financial Services,USA,USD,saver,933.3,2022-04-23
Firehouse Subs #5686,Food & Dining,USA,USD,saver,23.36,2022-04-24
Mosque #4008 Store Center TXN216435,Charity & Donations,USA,USD,saver,128.77,2022-04-24
Brokerage #3913 Residential,Financial Services,USA,USD,saver,123.31,2022-04-24
Gym,Healthcare & Medical,USA,USD,saver,37.71,2022-04-24
Atlantic Broadband - Night,Utilities & Services,USA,USD,saver,276.1,2022-04-25
Uber Store TXN947077,Transportation,USA,USD,saver,65.8,2022-04-25
Panera Bread Store,Food & Dining,USA,USD,saver,18.4,2022-04-27
Olive Garden - Afternoon,Food & Dining,USA,USD,saver,16.37,2022-04-28
Bowling Alley,Entertainment & Recreation,USA,USD,saver,50.47,2022-04-28
United Way,Charity & Donations,USA,USD,saver,92.95,2022-05-01
Shell #3438 Store,Transportation,USA,USD,saver,49.09,2022-05-02
GameStop Store - Weekend,Shopping & Retail,USA,USD,saver,198.23,2022-05-02
Macy's (Bank Transfer),Shopping & Retail,USA,USD,saver,292.04,2022-05-02
Income,Income,USA,USD,saver,5046.7,2022-05-03
Moe's Southwest Grill #2703 Store,Food & Dining,USA,USD,saver,18.35,2022-05-03
Comcast Center,Utilities & Services,USA,USD,saver,166.22,2022-05-03
Income,Income,USA,USD,saver,6151.01,2022-05-04
Bookkeeping #2708 - USA Online,Financial Services,USA,USD,saver,358.11,2022-05-05
Red Cross Store Business District,Charity & Donations,USA,USD,saver,131.34,2022-05-05
Pilates - USA,Entertainment & Recreation,USA,USD,saver,136.62,2022-05-05
Gym,Healthcare & Medical,USA,USD,saver,36.19,2022-05-05
Passport - USA,Government & Legal,USA,USD,saver,490.26,2022-05-06
Whole Foods #8999,Food & Dining,USA,USD,saver,23.8,2022-05-07
Macy's #5648 - USA,Shopping & Retail,USA,USD,saver,64.22,2022-05-07
Hulu,Entertainment & Recreation,USA,USD,saver,7.21,2022-05-08
Exxon #6212 - USA Store,Transportation,USA,USD,saver,40.1,2022-05-09
Starlink Store,Utilities & Services,USA,USD,saver,91.97,2022-05-10
World Vision,Charity & Donations,USA,USD,saver,188.71,2022-05-10
Checkers #7078 Store Online - Lunch Time,Food & Dining,USA,USD,saver,20.26,2022-05-11
Lyft #7314 Mall,Transportation,USA,USD,saver,58.53,2022-05-11
Mayo Clinic Store,Healthcare & Medical,USA,USD,saver,340.05,2022-05-13
YouTube,Entertainment & Recreation,USA,USD,saver,107.09,2022-05-14
MRI - Holiday,Healthcare & Medical,USA,USD,saver,436.3,2022-05-14
Subway,Food & Dining,USA,USD,saver,17.78,2022-05-14
Quiznos,Food & Dining,USA,USD,saver,48.55,2022-05-14
Ambulance #6924 (Card),Government & Legal,USA,USD,saver,389.84,2022-05-15
Netflix,Entertainment & Recreation,USA,USD,saver,13.01,2022-05-16
IRS #5203,Government & Legal,USA,USD,saver,381.25,2022-05-17
Exxon,Transportation,USA,USD,saver,88.8,2022-05-17
Concert,Entertainment & Recreation,USA,USD,saver,101.92,2022-05-18
UPS Store - USA (ACH),Shopping & Retail,USA,USD,saver,247.49,2022-05-18
TD Bank #6383 (Cash),Financial Services,USA,USD,saver,493.92,2022-05-18
Secret Service,Government & Legal,USA,USD,saver,296.83,2022-05-18
Jack in the Box #4727 Center,Food & Dining,USA,USD,saver,33.99,2022-05-18
Amazon Prime #2278 - USA,Entertainment & Recreation,USA,USD,saver,147.51,2022-05-19
Banking Store Online - Dinner Time,Financial Services,USA,USD,saver,959.84,2022-05-19
Dermatologist,Healthcare & Medical,USA,USD,saver,260.42,2022-05-21
Donation,Charity & Donations,USA,USD,saver,103.61,2022-05-22
Pharmacy - USA Store Online,Healthcare & Medical,USA,USD,saver,402.33,2022-05-24
Subway #5904 TXN852508,Food & Dining,USA,USD,saver,16.39,2022-05-24
WiFi Hotspot #1760,Utilities & Services,USA,USD,saver,64.98,2022-05-26
Pediatrician #2243,Healthcare & Medical,USA,USD,saver,115.65,2022-05-27
Humane Society - Afternoon,Charity & Donations,USA,USD,saver,182.48,2022-05-27
US Bank #1134,Financial Services,USA,USD,saver,400.13,2022-05-28
Veterans Organization #8569 Branch,Charity & Donations,USA,USD,saver,131.93,2022-06-01
Ambulance Store TXN804057,Government & Legal,USA,USD,saver,231.75,2022-06-02
DEA Center Airport,Government & Legal,USA,USD,saver,480.43,2022-06-03
Veterans Organization - USA,Charity & Donations,USA,USD,saver,109.74,2022-06-03
Income,Income,USA,USD,saver,5681.37,2022-06-04
Hulu,Entertainment & Recreation,USA,USD,saver,7.82,2022-06-04
Chick-fil-A #1157,Food & Dining,USA,USD,saver,23.53,2022-06-08
Gym,Healthcare & Medical,USA,USD,saver,35.57,2022-06-08
DSL - USA Airport,Utilities & Services,USA,USD,saver,202.57,2022-06-09
Sephora #5192,Shopping & Retail,USA,USD,saver,195.22,2022-06-09
WiFi - USA,Utilities & Services,USA,USD,saver,76.8,2022-06-10
Doctors Without Borders #3091,Charity & Donations,USA,USD,saver,5.85,2022-06-10
Amnesty International #7021 - USA - Dinner Time,Charity & Donations,USA,USD,saver,30.48,2022-06-10
Pure Barre,Entertainment & Recreation,USA,USD,saver,134.41,2022-06-11
Salvation Army Branch,Charity & Donations,USA,USD,saver,175.19,2022-06-11
Exxon - USA Store,Transportation,USA,USD,saver,50.03,2022-06-12
Atlantic Broadband,Utilities & Services,USA,USD,saver,165.86,2022-06-13
City Hall #7182,Government & Legal,USA,USD,saver,355.14,2022-06-14
Zara #3574,Shopping & Retail,USA,USD,saver,286.9,2022-06-15
Water Company,Utilities & Services,USA,USD,saver,234.23,2022-06-16
Sprint,Utilities & Services,USA,USD,saver,172.53,2022-06-16
Firehouse Subs,Food & Dining,USA,USD,saver,19.51,2022-06-17
Museum,Entertainment & Recreation,USA,USD,saver,131.09,2022-06-17
Amazon Prime #2856 - USA,Entertainment & Recreation,USA,USD,saver,58.58,2022-06-17
Marshals TXN351035,Government & Legal,USA,USD,saver,241.74,2022-06-18
World Vision,Charity & Donations,USA,USD,saver,25.81,2022-06-19
Mount Sinai (Online),Healthcare & Medical,USA,USD,saver,37.27,2022-06-20
County Clerk Business District,Government & Legal,USA,USD,saver,227.08,2022-06-21
Surgery Center,Healthcare & Medical,USA,USD,saver,317.8,2022-06-21
Walmart Supercenter,Food & Dining,USA,USD,saver,23.35,2022-06-23
Border Patrol,Government & Legal,USA,USD,saver,126.54,2022-06-23
Speech Therapy #8150 (Contactless),Healthcare & Medical,USA,USD,saver,260.28,2022-06-24
Federal Building #7937 TXN464163,Government & Legal,USA,USD,saver,64.99,2022-06-24
Netflix,Entertainment & Recreation,USA,USD,saver,10.49,2022-06-24
Trampoline Park Store,Entertainment & Recreation,USA,USD,saver,81.36,2022-06-26
Alamo,Transportation,USA,USD,saver,77.09,2022-06-28
Income,Income,USA,USD,saver,5996.5,2022-07-01
Income,Income,USA,USD,saver,4134.32,2022-07-01
Walgreens Center,Shopping & Retail,USA,USD,saver,213.89,2022-07-01
Synagogue #1654,Charity & Donations,USA,USD,saver,36.0,2022-07-02
Stanford Health - USA (App),Healthcare & Medical,USA,USD,saver,54.67,2022-07-03
Dish - USA,Utilities & Services,USA,USD,saver,157.76,2022-07-03
Mr. Sub - USA Hospital,Food & Dining,USA,USD,saver,8.88,2022-07-04
Hulu,Entertainment & Recreation,USA,USD,saver,7.8,2022-07-04
Dunkin' Donuts Branch (Digital Wallet),Food & Dining,USA,USD,saver,37.67,2022-07-05
Disney+ Store,Entertainment & Recreation,USA,USD,saver,123.67,2022-07-05
Passport - Morning,Government & Legal,USA,USD,saver,235.66,2022-07-05
BP,Transportation,USA,USD,saver,24.1,2022-07-05
Tennis Court #7867 - USA,Entertainment & Recreation,USA,USD,saver,14.65,2022-07-06
24 Hour Fitness,Entertainment & Recreation,USA,USD,saver,9.93,2022-07-08
Charity #1465,Charity & Donations,USA,USD,saver,165.75,2022-07-08
Frontier,Utilities & Services,USA,USD,saver,68.61,2022-07-09
Von Maur - USA,Shopping & Retail,USA,USD,saver,263.34,2022-07-09
Delta - USA,Transportation,USA,USD,saver,13.66,2022-07-09
DSL #3106,Utilities & Services,USA,USD,saver,102.41,2022-07-11
Synagogue Store,Charity & Donations,USA,USD,saver,65.52,2022-07-12
Train #7098,Transportation,USA,USD,saver,76.78,2022-07-13
Capitol,Government & Legal,USA,USD,saver,373.9,2022-07-13
X-Ray - USA Hospital,Healthcare & Medical,USA,USD,saver,318.08,2022-07-14
Bowling Alley,Entertainment & Recreation,USA,USD,saver,6.39,2022-07-15
Kroger Pharmacy #4010 (Card),Healthcare & Medical,USA,USD,saver,499.99,2022-07-15
Rite Aid,Shopping & Retail,USA,USD,saver,131.04,2022-07-16
Jersey Mike's - USA Branch (ACH),Food & Dining,USA,USD,saver,6.33,2022-07-16
Passport,Government & Legal,USA,USD,saver,212.18,2022-07-16
Oxfam #8366 Store,Charity & Donations,USA,USD,saver,14.39,2022-07-16
Marshals (Online),Government & Legal,USA,USD,saver,357.85,2022-07-18
UPS Store - Weekday,Shopping & Retail,USA,USD,saver,297.33,2022-07-18
Gym,Healthcare & Medical,USA,USD,saver,22.17,2022-07-18
Macy's Residential,Shopping & Retail,USA,USD,saver,125.21,2022-07-19
FlixBus Branch,Transportation,USA,USD,saver,10.79,2022-07-20
Red Cross #6865 - USA Campus,Charity & Donations,USA,USD,saver,57.12,2022-07-20
Planet Fitness - USA (Digital Wallet),Entertainment & Recreation,USA,USD,saver,72.89,2022-07-20
Bus - USA Online,Transportation,USA,USD,saver,63.86,2022-07-21
Walk-in Clinic - USA,Healthcare & Medical,USA,USD,saver,333.69,2022-07-23
Whataburger #2846 - USA,Food & Dining,USA,USD,saver,12.73,2022-07-23
TSA Branch,Government & Legal,USA,USD,saver,95.58,2022-07-25
Border Patrol Online Strip Mall,Government & Legal,USA,USD,saver,373.63,2022-07-26
WMATA Store,Transportation,USA,USD,saver,90.43,2022-07-27
Sixt,Transportation,USA,USD,saver,27.7,2022-07-27
Dollar Tree #5806,Shopping & Retail,USA,USD,saver,146.84,2022-07-27
Dollar Tree #6977 TXN210184,Shopping & Retail,USA,USD,saver,193.56,2022-07-27
Netflix,Entertainment & Recreation,USA,USD,saver,13.94,2022-07-27
Specialist - USA Airport,Healthcare & Medical,USA,USD,saver,135.32,2022-07-28
Chiropractor - USA TXN857512,Healthcare & Medical,USA,USD,saver,289.29,2022-07-28
Office Depot #9376 - Evening,Shopping & Retail,USA,USD,saver,245.04,2022-07-28
Senior Center #7533 - USA (Cash),Charity & Donations,USA,USD,saver,13.38,2022-08-01
Doctors Without Borders,Charity & Donations,USA,USD,saver,199.46,2022-08-01
Suddenlink (ACH),Utilities & Services,USA,USD,saver,135.79,2022-08-01
Checkers,Food & Dining,USA,USD,saver,42.45,2022-08-02
CTA #8550 Center,Transportation,USA,USD,saver,22.47,2022-08-03
Income,Income,USA,USD,saver,5185.15,2022-08-04
Pharmacy,Healthcare & Medical,USA,USD,saver,484.54,2022-08-04
Income,Income,USA,USD,saver,6699.2,2022-08-05
Planet Fitness #5374 Online TXN788920,Entertainment & Recreation,USA,USD,saver,121.01,2022-08-05
Allegiant,Transportation,USA,USD,saver,68.26,2022-08-05
DMV - USA Store,Government & Legal,USA,USD,saver,301.12,2022-08-05
BART - USA,Transportation,USA,USD,saver,13.03,2022-08-07
Cardiologist Campus,Healthcare & Medical,USA,USD,saver,331.39,2022-08-07
Google Fiber #8052 Store,Utilities & Services,USA,USD,saver,157.21,2022-08-07
Gym,Healthcare & Medical,USA,USD,saver,33.07,2022-08-07
Gym - USA,Entertainment & Recreation,USA,USD,saver,62.29,2022-08-08
SoulCycle #9797,Entertainment & Recreation,USA,USD,saver,17.42,2022-08-09
CrossFit Store,Entertainment & Recreation,USA,USD,saver,105.89,2022-08-10
Museum #1102 - USA Business District,Entertainment & Recreation,USA,USD,saver,52.48,2022-08-11
Legal TXN298872,Government & Legal,USA,USD,saver,300.92,2022-08-12
WWF (Card),Charity & Donations,USA,USD,saver,140.45,2022-08-12
Parking #3175 - Afternoon,Transportation,USA,USD,saver,24.54,2022-08-13
Registration #2403 Shopping Center,Government & Legal,USA,USD,saver,110.3,2022-08-13
Rock Climbing Residential,Entertainment & Recreation,USA,USD,saver,68.76,2022-08-13
Saks Off 5th - USA,Shopping & Retail,USA,USD,saver,188.88,2022-08-15
Dillard's #7107 - Weekend,Shopping & Retail,USA,USD,saver,90.58,2022-08-15
Netflix,Entertainment & Recreation,USA,USD,saver,14.41,2022-08-15
Hulu,Entertainment & Recreation,USA,USD,saver,8.3,2022-08-15
Dental - USA Branch - Evening,Healthcare & Medical,USA,USD,saver,304.99,2022-08-16
Mayo Clinic Online,Healthcare & Medical,USA,USD,saver,306.73,2022-08-18
Surgery #2233,Healthcare & Medical,USA,USD,saver,155.17,2022-08-18
Train #6562,Transportation,USA,USD,saver,47.26,2022-08-19
Cardiologist #1859 Store (Cash),Healthcare & Medical,USA,USD,saver,166.82,2022-08-20
IRS - Morning,Government & Legal,USA,USD,saver,282.21,2022-08-21
Investment - USA - Night,Financial Services,USA,USD,saver,518.16,2022-08-21
Legal - Afternoon,Government & Legal,USA,USD,saver,126.38,2022-08-21
Secret Service TXN711292,Government & Legal,USA,USD,saver,52.42,2022-08-21
Saks Fifth Avenue - USA,Shopping & Retail,USA,USD,saver,217.55,2022-08-21
Mobile Hotspot #9858 TXN329941,Utilities & Services,USA,USD,saver,137.85,2022-08-21
X-Ray - USA TXN685516,Healthcare & Medical,USA,USD,saver,40.31,2022-08-22
Psychiatrist,Healthcare & Medical,USA,USD,saver,465.83,2022-08-23
Metro Mall,Transportation,USA,USD,saver,62.71,2022-08-24
Planet Fitness Online,Entertainment & Recreation,USA,USD,saver,147.5,2022-08-27
Planet Fitness - USA,Entertainment & Recreation,USA,USD,saver,19.0,2022-08-27
Income,Income,USA,USD,saver,6098.18,2022-09-01
Income,Income,USA,USD,saver,6202.87,2022-09-01
ASPCA,Charity & Donations,USA,USD,saver,69.6,2022-09-01
Escape Room,Entertainment & Recreation,USA,USD,saver,23.31,2022-09-01
Walgreens Branch,Shopping & Retail,USA,USD,saver,179.3,2022-09-01
Optimum Store TXN874326,Utilities & Services,USA,USD,saver,60.33,2022-09-02
Netflix,Entertainment & Recreation,USA,USD,saver,13.88,2022-09-02
Surgery #8118 - Dinner Time,Healthcare & Medical,USA,USD,saver,328.07,2022-09-04
National #1140 Store Online (Cash),Transportation,USA,USD,saver,44.33,2022-09-05
HSBC Store - Dinner Time,Financial Services,USA,USD,saver,726.94,2022-09-07
Bojangles (App),Food & Dining,USA,USD,saver,48.21,2022-09-08
Orthopedist TXN512602,Healthcare & Medical,USA,USD,saver,430.23,2022-09-08
Carnival Online,Entertainment & Recreation,USA,USD,saver,50.5,2022-09-08
Avis,Transportation,USA,USD,saver,89.56,2022-09-09
Laser Tag #7788 - USA,Entertainment & Recreation,USA,USD,saver,22.43,2022-09-09
Turo - USA,Transportation,USA,USD,saver,49.2,2022-09-12
Dairy Queen Business District,Food & Dining,USA,USD,saver,20.92,2022-09-12
Best Buy #5266 Online,Shopping & Retail,USA,USD,saver,129.04,2022-09-13
Mobile #1145,Utilities & Services,USA,USD,saver,140.47,2022-09-14
Walmart Pharmacy #7953,Healthcare & Medical,USA,USD,saver,365.57,2022-09-15
Sephora - USA (Wire),Shopping & Retail,USA,USD,saver,179.64,2022-09-15
Senior Center Center,Charity & Donations,USA,USD,saver,150.54,2022-09-16
Senior Center TXN156280,Charity & Donations,USA,USD,saver,167.04,2022-09-16
MARTA - USA - Rush Hour,Transportation,USA,USD,saver,16.78,2022-09-16
Carnival,Entertainment & Recreation,USA,USD,saver,86.02,2022-09-17
MRI Store (App),Healthcare & Medical,USA,USD,saver,291.87,2022-09-17
Gym,Healthcare & Medical,USA,USD,saver,33.52,2022-09-17
Humane Society - USA TXN261771,Charity & Donations,USA,USD,saver,50.4,2022-09-18
NYU Langone,Healthcare & Medical,USA,USD,saver,28.52,2022-09-18
BMO Harris - USA,Financial Services,USA,USD,saver,995.13,2022-09-19
Brokerage TXN640178,Financial Services,USA,USD,saver,637.33,2022-09-19
Baja Fresh,Food & Dining,USA,USD,saver,43.49,2022-09-19
Senate,Government & Legal,USA,USD,saver,166.6,2022-09-21
Dollar Tree Online TXN753551,Shopping & Retail,USA,USD,saver,270.55,2022-09-22
Cinema,Entertainment & Recreation,USA,USD,saver,117.23,2022-09-23
Hulu,Entertainment & Recreation,USA,USD,saver,5.12,2022-09-23
Jimmy John's #4981 (App),Food & Dining,USA,USD,saver,39.81,2022-09-25
MTA #8252 - USA - Weekday,Transportation,USA,USD,saver,85.61,2022-09-25
Macy's Store TXN511417,Shopping & Retail,USA,USD,saver,299.34,2022-09-26
Alaska Airlines #4890 - USA Online Residential,Transportation,USA,USD,saver,98.33,2022-09-26
Nordstrom,Shopping & Retail,USA,USD,saver,189.49,2022-09-26
Barnes & Noble #4729 Online,Shopping & Retail,USA,USD,saver,185.78,2022-09-26
Government - USA Residential,Government & Legal,USA,USD,saver,379.38,2022-10-01
Income,Income,USA,USD,saver,5937.74,2022-10-02
Shake Shack,Food & Dining,USA,USD,saver,20.48,2022-10-02
Income,Income,USA,USD,saver,6637.01,2022-10-03
Pediatrician,Healthcare & Medical,USA,USD,saver,446.44,2022-10-05
Toll Branch - Morning,Transportation,USA,USD,saver,70.63,2022-10-06
Marshalls Store Online Branch,Shopping & Retail,USA,USD,saver,50.59,2022-10-07
Mutual Fund #2885,Financial Services,USA,USD,saver,510.87,2022-10-09
Amtrak (Bank Transfer),Transportation,USA,USD,saver,10.43,2022-10-09
Cleveland Clinic Online TXN920702,Healthcare & Medical,USA,USD,saver,192.69,2022-10-13
Sierra Club #4498 Store Mall,Charity & Donations,USA,USD,saver,94.4,2022-10-13
Investment,Financial Services,USA,USD,saver,382.65,2022-10-14
Regal #9946 Store Center,Entertainment & Recreation,USA,USD,saver,26.09,2022-10-14
Santander #4765 - USA,Financial Services,USA,USD,saver,139.43,2022-10-14
Panera Bread Branch,Food & Dining,USA,USD,saver,16.52,2022-10-14
Cox,Utilities & Services,USA,USD,saver,198.33,2022-10-16
Digital Bank - USA,Financial Services,USA,USD,saver,89.92,2022-10-17
Fundraising #6425 - USA (Digital Wallet),Charity & Donations,USA,USD,saver,66.26,2022-10-17
Hulu,Entertainment & Recreation,USA,USD,saver,5.21,2022-10-17
Zaxby's #7133,Food & Dining,USA,USD,saver,34.88,2022-10-20
Taxi - USA Center (ACH),Transportation,USA,USD,saver,12.53,2022-10-22
Citibank,Financial Services,USA,USD,saver,678.72,2022-10-22
Spotify - USA Airport,Entertainment & Recreation,USA,USD,saver,100.7,2022-10-23
Adidas - Night,Shopping & Retail,USA,USD,saver,224.75,2022-10-24
Netflix,Entertainment & Recreation,USA,USD,saver,12.75,2022-10-24
Gym,Healthcare & Medical,USA,USD,saver,35.49,2022-10-24
Museum - USA,Entertainment & Recreation,USA,USD,saver,102.65,2022-10-25
Johns Hopkins (Digital Wallet),Healthcare & Medical,USA,USD,saver,377.13,2022-10-25
Amnesty International #7849 - USA - Afternoon,Charity & Donations,USA,USD,saver,65.23,2022-10-26
24 Hour Fitness,Entertainment & Recreation,USA,USD,saver,140.06,2022-10-27
Occupational Therapy Store Center - Night,Healthcare & Medical,USA,USD,saver,23.39,2022-10-27
GameStop,Shopping & Retail,USA,USD,saver,14.8,2022-10-28
Walgreens - USA,Healthcare & Medical,USA,USD,saver,339.33,2022-10-28
Southwest Airlines,Transportation,USA,USD,saver,35.55,2022-11-01
Income,Income,USA,USD,saver,4704.43,2022-11-02
Golf Course - USA Branch,Entertainment & Recreation,USA,USD,saver,131.15,2022-11-02
Belk - Rush Hour,Shopping & Retail,USA,USD,saver,156.74,2022-11-02
Income,Income,USA,USD,saver,6429.25,2022-11-03
Cable Internet (Contactless),Utilities & Services,USA,USD,saver,88.08,2022-11-03
Social Security,Government & Legal,USA,USD,saver,166.11,2022-11-03
Saks Fifth Avenue #2344 - USA,Shopping & Retail,USA,USD,saver,102.51,2022-11-03
WOW Store,Utilities & Services,USA,USD,saver,259.68,2022-11-03
Gym,Healthcare & Medical,USA,USD,saver,30.57,2022-11-03
DSL Store,Utilities & Services,USA,USD,saver,80.75,2022-11-05
Internet Provider Store,Utilities & Services,USA,USD,saver,179.28,2022-11-05
Planet Fitness,Entertainment & Recreation,USA,USD,saver,98.05,2022-11-07
Fundraising - Weekend,Charity & Donations,USA,USD,saver,114.27,2022-11-07
Ulta TXN516095,Shopping & Retail,USA,USD,saver,217.76,2022-11-07
Raising Cane's Center - Morning,Food & Dining,USA,USD,saver,40.03,2022-11-10
Netflix,Entertainment & Recreation,USA,USD,saver,122.64,2022-11-10
Medicaid #9762 Branch Center - Dinner Time,Government & Legal,USA,USD,saver,150.5,2022-11-12
T-Mobile,Utilities & Services,USA,USD,saver,230.66,2022-11-12
Suddenlink #2808,Utilities & Services,USA,USD,saver,110.35,2022-11-13
Raising Cane's #9443 Store Airport,Food & Dining,USA,USD,saver,44.67,2022-11-14
Whataburger,Food & Dining,USA,USD,saver,34.55,2022-11-16
Safeway #9290,Food & Dining,USA,USD,saver,33.89,2022-11-16
Cleveland Clinic,Healthcare & Medical,USA,USD,saver,57.58,2022-11-18
PNC Bank #3798 Online (Card),Financial Services,USA,USD,saver,186.73,2022-11-18
Dollar Store,Transportation,USA,USD,saver,66.58,2022-11-19
IRS #7612 - USA - Lunch Time,Government & Legal,USA,USD,saver,224.97,2022-11-19
Hulu,Entertainment & Recreation,USA,USD,saver,6.35,2022-11-19
Theme Park #1122 (Mobile),Entertainment & Recreation,USA,USD,saver,34.37,2022-11-20
Crunch Fitness #8889 - Holiday,Entertainment & Recreation,USA,USD,saver,126.01,2022-11-21
DSL Online TXN417403,Utilities & Services,USA,USD,saver,216.92,2022-11-21
CenturyLink - USA Store - Holiday,Utilities & Services,USA,USD,saver,156.51,2022-11-21
Costco #6599 - USA,Shopping & Retail,USA,USD,saver,171.64,2022-11-23
NGO #2559 Store,Charity & Donations,USA,USD,saver,191.04,2022-11-24
Sephora,Shopping & Retail,USA,USD,saver,262.7,2022-11-25
Electric Company #2916,Utilities & Services,USA,USD,saver,154.41,2022-11-25
Convention Center #7136,Entertainment & Recreation,USA,USD,saver,85.11,2022-11-25
Cane's,Food & Dining,USA,USD,saver,22.22,2022-11-26
Medicaid #4504 - USA Online Center,Government & Legal,USA,USD,saver,426.07,2022-11-26
Temple - USA,Charity & Donations,USA,USD,saver,165.66,2022-11-26
Netflix,Entertainment & Recreation,USA,USD,saver,11.07,2022-11-26
NYU Langone - USA Online - Evening,Healthcare & Medical,USA,USD,saver,328.55,2022-11-27
TSA Online,Government & Legal,USA,USD,saver,343.33,2022-11-27
Amazon,Shopping & Retail,USA,USD,saver,88.41,2022-11-27
Pilates #5191 (Wire),Entertainment & Recreation,USA,USD,saver,20.13,2022-11-27
Community Bank #2606,Financial Services,USA,USD,saver,407.1,2022-12-01
Income,Income,USA,USD,saver,5518.34,2022-12-02
McDonald's - Morning,Food & Dining,USA,USD,saver,28.73,2022-12-02
MTA #8757 Store (ACH),Transportation,USA,USD,saver,52.08,2022-12-04
Alaska Airlines - USA (Contactless),Transportation,USA,USD,saver,35.43,2022-12-04
Blood Test - Morning,Healthcare & Medical,USA,USD,saver,237.02,2022-12-05
Tax Store,Government & Legal,USA,USD,saver,272.13,2022-12-06
Walmart Supercenter,Food & Dining,USA,USD,saver,49.25,2022-12-06
Spectrum #2821 Center,Utilities & Services,USA,USD,saver,58.8,2022-12-06
Gym,Healthcare & Medical,USA,USD,saver,23.16,2022-12-06
Cox - Dinner Time,Utilities & Services,USA,USD,saver,50.29,2022-12-07
Museum,Entertainment & Recreation,USA,USD,saver,108.88,2022-12-13
State Police - USA,Government & Legal,USA,USD,saver,370.19,2022-12-14
T-Mobile,Utilities & Services,USA,USD,saver,152.88,2022-12-15
Doctors Without Borders,Charity & Donations,USA,USD,saver,18.86,2022-12-18
National Parks #7933 - USA,Charity & Donations,USA,USD,saver,134.92,2022-12-19
Netflix,Entertainment & Recreation,USA,USD,saver,11.52,2022-12-19
NYU Langone Store,Healthcare & Medical,USA,USD,saver,154.11,2022-12-20
Temple #3581,Charity & Donations,USA,USD,saver,179.79,2022-12-21
Dollar General #8664 Online Center Shopping Center,Shopping & Retail,USA,USD,saver,299.46,2022-12-22
Blood Test Center Station,Healthcare & Medical,USA,USD,saver,373.79,2022-12-23
Wendy's,Food & Dining,USA,USD,saver,5.8,2022-12-23
Mediacom Store Strip Mall,Utilities & Services,USA,USD,saver,146.99,2022-12-24
Cane's #5825 Store,Food & Dining,USA,USD,saver,31.81,2022-12-24
Megabus #6397 - Rush Hour,Transportation,USA,USD,saver,2.57,2022-12-26
Rite Aid - USA,Healthcare & Medical,USA,USD,saver,312.14,2022-12-26
Speech Therapy Branch,Healthcare & Medical,USA,USD,saver,201.21,2022-12-27
DEA,Government & Legal,USA,USD,saver,297.9,2022-12-27
Suddenlink #8637 - USA,Utilities & Services,USA,USD,saver,207.56,2022-12-27
Hulu,Entertainment & Recreation,USA,USD,saver,6.97,2022-12-28
Income,Income,USA,USD,saver,6660.57,2023-01-01
Income,Income,USA,USD,saver,6150.9,2023-01-02
McDonald's TXN395786,Food & Dining,USA,USD,saver,24.99,2023-01-03
Brigham and Women's - USA,Healthcare & Medical,USA,USD,saver,228.72,2023-01-04
Trader Joe's #9471 Branch Station,Food & Dining,USA,USD,saver,6.4,2023-01-04
WiFi Hotspot Business District,Utilities & Services,USA,USD,saver,188.98,2023-01-05
Water Company Online,Utilities & Services,USA,USD,saver,119.23,2023-01-06
Phone Company #3653 - USA,Utilities & Services,USA,USD,saver,194.83,2023-01-06
Subway #9574 Online (Digital Wallet),Food & Dining,USA,USD,saver,46.75,2023-01-07
Viasat #7226 Center - Weekend,Utilities & Services,USA,USD,saver,252.12,2023-01-07
Sierra Club - USA Store,Charity & Donations,USA,USD,saver,110.66,2023-01-08
Dunkin' Donuts #5449,Food & Dining,USA,USD,saver,11.27,2023-01-08
Hulu,Entertainment & Recreation,USA,USD,saver,8.99,2023-01-09
Swimming Pool Store,Entertainment & Recreation,USA,USD,saver,102.33,2023-01-11
Theme Park,Entertainment & Recreation,USA,USD,saver,144.17,2023-01-11
Court Online TXN390416,Government & Legal,USA,USD,saver,180.73,2023-01-11
Speech Therapy - USA Store Online,Healthcare & Medical,USA,USD,saver,239.46,2023-01-11
Dollar,Transportation,USA,USD,saver,97.58,2023-01-12
H&M Store - Rush Hour,Shopping & Retail,USA,USD,saver,131.43,2023-01-13
Gym,Healthcare & Medical,USA,USD,saver,29.83,2023-01-13
Speech Therapy #8803,Healthcare & Medical,USA,USD,saver,268.49,2023-01-14
Netflix,Entertainment & Recreation,USA,USD,saver,10.91,2023-01-14
Rally's - Night,Food & Dining,USA,USD,saver,10.76,2023-01-15
Gynecologist #7184 Campus,Healthcare & Medical,USA,USD,saver,368.91,2023-01-15
Baskin-Robbins #1564 Residential,Food & Dining,USA,USD,saver,24.06,2023-01-16
Raising Cane's #5668 Online,Food & Dining,USA,USD,saver,30.47,2023-01-16
Potbelly #7866,Food & Dining,USA,USD,saver,6.58,2023-01-17
DSL,Utilities & Services,USA,USD,saver,172.41,2023-01-17
CenturyLink #2618,Utilities & Services,USA,USD,saver,177.94,2023-01-17
Urologist (Wire),Healthcare & Medical,USA,USD,saver,31.48,2023-01-17
National,Transportation,USA,USD,saver,82.29,2023-01-18
Electric Company #9286 - Weekday,Utilities & Services,USA,USD,saver,64.74,2023-01-19
Best Buy #1691 Shopping Center,Shopping & Retail,USA,USD,saver,49.58,2023-01-20
Car2Go,Transportation,USA,USD,saver,58.08,2023-01-21
Walk-in Clinic #2455 TXN434441,Healthcare & Medical,USA,USD,saver,479.49,2023-01-21
Ross #4351,Shopping & Retail,USA,USD,saver,215.76,2023-01-21
HSBC,Financial Services,USA,USD,saver,967.06,2023-01-22
Sheriff #6356 Online,Government & Legal,USA,USD,saver,120.07,2023-01-22
24 Hour Fitness Center,Entertainment & Recreation,USA,USD,saver,102.2,2023-01-23
BMO Harris #3180 Store,Financial Services,USA,USD,saver,878.93,2023-01-23
Nordstrom,Shopping & Retail,USA,USD,saver,63.54,2023-01-23
Court - USA - Weekend,Government & Legal,USA,USD,saver,398.91,2023-01-24
Frontier Store,Utilities & Services,USA,USD,saver,102.32,2023-01-25
Online Bank,Financial Services,USA,USD,saver,190.13,2023-01-26
City Hall,Government & Legal,USA,USD,saver,427.03,2023-01-27
Dish #9136 Online,Utilities & Services,USA,USD,saver,239.33,2023-01-27
Amtrak - Afternoon,Transportation,USA,USD,saver,85.43,2023-01-27
Marshals - USA,Government & Legal,USA,USD,saver,479.32,2023-01-27
CrossFit Online,Entertainment & Recreation,USA,USD,saver,77.75,2023-02-01
Car2Go,Transportation,USA,USD,saver,41.6,2023-02-01
Digital Bank,Financial Services,USA,USD,saver,448.69,2023-02-03
Regions Bank Store TXN591387,Financial Services,USA,USD,saver,985.76,2023-02-03
Income,Income,USA,USD,saver,6117.6,2023-02-04
Walgreens,Shopping & Retail,USA,USD,saver,190.14,2023-02-04
Mortgage - USA Store,Financial Services,USA,USD,saver,54.37,2023-02-05
IKEA TXN819411,Shopping & Retail,USA,USD,saver,125.38,2023-02-05
Shake Shack #2672 Online,Food & Dining,USA,USD,saver,22.77,2023-02-07
Cleveland Clinic,Healthcare & Medical,USA,USD,saver,264.24,2023-02-07
Neurologist,Healthcare & Medical,USA,USD,saver,483.66,2023-02-08
United - USA Online,Transportation,USA,USD,saver,68.33,2023-02-08
BP Store,Transportation,USA,USD,saver,29.14,2023-02-09
IRS #1672 - USA TXN479647,Government & Legal,USA,USD,saver,497.56,2023-02-09
Hulu,Entertainment & Recreation,USA,USD,saver,8.88,2023-02-10
Spectrum,Utilities & Services,USA,USD,saver,276.39,2023-02-11
Maven #9620 Store (Bank Transfer),Transportation,USA,USD,saver,62.91,2023-02-11
WWF #3529 Store,Charity & Donations,USA,USD,saver,124.68,2023-02-11
Walmart #2116 Online,Shopping & Retail,USA,USD,saver,80.62,2023-02-11
Lord & Taylor Online,Shopping & Retail,USA,USD,saver,266.89,2023-02-12
Social Security - USA Center - Rush Hour,Government & Legal,USA,USD,saver,249.57,2023-02-13
Mount Sinai #6263 - USA Online Center,Healthcare & Medical,USA,USD,saver,488.93,2023-02-13
Bergdorf Goodman - USA Hospital,Shopping & Retail,USA,USD,saver,172.83,2023-02-14
Jack in the Box - USA Store,Food & Dining,USA,USD,saver,27.61,2023-02-14
Local Food Bank - USA TXN241938,Charity & Donations,USA,USD,saver,98.69,2023-02-15
Zaxby's,Food & Dining,USA,USD,saver,31.63,2023-02-16
Capital One #1675 Store,Financial Services,USA,USD,saver,893.59,2023-02-17
Amtrak - USA Online TXN599881,Transportation,USA,USD,saver,82.98,2023-02-17
Consolidated Communications #2201 - USA - Holiday,Utilities & Services,USA,USD,saver,57.07,2023-02-18
KeyBank - Evening,Financial Services,USA,USD,saver,829.55,2023-02-20
Children's Hospital,Healthcare & Medical,USA,USD,saver,174.83,2023-02-20
Netflix,Entertainment & Recreation,USA,USD,saver,12.74,2023-02-20
eBay Online,Shopping & Retail,USA,USD,saver,203.15,2023-02-21
Sparklight Center,Utilities & Services,USA,USD,saver,206.8,2023-02-21
GoFundMe TXN869608,Charity & Donations,USA,USD,saver,197.34,2023-02-22
Gym,Healthcare & Medical,USA,USD,saver,21.75,2023-02-22
Suddenlink,Utilities & Services,USA,USD,saver,224.7,2023-02-23
Avis Store,Transportation,USA,USD,saver,47.12,2023-02-23
NYU Langone Online Station,Healthcare & Medical,USA,USD,saver,479.68,2023-02-23
Von Maur #2658 Mall,Shopping & Retail,USA,USD,saver,73.07,2023-02-25
Comcast Store Online,Utilities & Services,USA,USD,saver,122.64,2023-02-28
Municipal Building Store,Government & Legal,USA,USD,saver,498.45,2023-02-28
Orthopedist,Healthcare & Medical,USA,USD,saver,36.18,2023-03-01
Starbucks,Food & Dining,USA,USD,saver,18.44,2023-03-01
Fitness,Entertainment & Recreation,USA,USD,saver,113.7,2023-03-02
Income,Income,USA,USD,saver,5102.41,2023-03-04
Income,Income,USA,USD,saver,5720.07,2023-03-04
Religious Organization Store TXN487868,Charity & Donations,USA,USD,saver,159.01,2023-03-05
Go-Kart Store,Entertainment & Recreation,USA,USD,saver,81.41,2023-03-05
Dollar Tree - Lunch Time,Shopping & Retail,USA,USD,saver,150.18,2023-03-06
Theater,Entertainment & Recreation,USA,USD,saver,117.19,2023-03-06
Whole Foods - USA,Food & Dining,USA,USD,saver,15.84,2023-03-07
Occupational Therapy Mall,Healthcare & Medical,USA,USD,saver,390.53,2023-03-07
Gym,Healthcare & Medical,USA,USD,saver,37.18,2023-03-09
Border Patrol #9473 - USA Store,Government & Legal,USA,USD,saver,328.38,2023-03-10
Netflix,Entertainment & Recreation,USA,USD,saver,13.41,2023-03-10
DEA #9850 - USA,Government & Legal,USA,USD,saver,258.96,2023-03-11
FBI,Government & Legal,USA,USD,saver,432.92,2023-03-11
CVS,Healthcare & Medical,USA,USD,saver,140.97,2023-03-11
Exxon,Transportation,USA,USD,saver,64.47,2023-03-12
Baja Fresh,Food & Dining,USA,USD,saver,26.96,2023-03-12
Wells Fargo,Financial Services,USA,USD,saver,512.4,2023-03-12
Baja Fresh - USA,Food & Dining,USA,USD,saver,31.46,2023-03-13
Frontier #1401,Transportation,USA,USD,saver,75.85,2023-03-14
Jack in the Box Hospital,Food & Dining,USA,USD,saver,46.79,2023-03-14
Pediatrician Online Branch Shopping Center,Healthcare & Medical,USA,USD,saver,353.2,2023-03-14
Avis (Online),Transportation,USA,USD,saver,31.65,2023-03-16
X-Ray #3695,Healthcare & Medical,USA,USD,saver,443.09,2023-03-17
Gynecologist Center,Healthcare & Medical,USA,USD,saver,284.86,2023-03-17
Sephora #8880 Online,Shopping & Retail,USA,USD,saver,162.61,2023-03-17
Starbucks Branch,Food & Dining,USA,USD,saver,23.47,2023-03-20
Post Office,Government & Legal,USA,USD,saver,163.98,2023-03-20
Concert - USA Airport,Entertainment & Recreation,USA,USD,saver,7.72,2023-03-20
Pizza Hut Online,Food & Dining,USA,USD,saver,20.47,2023-03-21
United Center,Transportation,USA,USD,saver,8.92,2023-03-22
Convention Center Station,Entertainment & Recreation,USA,USD,saver,113.66,2023-03-22
Target - USA,Shopping & Retail,USA,USD,saver,210.66,2023-03-23
Comerica #9257 (Bank Transfer),Financial Services,USA,USD,saver,548.29,2023-03-24
Hulu,Entertainment & Recreation,USA,USD,saver,8.62,2023-03-24
Laser Tag TXN449909,Entertainment & Recreation,USA,USD,saver,47.24,2023-03-27
AMC - USA,Entertainment & Recreation,USA,USD,saver,145.09,2023-03-28
Best Buy,Shopping & Retail,USA,USD,saver,92.93,2023-04-01
Income,Income,USA,USD,saver,5288.1,2023-04-02
Internet Provider #9968 - USA Center,Utilities & Services,USA,USD,saver,152.35,2023-04-02
Cold Stone Creamery Campus,Food & Dining,USA,USD,saver,30.29,2023-04-02
Pharmacy,Healthcare & Medical,USA,USD,saver,496.49,2023-04-02
Netflix,Entertainment & Recreation,USA,USD,saver,12.72,2023-04-02
Citibank #8170,Financial Services,USA,USD,saver,495.83,2023-04-03
Santander Online Center,Financial Services,USA,USD,saver,578.69,2023-04-03
Delta Branch,Transportation,USA,USD,saver,36.87,2023-04-04
DMV (ACH),Government & Legal,USA,USD,saver,127.9,2023-04-04
Cox Online TXN867792,Utilities & Services,USA,USD,saver,219.83,2023-04-04
Speech Therapy - Lunch Time,Healthcare & Medical,USA,USD,saver,392.24,2023-04-04
Starbucks,Food & Dining,USA,USD,saver,8.07,2023-04-06
Cedars-Sinai #6320 Online TXN732987,Healthcare & Medical,USA,USD,saver,439.69,2023-04-06
Zipcar Center,Transportation,USA,USD,saver,43.9,2023-04-07
Hardee's #8660 (Bank Transfer),Food & Dining,USA,USD,saver,6.9,2023-04-09
Firehouse Subs #1582 Online,Food & Dining,USA,USD,saver,22.46,2023-04-10
Windstream - Night,Utilities & Services,USA,USD,saver,273.15,2023-04-10
DSL #7456 - USA TXN328907,Utilities & Services,USA,USD,saver,230.99,2023-04-11
Huntington Bank TXN455706,Financial Services,USA,USD,saver,725.97,2023-04-13
Tax - USA Branch - Morning,Government & Legal,USA,USD,saver,458.8,2023-04-13
Frontier Shopping Center,Transportation,USA,USD,saver,79.3,2023-04-14
Legal,Government & Legal,USA,USD,saver,289.24,2023-04-15
ATF,Government & Legal,USA,USD,saver,52.15,2023-04-15
Permit Residential,Government & Legal,USA,USD,saver,61.84,2023-04-16
Temple Mall,Charity & Donations,USA,USD,saver,31.1,2023-04-16
Secret Service,Government & Legal,USA,USD,saver,415.5,2023-04-17
Salvation Army - USA,Charity & Donations,USA,USD,saver,115.93,2023-04-17
Hulu,Entertainment & Recreation,USA,USD,saver,9.2,2023-04-17
Cane's - USA,Food & Dining,USA,USD,saver,27.76,2023-04-18
Huntington Bank #7431 TXN153603,Financial Services,USA,USD,saver,942.94,2023-04-18
Big Lots - USA,Shopping & Retail,USA,USD,saver,232.57,2023-04-19
United,Transportation,USA,USD,saver,46.13,2023-04-19
Doctors Without Borders,Charity & Donations,USA,USD,saver,188.26,2023-04-20
Gym,Healthcare & Medical,USA,USD,saver,31.18,2023-04-20
Netflix,Entertainment & Recreation,USA,USD,saver,110.2,2023-04-22
IKEA - USA TXN268799,Shopping & Retail,USA,USD,saver,133.53,2023-04-22
Senate Online,Government & Legal,USA,USD,saver,112.24,2023-04-23
Whole Foods #7121 - Dinner Time,Food & Dining,USA,USD,saver,17.61,2023-04-24
Lyft #3382,Transportation,USA,USD,saver,33.89,2023-04-24
Primary Care,Healthcare & Medical,USA,USD,saver,395.89,2023-04-24
CIA Online,Government & Legal,USA,USD,saver,311.22,2023-04-25
JetBlue TXN885599,Transportation,USA,USD,saver,67.26,2023-04-25
FBI #9277 - USA TXN845141,Government & Legal,USA,USD,saver,393.98,2023-04-26
Wealth Management - Morning,Financial Services,USA,USD,saver,873.62,2023-04-28
7-Eleven #6878,Transportation,USA,USD,saver,26.72,2023-04-28
Children's Hospital Store,Healthcare & Medical,USA,USD,saver,396.18,2023-05-01
FlixBus,Transportation,USA,USD,saver,29.99,2023-05-01
DSL - USA,Utilities & Services,USA,USD,saver,243.81,2023-05-01
Income,Income,USA,USD,saver,6960.4,2023-05-03
Paramedic #2720 - USA - Rush Hour,Government & Legal,USA,USD,saver,371.76,2023-05-03
Nature Conservancy TXN431226,Charity & Donations,USA,USD,saver,39.37,2023-05-04
Baja Fresh (Cash),Food & Dining,USA,USD,saver,28.22,2023-05-04
Hulu,Entertainment & Recreation,USA,USD,saver,9.64,2023-05-04
Cold Stone Creamery - Weekend,Food & Dining,USA,USD,saver,30.02,2023-05-05
Medicaid,Government & Legal,USA,USD,saver,493.66,2023-05-05
Red Cross Store - Lunch Time,Charity & Donations,USA,USD,saver,17.01,2023-05-07
Salvation Army,Charity & Donations,USA,USD,saver,184.02,2023-05-07
Wendy's - USA Store Mall,Food & Dining,USA,USD,saver,32.24,2023-05-08
BB&T Online,Financial Services,USA,USD,saver,551.37,2023-05-09
Walgreens #2562,Healthcare & Medical,USA,USD,saver,61.5,2023-05-10
Temple,Charity & Donations,USA,USD,saver,40.24,2023-05-12
Netflix,Entertainment & Recreation,USA,USD,saver,10.19,2023-05-12
Theme Park Airport,Entertainment & Recreation,USA,USD,saver,22.08,2023-05-13
Immigration Store,Government & Legal,USA,USD,saver,452.06,2023-05-13
Enterprise Store Center - Holiday,Transportation,USA,USD,saver,11.52,2023-05-13
Dental,Healthcare & Medical,USA,USD,saver,236.71,2023-05-16
Nordstrom Store TXN430191,Shopping & Retail,USA,USD,saver,150.53,2023-05-17
Notary #7431 Online,Government & Legal,USA,USD,saver,85.91,2023-05-17
Bloomingdale's,Shopping & Retail,USA,USD,saver,76.91,2023-05-19
Passport #6425 Online,Government & Legal,USA,USD,saver,108.23,2023-05-19
Nike #4478,Shopping & Retail,USA,USD,saver,74.71,2023-05-20
Theater - USA TXN279257,Entertainment & Recreation,USA,USD,saver,135.78,2023-05-21
Convention Center Branch,Entertainment & Recreation,USA,USD,saver,77.06,2023-05-22
Bank,Financial Services,USA,USD,saver,503.87,2023-05-24
Gas Company Store,Utilities & Services,USA,USD,saver,85.74,2023-05-25
Gym,Healthcare & Medical,USA,USD,saver,29.47,2023-05-25
Subway,Food & Dining,USA,USD,saver,31.07,2023-05-26
Five Guys Center,Food & Dining,USA,USD,saver,21.02,2023-05-26
State Police,Government & Legal,USA,USD,saver,361.15,2023-05-26
Festival - USA,Entertainment & Recreation,USA,USD,saver,68.34,2023-05-26
Medicare #9480,Government & Legal,USA,USD,saver,152.87,2023-05-28
County Clerk - USA,Government & Legal,USA,USD,saver,338.26,2023-05-28
Neurologist - USA Shopping Center,Healthcare & Medical,USA,USD,saver,28.18,2023-05-28
Moe's Southwest Grill #2494 (Bank Transfer),Food & Dining,USA,USD,saver,32.05,2023-05-28
Income,Income,USA,USD,saver,4185.11,2023-06-01
M&T Bank,Financial Services,USA,USD,saver,946.04,2023-06-02
Domino's #9287 - USA Center (Wire),Food & Dining,USA,USD,saver,34.71,2023-06-02
Fiber #2897,Utilities & Services,USA,USD,saver,231.83,2023-06-03
Income,Income,USA,USD,saver,5597.75,2023-06-04
Orthopedist,Healthcare & Medical,USA,USD,saver,244.47,2023-06-04
Speech Therapy #3872 Online,Healthcare & Medical,USA,USD,saver,44.9,2023-06-05
Permit Online,Government & Legal,USA,USD,saver,152.73,2023-06-06
Lab #9349,Healthcare & Medical,USA,USD,saver,438.31,2023-06-07
Mosque Store,Charity & Donations,USA,USD,saver,39.12,2023-06-07
Gym,Healthcare & Medical,USA,USD,saver,38.74,2023-06-07
Sephora Store,Shopping & Retail,USA,USD,saver,158.79,2023-06-08
Community Bank,Financial Services,USA,USD,saver,264.54,2023-06-08
WiFi #3066 Store,Utilities & Services,USA,USD,saver,80.21,2023-06-10
Nike - USA Store,Shopping & Retail,USA,USD,saver,27.93,2023-06-10
EMS - USA Branch,Government & Legal,USA,USD,saver,85.82,2023-06-11
KeyBank Store,Financial Services,USA,USD,saver,457.98,2023-06-13
Walgreens Store Strip Mall,Shopping & Retail,USA,USD,saver,240.49,2023-06-13
Water Park #4749 - USA,Entertainment & Recreation,USA,USD,saver,113.5,2023-06-13
Netflix,Entertainment & Recreation,USA,USD,saver,11.13,2023-06-13
License,Government & Legal,USA,USD,saver,482.6,2023-06-14
Olive Garden - USA Hospital,Food & Dining,USA,USD,saver,23.42,2023-06-16
Ski Resort Store,Entertainment & Recreation,USA,USD,saver,58.31,2023-06-17
Peter Pan Center,Transportation,USA,USD,saver,21.87,2023-06-17
Hulu,Entertainment & Recreation,USA,USD,saver,6.85,2023-06-17
Veterans Organization,Charity & Donations,USA,USD,saver,53.74,2023-06-19
Walmart #7505,Shopping & Retail,USA,USD,saver,134.25,2023-06-19
Doctors Without Borders,Charity & Donations,USA,USD,saver,73.91,2023-06-20
Crunch Fitness,Entertainment & Recreation,USA,USD,saver,39.81,2023-06-22
Surgery #4491 - Evening,Healthcare & Medical,USA,USD,saver,186.34,2023-06-22
Checkers #1933,Food & Dining,USA,USD,saver,18.55,2023-06-24
Cedars-Sinai,Healthcare & Medical,USA,USD,saver,171.04,2023-07-01
FlixBus #1815 - Dinner Time,Transportation,USA,USD,saver,7.8,2023-07-02
Local Church #4604 - USA - Rush Hour,Charity & Donations,USA,USD,saver,45.4,2023-07-02
Surgery - USA Store,Healthcare & Medical,USA,USD,saver,254.52,2023-07-02
NSA,Government & Legal,USA,USD,saver,310.54,2023-07-02
Hulu,Entertainment & Recreation,USA,USD,saver,6.51,2023-07-02
TD Bank Branch,Financial Services,USA,USD,saver,699.64,2023-07-03
SPCA,Charity & Donations,USA,USD,saver,52.31,2023-07-04
Income,Income,USA,USD,saver,5730.6,2023-07-05
Police Department #5097 - USA Business District,Government & Legal,USA,USD,saver,396.41,2023-07-05
Charity - USA Online,Charity & Donations,USA,USD,saver,17.81,2023-07-07
Accounting #6825 Business District,Financial Services,USA,USD,saver,765.87,2023-07-07
NSA #4663 Store,Government & Legal,USA,USD,saver,391.06,2023-07-08
Neiman Marcus #7708 - USA (App),Shopping & Retail,USA,USD,saver,197.11,2023-07-08
SunTrust #3874 Store - Lunch Time,Financial Services,USA,USD,saver,69.61,2023-07-08
Citibank Strip Mall,Financial Services,USA,USD,saver,408.43,2023-07-09
Gym,Healthcare & Medical,USA,USD,saver,38.66,2023-07-09
Thrifty Store,Transportation,USA,USD,saver,70.84,2023-07-10
American Airlines #3115 - USA Center,Transportation,USA,USD,saver,47.87,2023-07-11
Taxi,Transportation,USA,USD,saver,16.98,2023-07-11
Clinic #3493 Shopping Center,Healthcare & Medical,USA,USD,saver,248.7,2023-07-12
Hawaiian Airlines - USA,Transportation,USA,USD,saver,37.66,2023-07-13
ATF,Government & Legal,USA,USD,saver,433.01,2023-07-14
Wealth Management,Financial Services,USA,USD,saver,656.21,2023-07-14
Adidas,Shopping & Retail,USA,USD,saver,270.53,2023-07-15
Loan TXN135599,Financial Services,USA,USD,saver,377.84,2023-07-16
Electric Company #7411 TXN403148,Utilities & Services,USA,USD,saver,97.69,2023-07-16
Family Dollar,Shopping & Retail,USA,USD,saver,253.09,2023-07-17
Municipal Building #8289,Government & Legal,USA,USD,saver,391.79,2023-07-19
Parking #5427 - USA,Transportation,USA,USD,saver,9.66,2023-07-20
Alaska Airlines - Lunch Time,Transportation,USA,USD,saver,95.07,2023-07-20
IRS - USA Online - Dinner Time,Government & Legal,USA,USD,saver,428.24,2023-07-20
First National - Holiday,Financial Services,USA,USD,saver,408.13,2023-07-21
Best Buy,Shopping & Retail,USA,USD,saver,149.42,2023-07-22
Optimum #2932,Utilities & Services,USA,USD,saver,297.44,2023-07-23
Kickstarter - USA,Charity & Donations,USA,USD,saver,185.7,2023-07-23
Fitness Store - Lunch Time,Entertainment & Recreation,USA,USD,saver,133.29,2023-07-24
Amtrak,Transportation,USA,USD,saver,44.43,2023-07-25
Parking #1859 - Night,Transportation,USA,USD,saver,78.19,2023-07-25
FedEx Office Store,Shopping & Retail,USA,USD,saver,31.49,2023-07-27
Netflix,Entertainment & Recreation,USA,USD,saver,13.41,2023-07-28
Community Bank #7735 Strip Mall,Financial Services,USA,USD,saver,421.61,2023-08-01
Income,Income,USA,USD,saver,6712.66,2023-08-02
United,Transportation,USA,USD,saver,46.87,2023-08-02
Nordstrom Rack - USA,Shopping & Retail,USA,USD,saver,133.39,2023-08-03
Frontier #7239,Transportation,USA,USD,saver,96.67,2023-08-03
ATM #4276 - USA,Financial Services,USA,USD,saver,64.66,2023-08-03
Urologist (Cash),Healthcare & Medical,USA,USD,saver,441.71,2023-08-05
Gas Company Branch,Utilities & Services,USA,USD,saver,128.84,2023-08-06
KeyBank #5648 - USA Store,Financial Services,USA,USD,saver,983.04,2023-08-06
Investment Bank,Financial Services,USA,USD,saver,753.98,2023-08-07
In-N-Out,Food & Dining,USA,USD,saver,8.82,2023-08-08
Gold's Gym #5257 - USA,Entertainment & Recreation,USA,USD,saver,97.01,2023-08-09
Office Depot #6438 TXN466848,Shopping & Retail,USA,USD,saver,132.87,2023-08-09
Budget #3176,Transportation,USA,USD,saver,40.83,2023-08-10
Cable Internet - USA,Utilities & Services,USA,USD,saver,207.93,2023-08-10
Disney+ #3218 - USA,Entertainment & Recreation,USA,USD,saver,24.76,2023-08-10
FedEx Office #1366,Shopping & Retail,USA,USD,saver,127.15,2023-08-11
UCLA Medical Online - Night,Healthcare & Medical,USA,USD,saver,240.56,2023-08-11
Retirement Planning #2620 Online,Financial Services,USA,USD,saver,678.1,2023-08-11
Train #2928,Transportation,USA,USD,saver,52.23,2023-08-12
BMO Harris Station,Financial Services,USA,USD,saver,598.33,2023-08-12
National Parks #6825 Center,Charity & Donations,USA,USD,saver,135.85,2023-08-12
Avis,Transportation,USA,USD,saver,13.21,2023-08-12
Investment #3963,Financial Services,USA,USD,saver,897.2,2023-08-12
First National #8489 - Rush Hour,Financial Services,USA,USD,saver,861.26,2023-08-13
Chiropractor #3279 TXN358204,Healthcare & Medical,USA,USD,saver,347.38,2023-08-13
Optimum,Utilities & Services,USA,USD,saver,233.0,2023-08-13
Verizon Store,Utilities & Services,USA,USD,saver,210.47,2023-08-13
TJ Maxx - USA,Shopping & Retail,USA,USD,saver,296.51,2023-08-14
EMS Store Center,Government & Legal,USA,USD,saver,175.45,2023-08-15
Uber #4570,Transportation,USA,USD,saver,12.46,2023-08-15
Hulu,Entertainment & Recreation,USA,USD,saver,9.68,2023-08-15
Veterans Organization - USA Branch (Wire),Charity & Donations,USA,USD,saver,89.53,2023-08-16
Disney+ #9266 (Wire),Entertainment & Recreation,USA,USD,saver,36.56,2023-08-16
Netflix,Entertainment & Recreation,USA,USD,saver,10.33,2023-08-16
Swimming Pool,Entertainment & Recreation,USA,USD,saver,41.28,2023-08-18
Rock Climbing Center,Entertainment & Recreation,USA,USD,saver,53.18,2023-08-20
Qdoba #4532 - Night,Food & Dining,USA,USD,saver,31.43,2023-08-20
Hardee's - USA - Morning,Food & Dining,USA,USD,saver,8.9,2023-08-21
Retirement (Cash),Financial Services,USA,USD,saver,96.21,2023-08-21
Gym,Healthcare & Medical,USA,USD,saver,30.15,2023-08-23
Target #7912,Shopping & Retail,USA,USD,saver,161.7,2023-08-24
H&M #3358,Shopping & Retail,USA,USD,saver,42.02,2023-08-25
WWF - Night,Charity & Donations,USA,USD,saver,74.68,2023-08-26
Local Church,Charity & Donations,USA,USD,saver,163.66,2023-08-27
OfficeMax - USA,Shopping & Retail,USA,USD,saver,221.22,2023-08-28
Income,Income,USA,USD,saver,4599.51,2023-09-01
Water Park #3045 Online,Entertainment & Recreation,USA,USD,saver,100.18,2023-09-01
24 Hour Fitness Online,Entertainment & Recreation,USA,USD,saver,78.1,2023-09-01
TJ Maxx (Bank Transfer),Shopping & Retail,USA,USD,saver,60.84,2023-09-04
Verizon #5776,Utilities & Services,USA,USD,saver,76.79,2023-09-04
Veterans Organization Online,Charity & Donations,USA,USD,saver,45.7,2023-09-06
Kroger Pharmacy - USA Store - Holiday,Healthcare & Medical,USA,USD,saver,422.97,2023-09-06
Lyft #5557 Store,Transportation,USA,USD,saver,77.94,2023-09-07
Cedars-Sinai - USA,Healthcare & Medical,USA,USD,saver,466.02,2023-09-07
Water Company #7155 - USA,Utilities & Services,USA,USD,saver,262.21,2023-09-08
Cable One #9377,Utilities & Services,USA,USD,saver,209.36,2023-09-08
City Hall #1104 - USA Store,Government & Legal,USA,USD,saver,370.85,2023-09-09
Hulu,Entertainment & Recreation,USA,USD,saver,5.27,2023-09-10
Orthopedist #7841,Healthcare & Medical,USA,USD,saver,414.83,2023-09-11
Netflix,Entertainment & Recreation,USA,USD,saver,13.76,2023-09-11
Jersey Mike's (Online),Food & Dining,USA,USD,saver,39.24,2023-09-12
Legal Store Online,Government & Legal,USA,USD,saver,414.39,2023-09-13
Huntington Bank Store,Financial Services,USA,USD,saver,686.59,2023-09-13
Transfer #7173 Online,Financial Services,USA,USD,saver,159.35,2023-09-15
WiFi Hotspot (Contactless),Utilities & Services,USA,USD,saver,253.11,2023-09-15
Amtrak,Transportation,USA,USD,saver,83.72,2023-09-16
HSBC,Financial Services,USA,USD,saver,723.21,2023-09-17
Senate Branch,Government & Legal,USA,USD,saver,356.58,2023-09-18
Children's Hospital #9643,Healthcare & Medical,USA,USD,saver,44.55,2023-09-18
Spirit #5187 - USA Branch Residential,Transportation,USA,USD,saver,36.35,2023-09-19
Apple Store #4793,Shopping & Retail,USA,USD,saver,124.48,2023-09-19
Stanford Health Center,Healthcare & Medical,USA,USD,saver,126.87,2023-09-20
Lab #7240 (Bank Transfer),Healthcare & Medical,USA,USD,saver,286.87,2023-09-20
Dermatologist #9422,Healthcare & Medical,USA,USD,saver,172.42,2023-09-21
UPS Store - USA,Shopping & Retail,USA,USD,saver,51.36,2023-09-21
Paramedic - USA (Cash),Government & Legal,USA,USD,saver,160.8,2023-09-22
Gym,Healthcare & Medical,USA,USD,saver,24.39,2023-09-22
BMO Harris #3513,Financial Services,USA,USD,saver,376.5,2023-09-24
Cane's Downtown,Food & Dining,USA,USD,saver,46.91,2023-09-24
Speech Therapy - Rush Hour,Healthcare & Medical,USA,USD,saver,83.15,2023-09-24
Phone Company,Utilities & Services,USA,USD,saver,63.25,2023-09-26
Zoo,Entertainment & Recreation,USA,USD,saver,111.22,2023-09-27
7-Eleven - Weekday,Transportation,USA,USD,saver,46.84,2023-09-27
UCSF Medical Store,Healthcare & Medical,USA,USD,saver,340.32,2023-09-28
Big Lots,Shopping & Retail,USA,USD,saver,98.69,2023-10-01
Income,Income,USA,USD,saver,5386.18,2023-10-02
Kickstarter #9701,Charity & Donations,USA,USD,saver,164.29,2023-10-02
Paintball Strip Mall,Entertainment & Recreation,USA,USD,saver,32.75,2023-10-02
Income,Income,USA,USD,saver,6063.68,2023-10-03
Baja Fresh #5956,Food & Dining,USA,USD,saver,49.0,2023-10-03
Gas Company - USA Store,Utilities & Services,USA,USD,saver,144.15,2023-10-04
Tennis Court,Entertainment & Recreation,USA,USD,saver,50.69,2023-10-04
Gym,Healthcare & Medical,USA,USD,saver,30.49,2023-10-04
PETA (Mobile),Charity & Donations,USA,USD,saver,195.92,2023-10-05
Whataburger #8409 Store (Card),Food & Dining,USA,USD,saver,20.22,2023-10-06
Highway Patrol Store (Digital Wallet),Government & Legal,USA,USD,saver,141.06,2023-10-06
Ambulance Center - Evening,Government & Legal,USA,USD,saver,462.04,2023-10-06
Financial Advisor - Holiday,Financial Services,USA,USD,saver,686.95,2023-10-06
Theme Park #1101,Entertainment & Recreation,USA,USD,saver,116.11,2023-10-07
MTA,Transportation,USA,USD,saver,76.76,2023-10-08
Neurologist,Healthcare & Medical,USA,USD,saver,264.05,2023-10-09
Hulu,Entertainment & Recreation,USA,USD,saver,7.62,2023-10-10
Checkers - USA,Food & Dining,USA,USD,saver,31.77,2023-10-11
Spotify,Entertainment & Recreation,USA,USD,saver,29.37,2023-10-12
White Castle - Morning,Food & Dining,USA,USD,saver,45.75,2023-10-12
Tax Preparation - USA TXN629453,Financial Services,USA,USD,saver,145.39,2023-10-13
Mr. Sub #8476,Food & Dining,USA,USD,saver,41.94,2023-10-13
Business WiFi Online,Utilities & Services,USA,USD,saver,187.54,2023-10-14
Nordstrom Rack,Shopping & Retail,USA,USD,saver,93.04,2023-10-14
Immigration #3456 Online,Government & Legal,USA,USD,saver,336.17,2023-10-15
CVS - USA Store,Healthcare & Medical,USA,USD,saver,476.26,2023-10-15
Blimpie - USA,Food & Dining,USA,USD,saver,7.07,2023-10-17
Domino's #7354,Food & Dining,USA,USD,saver,13.46,2023-10-20
Uniqlo,Shopping & Retail,USA,USD,saver,42.24,2023-10-20
Capital One,Financial Services,USA,USD,saver,922.41,2023-10-21
Netflix,Entertainment & Recreation,USA,USD,saver,12.8,2023-10-21
Accounting,Financial Services,USA,USD,saver,790.39,2023-10-22
Museum #9546 - Evening,Entertainment & Recreation,USA,USD,saver,70.68,2023-10-23
Rally's,Food & Dining,USA,USD,saver,44.02,2023-10-23
Capital One #3738 Online,Financial Services,USA,USD,saver,267.08,2023-10-24
DMV #7249 Store,Government & Legal,USA,USD,saver,153.09,2023-10-25
Kaiser Permanente #1759,Healthcare & Medical,USA,USD,saver,478.37,2023-10-25
Congress,Government & Legal,USA,USD,saver,395.68,2023-10-25
McDonald's Online,Food & Dining,USA,USD,saver,5.34,2023-10-25
Salvation Army - USA Center,Charity & Donations,USA,USD,saver,53.72,2023-10-26
CVS - USA,Healthcare & Medical,USA,USD,saver,149.11,2023-10-27
Synagogue,Charity & Donations,USA,USD,saver,57.89,2023-10-27
Safeway,Food & Dining,USA,USD,saver,44.95,2023-10-28
Income,Income,USA,USD,saver,5796.15,2023-11-01
Income,Income,USA,USD,saver,4286.24,2023-11-02
Sprint,Utilities & Services,USA,USD,saver,253.29,2023-11-02
Financial Advisor Store,Financial Services,USA,USD,saver,747.98,2023-11-02
Mobile Hotspot #5066 - USA Center,Utilities & Services,USA,USD,saver,145.38,2023-11-03
Netflix,Entertainment & Recreation,USA,USD,saver,14.09,2023-11-03
NYU Langone,Healthcare & Medical,USA,USD,saver,328.51,2023-11-04
Marshalls #2576 Online Center,Shopping & Retail,USA,USD,saver,214.45,2023-11-04
CrossFit #3918 Branch,Entertainment & Recreation,USA,USD,saver,116.11,2023-11-06
GameStop - USA,Shopping & Retail,USA,USD,saver,58.7,2023-11-06
Transfer #3463 Store - Dinner Time,Financial Services,USA,USD,saver,998.15,2023-11-08
Stanford Health - Rush Hour,Healthcare & Medical,USA,USD,saver,304.53,2023-11-08
Salvation Army #7106 Mall,Charity & Donations,USA,USD,saver,197.67,2023-11-09
Senior Center Campus,Charity & Donations,USA,USD,saver,151.67,2023-11-10
Hulu,Entertainment & Recreation,USA,USD,saver,8.26,2023-11-10
Urologist,Healthcare & Medical,USA,USD,saver,89.84,2023-11-12
MRI,Healthcare & Medical,USA,USD,saver,442.22,2023-11-12
Greyhound Center - Holiday,Transportation,USA,USD,saver,27.52,2023-11-13
United Way,Charity & Donations,USA,USD,saver,179.71,2023-11-14
Olive Garden Store - Night,Food & Dining,USA,USD,saver,20.77,2023-11-16
License - Holiday,Government & Legal,USA,USD,saver,413.08,2023-11-17
Bloomingdale's Center (Bank Transfer),Shopping & Retail,USA,USD,saver,225.71,2023-11-18
Legal - USA Shopping Center,Government & Legal,USA,USD,saver,192.48,2023-11-18
Gym,Healthcare & Medical,USA,USD,saver,31.1,2023-11-18
ATF #3979 (Contactless),Government & Legal,USA,USD,saver,461.24,2023-11-19
Greenpeace #8856 - USA,Charity & Donations,USA,USD,saver,83.88,2023-11-19
Salvation Army #2360 Center,Charity & Donations,USA,USD,saver,160.06,2023-11-19
WiFi Hotspot - USA,Utilities & Services,USA,USD,saver,107.76,2023-11-21
Lyft - USA (Contactless),Transportation,USA,USD,saver,86.71,2023-11-22
Anytime Fitness Store,Entertainment & Recreation,USA,USD,saver,117.2,2023-11-23
WiFi #9885 - USA,Utilities & Services,USA,USD,saver,247.67,2023-11-24
Exxon,Transportation,USA,USD,saver,75.41,2023-11-24
Safeway - Rush Hour,Food & Dining,USA,USD,saver,23.85,2023-11-25
Water Company Strip Mall,Utilities & Services,USA,USD,saver,213.48,2023-11-26
Google Fiber,Utilities & Services,USA,USD,saver,108.4,2023-11-28
Amazon Prime #6935 Store Downtown,Entertainment & Recreation,USA,USD,saver,135.13,2023-12-01
Cable Internet Store,Utilities & Services,USA,USD,saver,174.08,2023-12-01
White House #4050 - USA Store,Government & Legal,USA,USD,saver,257.32,2023-12-02
Income,Income,USA,USD,saver,4404.6,2023-12-03
Income,Income,USA,USD,saver,5224.94,2023-12-04
Moe's Southwest Grill #6408,Food & Dining,USA,USD,saver,24.98,2023-12-04
WOW Store Online,Utilities & Services,USA,USD,saver,81.94,2023-12-05
United Way #9517,Charity & Donations,USA,USD,saver,184.26,2023-12-05
Lord & Taylor Store,Shopping & Retail,USA,USD,saver,192.46,2023-12-05
Gym,Healthcare & Medical,USA,USD,saver,35.76,2023-12-05
Goodwill #6271 - USA Online,Charity & Donations,USA,USD,saver,77.64,2023-12-06
CenturyLink #9564,Utilities & Services,USA,USD,saver,289.13,2023-12-06
Bloomingdale's #7488 Online - Night,Shopping & Retail,USA,USD,saver,152.35,2023-12-07
Post Office,Shopping & Retail,USA,USD,saver,13.91,2023-12-08
Emergency Room - Night,Healthcare & Medical,USA,USD,saver,186.66,2023-12-08
Lord & Taylor,Shopping & Retail,USA,USD,saver,56.12,2023-12-10
Red Cross #8011 - USA,Charity & Donations,USA,USD,saver,118.12,2023-12-11
Bus #6469 Online Branch,Transportation,USA,USD,saver,2.84,2023-12-12
Bojangles,Food & Dining,USA,USD,saver,15.2,2023-12-13
Staples #7422,Shopping & Retail,USA,USD,saver,37.93,2023-12-14
Planet Fitness - USA,Entertainment & Recreation,USA,USD,saver,75.04,2023-12-14
Taco Bell - USA,Food & Dining,USA,USD,saver,27.94,2023-12-17
Getaround,Transportation,USA,USD,saver,15.34,2023-12-17
KFC,Food & Dining,USA,USD,saver,25.23,2023-12-18
Nordstrom Rack #9489 - USA Store Online - Weekend,Shopping & Retail,USA,USD,saver,275.66,2023-12-19
Post Office - USA,Shopping & Retail,USA,USD,saver,209.97,2023-12-19
Verizon,Utilities & Services,USA,USD,saver,179.84,2023-12-20
Zipcar TXN257305,Transportation,USA,USD,saver,17.9,2023-12-20
Rally's #6535 Online (App),Food & Dining,USA,USD,saver,33.03,2023-12-20
Customs - USA,Government & Legal,USA,USD,saver,79.5,2023-12-21
SoulCycle,Entertainment & Recreation,USA,USD,saver,77.22,2023-12-21
Avis - Dinner Time,Transportation,USA,USD,saver,7.63,2023-12-22
Medicaid - USA TXN756338,Government & Legal,USA,USD,saver,180.6,2023-12-22
Hulu,Entertainment & Recreation,USA,USD,saver,5.06,2023-12-23
Synagogue #6829,Charity & Donations,USA,USD,saver,139.71,2023-12-25
Investment Bank #7272,Financial Services,USA,USD,saver,52.41,2023-12-25
Internet Provider - USA,Utilities & Services,USA,USD,saver,113.29,2023-12-26
Chevron #4955 (Wire),Transportation,USA,USD,saver,23.85,2023-12-26
Netflix,Entertainment & Recreation,USA,USD,saver,14.76,2023-12-26
DirecTV Mall,Utilities & Services,USA,USD,saver,216.25,2023-12-28
Mediacom #4997,Utilities & Services,USA,USD,saver,131.09,2023-12-28
Registration - USA,Government & Legal,USA,USD,saver,443.17,2023-12-28
Von Maur Store,Shopping & Retail,USA,USD,saver,171.87,2023-12-28
Electric Company #1145 TXN434946,Utilities & Services,USA,USD,saver,90.21,2024-01-01
Rally's #1006 Online,Food & Dining,USA,USD,saver,49.18,2024-01-01
Comerica Business District,Financial Services,USA,USD,saver,900.5,2024-01-01
Nature Conservancy #9870 Branch,Charity & Donations,USA,USD,saver,102.17,2024-01-02
Lab,Healthcare & Medical,USA,USD,saver,180.32,2024-01-04
Income,Income,USA,USD,saver,6212.79,2024-01-05
Hulu,Entertainment & Recreation,USA,USD,saver,9.0,2024-01-05
Sheriff Center,Government & Legal,USA,USD,saver,337.46,2024-01-06
Retirement Planning,Financial Services,USA,USD,saver,816.09,2024-01-06
Digital Bank #3175 - Weekend,Financial Services,USA,USD,saver,543.4,2024-01-06
Maven (Digital Wallet),Transportation,USA,USD,saver,13.93,2024-01-06
Consolidated Communications - USA,Utilities & Services,USA,USD,saver,118.28,2024-01-07
Hawaiian Airlines #3080 Hospital,Transportation,USA,USD,saver,88.62,2024-01-08
Zipcar #7173 Store Branch,Transportation,USA,USD,saver,34.22,2024-01-08
BMO Harris #4595 Store,Financial Services,USA,USD,saver,62.26,2024-01-09
Bowling Alley #4315,Entertainment & Recreation,USA,USD,saver,148.7,2024-01-09
Post Office,Shopping & Retail,USA,USD,saver,195.2,2024-01-10
Broadband #8661,Utilities & Services,USA,USD,saver,170.71,2024-01-10
WWF #6666 Online,Charity & Donations,USA,USD,saver,70.45,2024-01-14
License - Dinner Time,Government & Legal,USA,USD,saver,418.47,2024-01-15
Municipal Building - USA,Government & Legal,USA,USD,saver,103.59,2024-01-15
Dish,Utilities & Services,USA,USD,saver,228.55,2024-01-16
Cedars-Sinai - USA Branch,Healthcare & Medical,USA,USD,saver,253.3,2024-01-16
Ross - Lunch Time,Shopping & Retail,USA,USD,saver,173.4,2024-01-16
Homeless Shelter - USA Online Residential,Charity & Donations,USA,USD,saver,41.53,2024-01-17
Windstream Store,Utilities & Services,USA,USD,saver,115.85,2024-01-17
BP Downtown,Transportation,USA,USD,saver,73.89,2024-01-18
Congress,Government & Legal,USA,USD,saver,142.99,2024-01-18
Ross Store - Weekday,Shopping & Retail,USA,USD,saver,39.26,2024-01-18
Cardiologist Online,Healthcare & Medical,USA,USD,saver,474.17,2024-01-18
Sprint - USA TXN121061,Utilities & Services,USA,USD,saver,299.96,2024-01-19
Capitol,Government & Legal,USA,USD,saver,445.04,2024-01-19
Consolidated Communications (Mobile),Utilities & Services,USA,USD,saver,61.89,2024-01-20
Fire Department,Government & Legal,USA,USD,saver,404.15,2024-01-20
PNC Bank - USA - Dinner Time,Financial Services,USA,USD,saver,256.84,2024-01-20
Cardiologist Hospital,Healthcare & Medical,USA,USD,saver,27.19,2024-01-21
Mutual Fund (Card),Financial Services,USA,USD,saver,771.82,2024-01-21
Mobile #1246 - Weekend,Utilities & Services,USA,USD,saver,241.98,2024-01-24
Bloomingdale's #8361 Store TXN927669,Shopping & Retail,USA,USD,saver,149.27,2024-01-24
Cane's #4180,Food & Dining,USA,USD,saver,27.4,2024-01-24
Federal Building - USA,Government & Legal,USA,USD,saver,242.18,2024-01-25
Netflix,Entertainment & Recreation,USA,USD,saver,13.24,2024-01-25
Neiman Marcus,Shopping & Retail,USA,USD,saver,255.62,2024-01-26
Transfer (Contactless),Financial Services,USA,USD,saver,387.87,2024-01-26
Gym,Healthcare & Medical,USA,USD,saver,35.09,2024-01-27
Greyhound Store,Transportation,USA,USD,saver,46.38,2024-01-28
Subway Store,Food & Dining,USA,USD,saver,28.59,2024-02-01
GameStop Center,Shopping & Retail,USA,USD,saver,149.34,2024-02-01
Target #6756,Food & Dining,USA,USD,saver,21.25,2024-02-01
Hospital #5033,Healthcare & Medical,USA,USD,saver,167.54,2024-02-02
Transfer - USA - Night,Financial Services,USA,USD,saver,896.24,2024-02-02
Income,Income,USA,USD,saver,4404.46,2024-02-03
Ross #6798,Shopping & Retail,USA,USD,saver,92.98,2024-02-03
CrossFit #6176 (Mobile),Entertainment & Recreation,USA,USD,saver,76.06,2024-02-03
Gym,Healthcare & Medical,USA,USD,saver,23.43,2024-02-04
Income,Income,USA,USD,saver,6506.69,2024-02-05
Moe's Southwest Grill - USA,Food & Dining,USA,USD,saver,34.52,2024-02-05
Bank,Financial Services,USA,USD,saver,549.34,2024-02-06
Theme Park #2821 Online Station,Entertainment & Recreation,USA,USD,saver,70.46,2024-02-06
Bloomingdale's #2705 Online,Shopping & Retail,USA,USD,saver,281.57,2024-02-06
Specialist - USA TXN650394,Healthcare & Medical,USA,USD,saver,202.53,2024-02-08
Permit,Government & Legal,USA,USD,saver,289.12,2024-02-09
Starbucks #1399,Food & Dining,USA,USD,saver,9.32,2024-02-09
AT&T Store Hospital,Utilities & Services,USA,USD,saver,267.62,2024-02-09
CTA #7513 - USA Downtown,Transportation,USA,USD,saver,79.74,2024-02-09
BART Store,Transportation,USA,USD,saver,40.69,2024-02-11
UPS Store,Shopping & Retail,USA,USD,saver,77.27,2024-02-11
Urgent Care #7240,Healthcare & Medical,USA,USD,saver,380.95,2024-02-12
Animal Shelter Center,Charity & Donations,USA,USD,saver,131.61,2024-02-12
Mediacom - USA Branch - Lunch Time,Utilities & Services,USA,USD,saver,233.72,2024-02-13
Netflix,Entertainment & Recreation,USA,USD,saver,14.86,2024-02-14
Doctors Without Borders - USA Online - Weekend,Charity & Donations,USA,USD,saver,14.68,2024-02-15
Hulu,Entertainment & Recreation,USA,USD,saver,8.33,2024-02-15
Accounting,Financial Services,USA,USD,saver,222.6,2024-02-16
Popeyes #2455,Food & Dining,USA,USD,saver,32.34,2024-02-16
Cane's - USA TXN496118,Food & Dining,USA,USD,saver,49.47,2024-02-16
Culver's #5284 - USA Business District,Food & Dining,USA,USD,saver,23.2,2024-02-17
Service Online Branch,Government & Legal,USA,USD,saver,348.4,2024-02-17
H&M #6854 - USA Downtown,Shopping & Retail,USA,USD,saver,188.93,2024-02-18
PNC Bank #2176 Store Online,Financial Services,USA,USD,saver,350.38,2024-02-19
7-Eleven - Lunch Time,Transportation,USA,USD,saver,66.18,2024-02-20
Local Food Bank Store (Wire),Charity & Donations,USA,USD,saver,11.62,2024-02-21
Cable Internet Center,Utilities & Services,USA,USD,saver,273.43,2024-02-22
SEPTA,Transportation,USA,USD,saver,67.41,2024-02-22
Sparklight (Card),Utilities & Services,USA,USD,saver,209.98,2024-02-23
County Clerk Store (Contactless),Government & Legal,USA,USD,saver,90.17,2024-02-23
Comcast,Utilities & Services,USA,USD,saver,297.38,2024-02-24
Cardiologist,Healthcare & Medical,USA,USD,saver,53.34,2024-02-25
World Vision,Charity & Donations,USA,USD,saver,77.12,2024-02-28
Income,Income,USA,USD,saver,4986.67,2024-03-02
Charter - Holiday,Utilities & Services,USA,USD,saver,220.84,2024-03-02
Children's Hospital,Healthcare & Medical,USA,USD,saver,218.62,2024-03-03
Occupational Therapy Store (App),Healthcare & Medical,USA,USD,saver,297.96,2024-03-04
Equinox,Entertainment & Recreation,USA,USD,saver,38.09,2024-03-05
Theme Park #9700 - USA Station,Entertainment & Recreation,USA,USD,saver,19.91,2024-03-05
Thrifty,Transportation,USA,USD,saver,17.72,2024-03-06
Nordstrom Rack,Shopping & Retail,USA,USD,saver,190.59,2024-03-06
ATF #1250 (Contactless),Government & Legal,USA,USD,saver,234.71,2024-03-07
Cleveland Clinic,Healthcare & Medical,USA,USD,saver,356.06,2024-03-08
Pediatrician (Online),Healthcare & Medical,USA,USD,saver,53.4,2024-03-08
Offering Center (Bank Transfer),Charity & Donations,USA,USD,saver,118.42,2024-03-08
GoFundMe,Charity & Donations,USA,USD,saver,75.17,2024-03-08
Alaska Airlines #9429 - Night,Transportation,USA,USD,saver,22.33,2024-03-10
Sprint Store,Utilities & Services,USA,USD,saver,152.92,2024-03-10
Cable Internet - Holiday,Utilities & Services,USA,USD,saver,247.31,2024-03-10
Netflix,Entertainment & Recreation,USA,USD,saver,13.11,2024-03-10
Broadband #9223 - Weekday,Utilities & Services,USA,USD,saver,117.35,2024-03-11
Mr. Sub,Food & Dining,USA,USD,saver,10.74,2024-03-12
Mutual Fund,Financial Services,USA,USD,saver,272.34,2024-03-12
Walk-in Clinic Center Business District,Healthcare & Medical,USA,USD,saver,265.85,2024-03-13
Cinemark - USA TXN182518,Entertainment & Recreation,USA,USD,saver,96.89,2024-03-13
Windstream #8331 - Rush Hour,Utilities & Services,USA,USD,saver,205.09,2024-03-14
Pure Barre Center,Entertainment & Recreation,USA,USD,saver,31.55,2024-03-14
Family Dollar,Shopping & Retail,USA,USD,saver,160.91,2024-03-16
Mobile #8290 Online,Utilities & Services,USA,USD,saver,233.88,2024-03-16
DART #9153 Center TXN580219,Transportation,USA,USD,saver,2.98,2024-03-16
Culver's - Rush Hour,Food & Dining,USA,USD,saver,22.44,2024-03-17
Citibank #3990 Branch,Financial Services,USA,USD,saver,107.88,2024-03-17
Arby's #1761,Food & Dining,USA,USD,saver,18.36,2024-03-19
Online Bank Store (Contactless),Financial Services,USA,USD,saver,209.17,2024-03-19
Sheriff #4164,Government & Legal,USA,USD,saver,239.01,2024-03-19
Cinemark,Entertainment & Recreation,USA,USD,saver,43.35,2024-03-25
Greyhound (ACH),Transportation,USA,USD,saver,17.88,2024-03-25
Getaround - USA (ACH),Transportation,USA,USD,saver,81.68,2024-03-26
Blood Test,Healthcare & Medical,USA,USD,saver,339.34,2024-03-26
Regal - USA,Entertainment & Recreation,USA,USD,saver,17.63,2024-03-26
Walgreens #2136,Shopping & Retail,USA,USD,saver,33.65,2024-03-26
Youth Organization - USA - Morning,Charity & Donations,USA,USD,saver,188.21,2024-03-27
ATM #3967 Station,Financial Services,USA,USD,saver,212.17,2024-03-27
Hulu,Entertainment & Recreation,USA,USD,saver,7.84,2024-03-27
Gym,Healthcare & Medical,USA,USD,saver,31.86,2024-03-28
Children's Hospital,Healthcare & Medical,USA,USD,saver,404.12,2024-04-01
Dollar General Store Online,Shopping & Retail,USA,USD,saver,287.26,2024-04-03
Carl's Jr Strip Mall,Food & Dining,USA,USD,saver,42.6,2024-04-03
Gym,Healthcare & Medical,USA,USD,saver,20.03,2024-04-03
Income,Income,USA,USD,saver,4884.3,2024-04-04
Fair,Entertainment & Recreation,USA,USD,saver,27.0,2024-04-05
In-N-Out - USA (Contactless),Food & Dining,USA,USD,saver,14.29,2024-04-05
Laser Tag,Entertainment & Recreation,USA,USD,saver,113.07,2024-04-07
CIA,Government & Legal,USA,USD,saver,132.81,2024-04-09
Marshals,Government & Legal,USA,USD,saver,70.12,2024-04-10
Concert #6744,Entertainment & Recreation,USA,USD,saver,98.16,2024-04-10
Netflix,Entertainment & Recreation,USA,USD,saver,14.06,2024-04-10
Synagogue Residential,Charity & Donations,USA,USD,saver,167.86,2024-04-11
Post Office,Government & Legal,USA,USD,saver,283.14,2024-04-11
Urologist #5031 (Bank Transfer),Healthcare & Medical,USA,USD,saver,426.28,2024-04-13
Electric Company Branch,Utilities & Services,USA,USD,saver,112.62,2024-04-13
Baja Fresh,Food & Dining,USA,USD,saver,27.39,2024-04-13
Hulu,Entertainment & Recreation,USA,USD,saver,9.93,2024-04-14
Cedars-Sinai Online (Contactless),Healthcare & Medical,USA,USD,saver,20.96,2024-04-15
Neiman Marcus Store - Evening,Shopping & Retail,USA,USD,saver,78.57,2024-04-15
Dairy Queen,Food & Dining,USA,USD,saver,20.83,2024-04-15
Frontier,Utilities & Services,USA,USD,saver,289.45,2024-04-16
DMV Strip Mall,Government & Legal,USA,USD,saver,398.9,2024-04-17
Immigration #4183 - USA,Government & Legal,USA,USD,saver,253.65,2024-04-17
Bank of America,Financial Services,USA,USD,saver,427.0,2024-04-17
Fundraising #8252 - USA - Rush Hour,Charity & Donations,USA,USD,saver,19.44,2024-04-17
Physical Therapy - Lunch Time,Healthcare & Medical,USA,USD,saver,397.09,2024-04-27
UCLA Medical - USA Online,Healthcare & Medical,USA,USD,saver,390.34,2024-04-28
WiFi,Utilities & Services,USA,USD,saver,140.33,2024-04-28
White Castle - USA,Food & Dining,USA,USD,saver,29.21,2024-04-28
Income,Income,USA,USD,saver,4816.18,2024-05-01
Highway Patrol Store Campus,Government & Legal,USA,USD,saver,188.97,2024-05-01
Local Church,Charity & Donations,USA,USD,saver,170.45,2024-05-02
Income,Income,USA,USD,saver,4608.49,2024-05-04
Dollar #5938 - Afternoon,Transportation,USA,USD,saver,80.03,2024-05-04
RCN,Utilities & Services,USA,USD,saver,178.01,2024-05-05
WOW,Utilities & Services,USA,USD,saver,225.62,2024-05-05
Lowe's,Shopping & Retail,USA,USD,saver,182.63,2024-05-06
Mini Golf - Afternoon,Entertainment & Recreation,USA,USD,saver,107.43,2024-05-06
Hawaiian Airlines,Transportation,USA,USD,saver,74.28,2024-05-08
Amazon Prime Hospital,Entertainment & Recreation,USA,USD,saver,19.27,2024-05-08
Toll #5070 Hospital,Transportation,USA,USD,saver,34.27,2024-05-08
Walgreens Online Campus,Shopping & Retail,USA,USD,saver,178.26,2024-05-08
Rite Aid (Contactless),Shopping & Retail,USA,USD,saver,60.48,2024-05-08
Windstream - USA Branch Hospital,Utilities & Services,USA,USD,saver,212.82,2024-05-09
Quiznos,Food & Dining,USA,USD,saver,46.97,2024-05-09
Gym,Healthcare & Medical,USA,USD,saver,23.24,2024-05-09
Bookkeeping,Financial Services,USA,USD,saver,264.13,2024-05-11
Registration Downtown,Government & Legal,USA,USD,saver,349.79,2024-05-11
Netflix,Entertainment & Recreation,USA,USD,saver,11.13,2024-05-11
Pediatrician,Healthcare & Medical,USA,USD,saver,289.34,2024-05-12
Temple #2592,Charity & Donations,USA,USD,saver,56.22,2024-05-13
Bowling Alley Store - Afternoon,Entertainment & Recreation,USA,USD,saver,82.05,2024-05-14
UNICEF #9724 Store,Charity & Donations,USA,USD,saver,29.12,2024-05-15
NGO - USA - Holiday,Charity & Donations,USA,USD,saver,107.45,2024-05-15
Hawaiian Airlines Downtown,Transportation,USA,USD,saver,12.82,2024-05-16
Goodwill,Charity & Donations,USA,USD,saver,22.13,2024-05-17
MRI TXN971448,Healthcare & Medical,USA,USD,saver,48.55,2024-05-17
Zaxby's,Food & Dining,USA,USD,saver,15.25,2024-05-18
Whole Foods,Food & Dining,USA,USD,saver,6.99,2024-05-20
Hulu,Entertainment & Recreation,USA,USD,saver,9.18,2024-05-20
Cleveland Clinic,Healthcare & Medical,USA,USD,saver,131.1,2024-05-22
Chipotle Store - Morning,Food & Dining,USA,USD,saver,23.96,2024-05-23
Youth Organization,Charity & Donations,USA,USD,saver,116.99,2024-05-23
Satellite Internet Online Branch,Utilities & Services,USA,USD,saver,246.56,2024-05-25
Court (Contactless),Government & Legal,USA,USD,saver,109.82,2024-05-25
Johns Hopkins Branch,Healthcare & Medical,USA,USD,saver,422.63,2024-05-26
Cinemark - USA Center,Entertainment & Recreation,USA,USD,saver,75.23,2024-05-27
Pharmacy Store,Healthcare & Medical,USA,USD,saver,126.06,2024-05-27
Income,Income,USA,USD,saver,6461.49,2024-06-03
FBI #4283 - USA (Wire),Government & Legal,USA,USD,saver,175.21,2024-06-03
Stock Store - Lunch Time,Financial Services,USA,USD,saver,486.04,2024-06-03
Medicaid,Government & Legal,USA,USD,saver,334.35,2024-06-03
Credit Union Store,Financial Services,USA,USD,saver,126.5,2024-06-03
Fair (Contactless),Entertainment & Recreation,USA,USD,saver,46.17,2024-06-04
SoulCycle #1665,Entertainment & Recreation,USA,USD,saver,60.12,2024-06-04
Income,Income,USA,USD,saver,6636.57,2024-06-05
Planet Fitness,Entertainment & Recreation,USA,USD,saver,67.47,2024-06-05
Ambulance - USA,Government & Legal,USA,USD,saver,180.28,2024-06-05
Mr. Sub #7192 - Weekend,Food & Dining,USA,USD,saver,18.48,2024-06-06
Gym,Healthcare & Medical,USA,USD,saver,30.73,2024-06-07
GoFundMe - USA Airport,Charity & Donations,USA,USD,saver,8.97,2024-06-09
Permit Branch TXN836344,Government & Legal,USA,USD,saver,487.35,2024-06-10
Rock Climbing,Entertainment & Recreation,USA,USD,saver,49.38,2024-06-12
CVS,Shopping & Retail,USA,USD,saver,266.48,2024-06-12
Federal Building Store (Wire),Government & Legal,USA,USD,saver,169.4,2024-06-12
In-N-Out,Food & Dining,USA,USD,saver,13.0,2024-06-13
Barneys New York,Shopping & Retail,USA,USD,saver,226.97,2024-06-13
Gas Company (Bank Transfer),Utilities & Services,USA,USD,saver,184.46,2024-06-16
Congress #8393 Center,Government & Legal,USA,USD,saver,348.67,2024-06-17
Municipal Building - USA,Government & Legal,USA,USD,saver,270.17,2024-06-19
GoFundMe #1546 Hospital,Charity & Donations,USA,USD,saver,199.44,2024-06-20
Offering Store Business District,Charity & Donations,USA,USD,saver,43.18,2024-06-21
Zara TXN201543,Shopping & Retail,USA,USD,saver,23.88,2024-06-23
Amtrak Store,Transportation,USA,USD,saver,40.45,2024-06-26
In-N-Out,Food & Dining,USA,USD,saver,10.2,2024-06-26
Hulu,Entertainment & Recreation,USA,USD,saver,7.76,2024-06-27
Government,Government & Legal,USA,USD,saver,140.39,2024-06-28
Netflix,Entertainment & Recreation,USA,USD,saver,12.27,2024-06-28
Staples #6870 Residential,Shopping & Retail,USA,USD,saver,20.13,2024-07-01
Hulu,Entertainment & Recreation,USA,USD,saver,6.67,2024-07-02
Income,Income,USA,USD,saver,6008.49,2024-07-03
Trampoline Park (Digital Wallet),Entertainment & Recreation,USA,USD,saver,60.93,2024-07-03
US Bank Strip Mall,Financial Services,USA,USD,saver,914.71,2024-07-04
Physical Therapy,Healthcare & Medical,USA,USD,saver,414.32,2024-07-05
Homeless Shelter,Charity & Donations,USA,USD,saver,124.87,2024-07-06
Youth Organization - Night,Charity & Donations,USA,USD,saver,8.64,2024-07-07
Gym,Healthcare & Medical,USA,USD,saver,23.12,2024-07-07
Gas Company,Utilities & Services,USA,USD,saver,264.34,2024-07-08
ASPCA #2278 TXN938753,Charity & Donations,USA,USD,saver,82.72,2024-07-08
Children's Hospital Online,Healthcare & Medical,USA,USD,saver,310.8,2024-07-08
Public WiFi - USA Online,Utilities & Services,USA,USD,saver,164.38,2024-07-09
Offering - Weekend,Charity & Donations,USA,USD,saver,160.85,2024-07-09
Atlantic Broadband #2183 - USA,Utilities & Services,USA,USD,saver,230.24,2024-07-11
Phone Company Online,Utilities & Services,USA,USD,saver,92.19,2024-07-11
DirecTV,Utilities & Services,USA,USD,saver,272.49,2024-07-11
Netflix,Entertainment & Recreation,USA,USD,saver,13.89,2024-07-12
Surgery,Healthcare & Medical,USA,USD,saver,375.35,2024-07-13
Walmart Supercenter,Food & Dining,USA,USD,saver,6.99,2024-07-13
HughesNet - USA,Utilities & Services,USA,USD,saver,162.19,2024-07-14
Thrifty Hospital,Transportation,USA,USD,saver,90.12,2024-07-14
Wendy's TXN553073,Food & Dining,USA,USD,saver,32.87,2024-07-15
Notary - USA (Wire),Government & Legal,USA,USD,saver,222.13,2024-07-16
WWF #2387 (Mobile),Charity & Donations,USA,USD,saver,136.41,2024-07-16
Carnival Online (Bank Transfer),Entertainment & Recreation,USA,USD,saver,110.9,2024-07-17
Costco,Shopping & Retail,USA,USD,saver,102.51,2024-07-18
Starlink,Utilities & Services,USA,USD,saver,246.07,2024-07-18
MBTA,Transportation,USA,USD,saver,59.35,2024-07-18
Credit Union Store Online,Financial Services,USA,USD,saver,833.54,2024-07-19
Regions Bank Store,Financial Services,USA,USD,saver,644.37,2024-07-20
Regal Store,Entertainment & Recreation,USA,USD,saver,107.67,2024-07-21
Nordstrom #1962,Shopping & Retail,USA,USD,saver,106.52,2024-07-24
OfficeMax #7281 TXN627822,Shopping & Retail,USA,USD,saver,253.92,2024-07-26
BMO Harris (Cash),Financial Services,USA,USD,saver,890.45,2024-07-27
BMO Harris - USA,Financial Services,USA,USD,saver,364.34,2024-07-28
Temple,Charity & Donations,USA,USD,saver,17.46,2024-07-28
Metro - Holiday,Transportation,USA,USD,saver,98.34,2024-08-01
Nature Conservancy,Charity & Donations,USA,USD,saver,143.64,2024-08-01
Capital One Store Online Branch (Contactless),Financial Services,USA,USD,saver,591.24,2024-08-01
Stanford Health - Holiday,Healthcare & Medical,USA,USD,saver,488.62,2024-08-01
Dermatologist,Healthcare & Medical,USA,USD,saver,340.3,2024-08-01
Theater #4388 - USA Store,Entertainment & Recreation,USA,USD,saver,5.78,2024-08-01
Income,Income,USA,USD,saver,6240.17,2024-08-04
Ulta,Shopping & Retail,USA,USD,saver,215.7,2024-08-04
Gym,Healthcare & Medical,USA,USD,saver,31.1,2024-08-04
Income,Income,USA,USD,saver,4040.96,2024-08-05
WOW #5846 TXN442524,Utilities & Services,USA,USD,saver,243.55,2024-08-05
Mobile #6735 - Weekday,Utilities & Services,USA,USD,saver,96.01,2024-08-06
Uniqlo,Shopping & Retail,USA,USD,saver,168.53,2024-08-11
Sephora,Shopping & Retail,USA,USD,saver,81.72,2024-08-11
Nature Conservancy #4939 (App),Charity & Donations,USA,USD,saver,198.07,2024-08-12
Subway - USA Store,Food & Dining,USA,USD,saver,15.45,2024-08-12
Physical Therapy - USA Store - Weekday,Healthcare & Medical,USA,USD,saver,467.49,2024-08-12
Permit Center - Holiday,Government & Legal,USA,USD,saver,468.95,2024-08-13
Pure Barre #6534,Entertainment & Recreation,USA,USD,saver,82.25,2024-08-13
RCN,Utilities & Services,USA,USD,saver,237.45,2024-08-13
Medicaid #8088 Store,Government & Legal,USA,USD,saver,70.17,2024-08-14
Dollar Tree,Shopping & Retail,USA,USD,saver,188.16,2024-08-14
Cane's #7512 - USA (Digital Wallet),Food & Dining,USA,USD,saver,35.06,2024-08-15
Temple,Charity & Donations,USA,USD,saver,78.5,2024-08-15
Zaxby's,Food & Dining,USA,USD,saver,39.62,2024-08-15
Bus - USA,Transportation,USA,USD,saver,4.04,2024-08-15
24 Hour Fitness - USA Store Center - Weekday,Entertainment & Recreation,USA,USD,saver,59.48,2024-08-16
Whole Foods #7972,Food & Dining,USA,USD,saver,14.03,2024-08-17
MARTA #4196,Transportation,USA,USD,saver,15.03,2024-08-18
Crunch Fitness #1431 Online - Night,Entertainment & Recreation,USA,USD,saver,8.38,2024-08-19
Festival #3874 - USA Store,Entertainment & Recreation,USA,USD,saver,113.96,2024-08-19
Netflix,Entertainment & Recreation,USA,USD,saver,12.27,2024-08-20
Lab #4148 Store,Healthcare & Medical,USA,USD,saver,105.23,2024-08-21
Hulu,Entertainment & Recreation,USA,USD,saver,6.24,2024-08-22
Mobile Hotspot #7406,Utilities & Services,USA,USD,saver,77.78,2024-08-25
Marshalls #4022 Branch,Shopping & Retail,USA,USD,saver,213.85,2024-08-25
Office Depot Store,Shopping & Retail,USA,USD,saver,10.14,2024-08-25
Domino's Online,Food & Dining,USA,USD,saver,49.37,2024-08-25
NYU Langone,Healthcare & Medical,USA,USD,saver,453.54,2024-08-26
Car2Go - USA,Transportation,USA,USD,saver,35.69,2024-08-27
Financial Advisor (Bank Transfer),Financial Services,USA,USD,saver,750.33,2024-08-27
Cinema #1655,Entertainment & Recreation,USA,USD,saver,49.05,2024-08-27
Kaiser Permanente - USA Store - Morning,Healthcare & Medical,USA,USD,saver,155.44,2024-08-28
Income,Income,USA,USD,saver,4074.18,2024-09-01
Gym,Healthcare & Medical,USA,USD,saver,27.37,2024-09-01
Dermatologist - USA,Healthcare & Medical,USA,USD,saver,210.9,2024-09-03
Psychiatrist - USA,Healthcare & Medical,USA,USD,saver,339.95,2024-09-03
Potbelly,Food & Dining,USA,USD,saver,21.45,2024-09-03
IRS,Government & Legal,USA,USD,saver,341.25,2024-09-03
UNICEF,Charity & Donations,USA,USD,saver,143.02,2024-09-05
Parking - USA,Transportation,USA,USD,saver,30.5,2024-09-05
Huntington Bank - USA TXN478590,Financial Services,USA,USD,saver,122.47,2024-09-06
Thrifty,Transportation,USA,USD,saver,84.88,2024-09-07
Clinic - Morning,Healthcare & Medical,USA,USD,saver,222.24,2024-09-08
Firehouse Subs (Online),Food & Dining,USA,USD,saver,33.33,2024-09-09
Transfer Online,Financial Services,USA,USD,saver,452.62,2024-09-09
Court - USA Center - Dinner Time,Government & Legal,USA,USD,saver,178.81,2024-09-10
MARTA - USA,Transportation,USA,USD,saver,41.72,2024-09-10
WiFi,Utilities & Services,USA,USD,saver,258.82,2024-09-13
Sprint - USA,Utilities & Services,USA,USD,saver,251.69,2024-09-13
Kickstarter Online - Rush Hour,Charity & Donations,USA,USD,saver,46.59,2024-09-14
Specialist Store,Healthcare & Medical,USA,USD,saver,315.69,2024-09-16
Subway - USA Store,Food & Dining,USA,USD,saver,19.73,2024-09-17
Nature Conservancy #3226 - USA,Charity & Donations,USA,USD,saver,152.58,2024-09-17
Veterans Organization - USA,Charity & Donations,USA,USD,saver,47.91,2024-09-18
Taxi,Transportation,USA,USD,saver,10.13,2024-09-18
Netflix,Entertainment & Recreation,USA,USD,saver,14.18,2024-09-18
Court - Lunch Time,Government & Legal,USA,USD,saver,138.83,2024-09-19
Temple #2358 Branch (Bank Transfer),Charity & Donations,USA,USD,saver,35.32,2024-09-20
Congress Store Business District,Government & Legal,USA,USD,saver,93.95,2024-09-20
Cold Stone Creamery #1888 - USA TXN939136,Food & Dining,USA,USD,saver,28.15,2024-09-21
National - USA,Transportation,USA,USD,saver,99.4,2024-09-23
Hulu,Entertainment & Recreation,USA,USD,saver,6.38,2024-09-23
Speech Therapy #3491 Branch Center,Healthcare & Medical,USA,USD,saver,72.37,2024-09-25
Broadband,Utilities & Services,USA,USD,saver,252.65,2024-09-26
Dollar Tree,Shopping & Retail,USA,USD,saver,84.8,2024-09-27
Habitat for Humanity #5472 Store Online - Weekday,Charity & Donations,USA,USD,saver,32.08,2024-09-28
Immigration #4789 (Contactless),Government & Legal,USA,USD,saver,425.53,2024-09-28
Tax Store,Government & Legal,USA,USD,saver,333.35,2024-10-02
Toll Branch,Transportation,USA,USD,saver,61.1,2024-10-02
Phone Company #4456 - USA Store (Contactless),Utilities & Services,USA,USD,saver,127.81,2024-10-02
Income,Income,USA,USD,saver,6102.8,2024-10-03
Income,Income,USA,USD,saver,5375.82,2024-10-03
FBI,Government & Legal,USA,USD,saver,387.5,2024-10-03
Gym,Healthcare & Medical,USA,USD,saver,24.86,2024-10-03
Netflix,Entertainment & Recreation,USA,USD,saver,11.11,2024-10-04
Hulu,Entertainment & Recreation,USA,USD,saver,7.88,2024-10-04
Jimmy John's,Food & Dining,USA,USD,saver,38.36,2024-10-05
FlixBus,Transportation,USA,USD,saver,46.99,2024-10-05
Retirement Shopping Center,Financial Services,USA,USD,saver,237.31,2024-10-07
Olive Garden Store,Food & Dining,USA,USD,saver,41.38,2024-10-13
NGO - USA - Evening,Charity & Donations,USA,USD,saver,167.97,2024-10-14
Humane Society - USA,Charity & Donations,USA,USD,saver,80.83,2024-10-17
Festival Store,Entertainment & Recreation,USA,USD,saver,62.07,2024-10-18
Best Buy,Shopping & Retail,USA,USD,saver,30.88,2024-10-19
Fire Department,Government & Legal,USA,USD,saver,177.81,2024-10-20
Audubon Society (Bank Transfer),Charity & Donations,USA,USD,saver,192.2,2024-10-20
Notary Online,Government & Legal,USA,USD,saver,456.04,2024-10-20
Maven,Transportation,USA,USD,saver,61.0,2024-10-20
Turo - Evening,Transportation,USA,USD,saver,14.89,2024-10-20
Urologist Store,Healthcare & Medical,USA,USD,saver,134.21,2024-10-22
Subway - Night,Food & Dining,USA,USD,saver,19.71,2024-10-22
UCLA Medical #2806 - Holiday,Healthcare & Medical,USA,USD,saver,204.64,2024-10-22
JetBlue - USA,Transportation,USA,USD,saver,50.68,2024-10-23
Cinemark,Entertainment & Recreation,USA,USD,saver,44.05,2024-10-25
Panera Bread - USA Branch,Food & Dining,USA,USD,saver,17.11,2024-10-25
DSL Store,Utilities & Services,USA,USD,saver,198.12,2024-10-25
UPS Store - USA,Shopping & Retail,USA,USD,saver,36.84,2024-10-25
Satellite Internet (Online),Utilities & Services,USA,USD,saver,244.63,2024-10-27
Walmart Supercenter,Food & Dining,USA,USD,saver,6.89,2024-10-28
Investment Bank - USA,Financial Services,USA,USD,saver,496.67,2024-11-01
Hulu,Entertainment & Recreation,USA,USD,saver,8.65,2024-11-01
Online Bank Store,Financial Services,USA,USD,saver,874.8,2024-11-02
DirecTV #8393,Utilities & Services,USA,USD,saver,293.38,2024-11-02
Shell Branch,Transportation,USA,USD,saver,83.41,2024-11-02
Panda Express,Food & Dining,USA,USD,saver,6.24,2024-11-03
Fifth Third Shopping Center,Financial Services,USA,USD,saver,927.43,2024-11-03
ASPCA,Charity & Donations,USA,USD,saver,173.69,2024-11-04
Domino's,Food & Dining,USA,USD,saver,5.82,2024-11-04
Court Station,Government & Legal,USA,USD,saver,370.58,2024-11-04
Income,Income,USA,USD,saver,6784.86,2024-11-05
BP Store,Transportation,USA,USD,saver,53.8,2024-11-06
Investment #3961 Business District,Financial Services,USA,USD,saver,450.01,2024-11-06
LA Fitness #1687 - USA,Entertainment & Recreation,USA,USD,saver,148.49,2024-11-06
Barnes & Noble,Shopping & Retail,USA,USD,saver,63.81,2024-11-06
Salvation Army - USA Store,Charity & Donations,USA,USD,saver,94.6,2024-11-07
Walk-in Clinic - USA Online Downtown,Healthcare & Medical,USA,USD,saver,364.56,2024-11-08
Netflix,Entertainment & Recreation,USA,USD,saver,14.6,2024-11-08
Shell #4379 - Lunch Time,Transportation,USA,USD,saver,37.13,2024-11-09
National Parks #6990 Store TXN436467,Charity & Donations,USA,USD,saver,60.12,2024-11-09
Sprint - USA Branch Center (Bank Transfer),Utilities & Services,USA,USD,saver,255.41,2024-11-09
TJ Maxx - Night,Shopping & Retail,USA,USD,saver,241.8,2024-11-10
Pure Barre #4965,Entertainment & Recreation,USA,USD,saver,43.25,2024-11-10
JetBlue,Transportation,USA,USD,saver,73.75,2024-11-10
Community Center - USA - Afternoon,Charity & Donations,USA,USD,saver,68.7,2024-11-11
Dollar Tree - USA Online,Shopping & Retail,USA,USD,saver,276.45,2024-11-12
Pharmacy - USA Store,Healthcare & Medical,USA,USD,saver,475.78,2024-11-14
Nike - USA Store,Shopping & Retail,USA,USD,saver,57.67,2024-11-14
Whole Foods Airport,Food & Dining,USA,USD,saver,26.55,2024-11-15
Dollar Branch (ACH),Transportation,USA,USD,saver,64.56,2024-11-15
Pediatrician,Healthcare & Medical,USA,USD,saver,270.62,2024-11-15
BART Store,Transportation,USA,USD,saver,99.56,2024-11-17
24 Hour Fitness TXN227393,Entertainment & Recreation,USA,USD,saver,133.88,2024-11-18
United Way - USA,Charity & Donations,USA,USD,saver,187.56,2024-11-18
Suddenlink #6638 - USA Online Mall,Utilities & Services,USA,USD,saver,228.35,2024-11-18
Cedars-Sinai #6522 Store,Healthcare & Medical,USA,USD,saver,496.0,2024-11-19
Goodwill - USA,Charity & Donations,USA,USD,saver,78.93,2024-11-20
Orthopedist Store,Healthcare & Medical,USA,USD,saver,420.2,2024-11-21
Alamo Center,Transportation,USA,USD,saver,54.36,2024-11-21
Oxfam Online,Charity & Donations,USA,USD,saver,103.07,2024-11-22
Frontier,Transportation,USA,USD,saver,2.89,2024-11-23
Citibank #7492 - USA,Financial Services,USA,USD,saver,955.97,2024-11-23
Notary - Lunch Time,Government & Legal,USA,USD,saver,188.96,2024-11-23
Crunch Fitness Online - Holiday,Entertainment & Recreation,USA,USD,saver,147.71,2024-11-24
UCSF Medical,Healthcare & Medical,USA,USD,saver,339.56,2024-11-24
Cable Internet - USA - Dinner Time,Utilities & Services,USA,USD,saver,208.52,2024-11-25
Gym,Healthcare & Medical,USA,USD,saver,35.3,2024-11-25
Income,Income,USA,USD,saver,6759.15,2024-12-01
Credit Union #9684,Financial Services,USA,USD,saver,151.94,2024-12-01
Financial Advisor #4988 (App),Financial Services,USA,USD,saver,488.57,2024-12-02
Spectrum - Weekday,Utilities & Services,USA,USD,saver,268.28,2024-12-02
Income,Income,USA,USD,saver,6608.65,2024-12-03
Clinic,Healthcare & Medical,USA,USD,saver,44.89,2024-12-03
Hulu,Entertainment & Recreation,USA,USD,saver,8.7,2024-12-04
Mortgage Online - Weekday,Financial Services,USA,USD,saver,559.81,2024-12-05
UPS Store #7635 Airport,Shopping & Retail,USA,USD,saver,263.32,2024-12-06
Pediatrician #8993 Online,Healthcare & Medical,USA,USD,saver,237.57,2024-12-06
Investment Bank #2797 Station,Financial Services,USA,USD,saver,401.37,2024-12-06
City Hall #8788,Government & Legal,USA,USD,saver,82.25,2024-12-07
Greenpeace - USA Online Branch (Digital Wallet),Charity & Donations,USA,USD,saver,60.88,2024-12-07
Brokerage #7989 - USA,Financial Services,USA,USD,saver,201.32,2024-12-07
Bus,Transportation,USA,USD,saver,30.8,2024-12-08
Wells Fargo #3191,Financial Services,USA,USD,saver,688.52,2024-12-08
Sheriff,Government & Legal,USA,USD,saver,424.01,2024-12-09
Visa Strip Mall,Government & Legal,USA,USD,saver,318.21,2024-12-09
Federal Building #7347 - USA Store - Weekday,Government & Legal,USA,USD,saver,174.3,2024-12-10
Brokerage #6707 Store Branch Campus,Financial Services,USA,USD,saver,667.48,2024-12-10
Registration,Government & Legal,USA,USD,saver,125.88,2024-12-12
Netflix,Entertainment & Recreation,USA,USD,saver,10.45,2024-12-13
Gym,Healthcare & Medical,USA,USD,saver,36.68,2024-12-13
Community Center,Charity & Donations,USA,USD,saver,36.9,2024-12-14
RCN - USA,Utilities & Services,USA,USD,saver,214.68,2024-12-15
Pediatrician,Healthcare & Medical,USA,USD,saver,52.17,2024-12-16
GoFundMe #6165 - USA Store TXN832138,Charity & Donations,USA,USD,saver,139.25,2024-12-16
Baja Fresh Store - Weekday,Food & Dining,USA,USD,saver,36.73,2024-12-17
Marshalls Store Branch Airport,Shopping & Retail,USA,USD,saver,263.14,2024-12-18
Lyft Branch (Wire),Transportation,USA,USD,saver,80.93,2024-12-18
Mosque Store,Charity & Donations,USA,USD,saver,11.87,2024-12-18
Convention Center,Entertainment & Recreation,USA,USD,saver,71.51,2024-12-19
Spotify #6554,Entertainment & Recreation,USA,USD,saver,54.22,2024-12-20
MTA - USA TXN555718,Transportation,USA,USD,saver,57.79,2024-12-20
Checkers,Food & Dining,USA,USD,saver,45.15,2024-12-22
Staples #9793 Online Campus,Shopping & Retail,USA,USD,saver,85.27,2024-12-23
Greenpeace Branch,Charity & Donations,USA,USD,saver,173.02,2024-12-23
Town Hall - Weekday,Government & Legal,USA,USD,saver,223.05,2024-12-23
Barnes & Noble #3066 - USA Online,Shopping & Retail,USA,USD,saver,80.21,2024-12-24
Checkers - Morning,Food & Dining,USA,USD,saver,28.19,2024-12-25
Theater,Entertainment & Recreation,USA,USD,saver,60.62,2024-12-25
Optimum,Utilities & Services,USA,USD,saver,266.55,2024-12-25
YouTube Center,Entertainment & Recreation,USA,USD,saver,96.83,2024-12-28
MARTA Store Center,Transportation,USA,USD,student,23.73,2022-01-01
Investment - USA,Financial Services,USA,USD,student,849.62,2022-01-01
Income,Income,USA,USD,student,1638.9,2022-01-02
UPS Store Store TXN170145,Shopping & Retail,USA,USD,student,286.06,2022-01-02
TSA (Cash),Government & Legal,USA,USD,student,493.73,2022-01-02
Credit Union Store,Financial Services,USA,USD,student,116.96,2022-01-03
National Online Residential,Transportation,USA,USD,student,55.21,2022-01-03
Home Depot,Shopping & Retail,USA,USD,student,257.26,2022-01-03
DSL #3890 Online,Utilities & Services,USA,USD,student,293.96,2022-01-03
Walgreens TXN882295,Shopping & Retail,USA,USD,student,225.32,2022-01-04
Subway #1134 (Contactless),Food & Dining,USA,USD,student,27.56,2022-01-04
Fair #6765,Entertainment & Recreation,USA,USD,student,18.59,2022-01-04
Optimum - USA,Utilities & Services,USA,USD,student,216.61,2022-01-05
Mr. Sub Online,Food & Dining,USA,USD,student,43.16,2022-01-05
Gas Company #9692 Store,Utilities & Services,USA,USD,student,70.64,2022-01-07
DMV,Government & Legal,USA,USD,student,352.75,2022-01-08
Walgreens #9951,Healthcare & Medical,USA,USD,student,87.45,2022-01-09
Investment Bank,Financial Services,USA,USD,student,608.04,2022-01-09
WiFi Hotspot (Cash),Utilities & Services,USA,USD,student,91.77,2022-01-10
Gynecologist - USA Store TXN713918,Healthcare & Medical,USA,USD,student,346.42,2022-01-10
Spirit #2780 Store,Transportation,USA,USD,student,6.6,2022-01-10
Netflix,Entertainment & Recreation,USA,USD,student,13.32,2022-01-11
American Airlines Store - Rush Hour,Transportation,USA,USD,student,21.64,2022-01-12
CTA,Transportation,USA,USD,student,25.96,2022-01-12
Charter - Afternoon,Utilities & Services,USA,USD,student,221.25,2022-01-12
Senior Center Station,Charity & Donations,USA,USD,student,109.07,2022-01-13
Gas Company - USA Store Campus,Utilities & Services,USA,USD,student,128.69,2022-01-13
TSA #6190 (Card),Government & Legal,USA,USD,student,468.77,2022-01-14
Uniqlo Center - Night,Shopping & Retail,USA,USD,student,243.98,2022-01-17
DSL Online,Utilities & Services,USA,USD,student,159.89,2022-01-18
GoFundMe (App),Charity & Donations,USA,USD,student,111.75,2022-01-19
Amazon #3229,Shopping & Retail,USA,USD,student,27.03,2022-01-20
Johns Hopkins,Healthcare & Medical,USA,USD,student,96.59,2022-01-20
Fiber,Utilities & Services,USA,USD,student,85.29,2022-01-20
WiFi Hotspot #2992 Online (Mobile),Utilities & Services,USA,USD,student,261.82,2022-01-21
Getaround #7477 Branch,Transportation,USA,USD,student,18.82,2022-01-22
Spotify,Entertainment & Recreation,USA,USD,student,8.29,2022-01-23
Dermatologist,Healthcare & Medical,USA,USD,student,96.47,2022-01-24
Surgery,Healthcare & Medical,USA,USD,student,204.05,2022-01-24
Macy's - USA,Shopping & Retail,USA,USD,student,283.75,2022-01-25
Rock Climbing #4330,Entertainment & Recreation,USA,USD,student,143.41,2022-01-26
Cox Store,Utilities & Services,USA,USD,student,243.36,2022-01-26
Local Church #7198,Charity & Donations,USA,USD,student,113.39,2022-01-27
Visa Mall,Government & Legal,USA,USD,student,141.76,2022-01-27
UNICEF TXN255317,Charity & Donations,USA,USD,student,19.77,2022-01-27
Gym,Healthcare & Medical,USA,USD,student,16.78,2022-01-28
Nordstrom Rack Store,Shopping & Retail,USA,USD,student,51.93,2022-02-01
Trampoline Park #3341 TXN134975,Entertainment & Recreation,USA,USD,student,91.95,2022-02-02
Citibank #4938 Online,Financial Services,USA,USD,student,581.82,2022-02-03
Income,Income,USA,USD,student,1129.66,2022-02-04
Emergency Room Center,Healthcare & Medical,USA,USD,student,201.88,2022-02-04
MRI TXN328495,Healthcare & Medical,USA,USD,student,186.78,2022-02-04
Legal TXN294747,Government & Legal,USA,USD,student,262.96,2022-02-04
Income,Income,USA,USD,student,1984.68,2022-02-05
WiFi,Utilities & Services,USA,USD,student,107.21,2022-02-05
Goodwill - USA Strip Mall,Charity & Donations,USA,USD,student,190.29,2022-02-08
Alamo,Transportation,USA,USD,student,88.58,2022-02-08
Netflix,Entertainment & Recreation,USA,USD,student,14.92,2022-02-08
Emergency Room #2008 (Digital Wallet),Healthcare & Medical,USA,USD,student,79.6,2022-02-09
Turo #2001 Store,Transportation,USA,USD,student,96.32,2022-02-10
AT&T Hospital,Utilities & Services,USA,USD,student,101.87,2022-02-11
Local Church - USA,Charity & Donations,USA,USD,student,14.03,2022-02-12
Gym,Healthcare & Medical,USA,USD,student,25.91,2022-02-12
Eye Care #9953 Mall,Healthcare & Medical,USA,USD,student,474.04,2022-02-13
YouTube Store,Entertainment & Recreation,USA,USD,student,121.57,2022-02-14
AMC Store (Digital Wallet),Entertainment & Recreation,USA,USD,student,6.09,2022-02-14
FBI,Government & Legal,USA,USD,student,218.99,2022-02-15
Lord & Taylor - USA,Shopping & Retail,USA,USD,student,244.0,2022-02-15
Mass General,Healthcare & Medical,USA,USD,student,190.37,2022-02-15
7-Eleven Store Branch,Transportation,USA,USD,student,56.34,2022-02-15
Windstream,Utilities & Services,USA,USD,student,242.42,2022-02-16
Offering Store Online,Charity & Donations,USA,USD,student,6.42,2022-02-17
Paintball #6621,Entertainment & Recreation,USA,USD,student,102.89,2022-02-17
Sixt - USA - Night,Transportation,USA,USD,student,17.38,2022-02-18
Regions Bank #5787,Financial Services,USA,USD,student,787.46,2022-02-19
Nature Conservancy #2016 Online Branch - Lunch Time,Charity & Donations,USA,USD,student,127.35,2022-02-20
Safeway (Mobile),Food & Dining,USA,USD,student,34.76,2022-02-20
Home Depot Center - Weekday,Shopping & Retail,USA,USD,student,196.0,2022-02-20
Spectrum Branch,Utilities & Services,USA,USD,student,260.69,2022-02-21
Spotify,Entertainment & Recreation,USA,USD,student,6.59,2022-02-21
Transfer #6515 - USA,Financial Services,USA,USD,student,756.88,2022-02-22
White Castle Station,Food & Dining,USA,USD,student,11.12,2022-02-23
Public WiFi Online,Utilities & Services,USA,USD,student,245.2,2022-02-23
Community Bank Shopping Center,Financial Services,USA,USD,student,690.39,2022-02-25
Dairy Queen - USA - Night,Food & Dining,USA,USD,student,32.64,2022-02-26
Passport #8863 Online,Government & Legal,USA,USD,student,101.55,2022-02-26
Social Security,Government & Legal,USA,USD,student,314.92,2022-02-27
Local Food Bank - USA,Charity & Donations,USA,USD,student,179.44,2022-02-28
Shell - Dinner Time,Transportation,USA,USD,student,59.73,2022-03-01
Urgent Care #8620 Online,Healthcare & Medical,USA,USD,student,36.62,2022-03-02
Gym,Healthcare & Medical,USA,USD,student,20.59,2022-03-02
Income,Income,USA,USD,student,1275.98,2022-03-05
Capital One,Financial Services,USA,USD,student,376.48,2022-03-06
Retirement Planning Online,Financial Services,USA,USD,student,318.19,2022-03-06
Spotify,Entertainment & Recreation,USA,USD,student,5.34,2022-03-06
WMATA Store Online (Contactless),Transportation,USA,USD,student,20.66,2022-03-07
Eye Care - USA Business District,Healthcare & Medical,USA,USD,student,155.34,2022-03-07
Target,Food & Dining,USA,USD,student,32.38,2022-03-08
Equinox - USA TXN643936,Entertainment & Recreation,USA,USD,student,47.62,2022-03-08
Amnesty International,Charity & Donations,USA,USD,student,72.96,2022-03-09
Panda Express,Food & Dining,USA,USD,student,5.71,2022-03-09
KFC Store Business District,Food & Dining,USA,USD,student,7.85,2022-03-09
Viasat Online - Morning,Utilities & Services,USA,USD,student,204.74,2022-03-10
Kaiser Permanente,Healthcare & Medical,USA,USD,student,453.64,2022-03-10
Water Company #4461 Center,Utilities & Services,USA,USD,student,230.34,2022-03-11
Dollar General,Shopping & Retail,USA,USD,student,171.4,2022-03-11
IRS #7612 - USA TXN913321,Government & Legal,USA,USD,student,264.82,2022-03-11
Delta - Dinner Time,Transportation,USA,USD,student,44.28,2022-03-11
White House,Government & Legal,USA,USD,student,291.9,2022-03-14
Zara,Shopping & Retail,USA,USD,student,182.21,2022-03-15
Netflix,Entertainment & Recreation,USA,USD,student,13.12,2022-03-15
AT&T #6483 Strip Mall,Utilities & Services,USA,USD,student,68.87,2022-03-16
Amnesty International (Cash),Charity & Donations,USA,USD,student,137.6,2022-03-16
Urgent Care Store,Healthcare & Medical,USA,USD,student,349.01,2022-03-16
Phone Company - USA Store,Utilities & Services,USA,USD,student,294.79,2022-03-18
Veterans Organization #5053,Charity & Donations,USA,USD,student,35.06,2022-03-20
Synagogue - Afternoon,Charity & Donations,USA,USD,student,47.48,2022-03-20
Financial Advisor - Holiday,Financial Services,USA,USD,student,710.62,2022-03-21
Tax Preparation,Financial Services,USA,USD,student,835.07,2022-03-21
Walmart Pharmacy Store - Morning,Healthcare & Medical,USA,USD,student,327.57,2022-03-21
Johns Hopkins (Wire),Healthcare & Medical,USA,USD,student,369.09,2022-03-21
Bookkeeping #5301,Financial Services,USA,USD,student,86.61,2022-03-22
Town Hall #1675 Store Branch Shopping Center,Government & Legal,USA,USD,student,354.47,2022-03-23
Pediatrician - USA,Healthcare & Medical,USA,USD,student,496.16,2022-03-24
Festival #3446,Entertainment & Recreation,USA,USD,student,12.29,2022-03-24
Medicaid,Government & Legal,USA,USD,student,457.36,2022-03-25
KeyBank Shopping Center,Financial Services,USA,USD,student,595.14,2022-03-25
X-Ray Residential,Healthcare & Medical,USA,USD,student,128.82,2022-03-26
Local Food Bank Center,Charity & Donations,USA,USD,student,141.06,2022-03-26
Target #5032 Store (Bank Transfer),Food & Dining,USA,USD,student,46.21,2022-03-27
Train - Night,Transportation,USA,USD,student,19.57,2022-03-27
Doctors Without Borders Store Campus,Charity & Donations,USA,USD,student,31.39,2022-03-27
Crunch Fitness #9727 - USA Center,Entertainment & Recreation,USA,USD,student,17.41,2022-03-27
Burlington #2545,Shopping & Retail,USA,USD,student,44.8,2022-03-27
Lowe's (Cash),Shopping & Retail,USA,USD,student,107.9,2022-03-27
Oxfam TXN683272,Charity & Donations,USA,USD,student,57.55,2022-03-28
Neiman Marcus,Shopping & Retail,USA,USD,student,270.18,2022-04-01
WMATA - USA Online Hospital,Transportation,USA,USD,student,59.91,2022-04-01
First National,Financial Services,USA,USD,student,534.8,2022-04-01
Peter Pan #3443,Transportation,USA,USD,student,98.43,2022-04-01
Rite Aid,Shopping & Retail,USA,USD,student,53.0,2022-04-02
Verizon - USA - Dinner Time,Utilities & Services,USA,USD,student,136.9,2022-04-03
Mediacom - USA Online,Utilities & Services,USA,USD,student,225.96,2022-04-04
Income,Income,USA,USD,student,861.13,2022-04-05
Income,Income,USA,USD,student,1866.86,2022-04-05
Tax #9793 - USA,Government & Legal,USA,USD,student,407.1,2022-04-05
Domino's #6044,Food & Dining,USA,USD,student,49.99,2022-04-06
Cox #7947,Utilities & Services,USA,USD,student,293.7,2022-04-06
Mount Sinai Online Branch TXN206407,Healthcare & Medical,USA,USD,student,491.75,2022-04-06
Dairy Queen #2964 Online - Lunch Time,Food & Dining,USA,USD,student,14.69,2022-04-07
CrossFit TXN448329,Entertainment & Recreation,USA,USD,student,88.67,2022-04-07
Lord & Taylor - Dinner Time,Shopping & Retail,USA,USD,student,34.52,2022-04-10
Physical Therapy (Contactless),Healthcare & Medical,USA,USD,student,422.11,2022-04-10
Subway #8133 Online,Food & Dining,USA,USD,student,17.31,2022-04-10
Spotify #2398 - Holiday,Entertainment & Recreation,USA,USD,student,118.95,2022-04-10
Spotify,Entertainment & Recreation,USA,USD,student,9.85,2022-04-10
Huntington Bank,Financial Services,USA,USD,student,833.59,2022-04-11
Quiznos Online,Food & Dining,USA,USD,student,21.15,2022-04-12
Cold Stone Creamery #8599 (Bank Transfer),Food & Dining,USA,USD,student,9.76,2022-04-12
Charter Center,Utilities & Services,USA,USD,student,101.82,2022-04-13
CenturyLink #7062 - USA Business District,Utilities & Services,USA,USD,student,257.79,2022-04-13
WiFi (Mobile),Utilities & Services,USA,USD,student,272.02,2022-04-13
Greenpeace - USA - Afternoon,Charity & Donations,USA,USD,student,178.95,2022-04-14
Brokerage #8585 Online,Financial Services,USA,USD,student,234.72,2022-04-14
7-Eleven,Transportation,USA,USD,student,90.07,2022-04-15
JetBlue Hospital,Transportation,USA,USD,student,83.38,2022-04-16
Subway #7158 Online,Food & Dining,USA,USD,student,19.86,2022-04-16
Lab #4717 Center,Healthcare & Medical,USA,USD,student,465.54,2022-04-17
Crunch Fitness #5809 Online - Weekend,Entertainment & Recreation,USA,USD,student,39.62,2022-04-17
Medicaid #8488 - USA Store Station,Government & Legal,USA,USD,student,216.57,2022-04-18
Netflix,Entertainment & Recreation,USA,USD,student,12.5,2022-04-18
ASPCA Store Online (Card),Charity & Donations,USA,USD,student,41.06,2022-04-19
Peter Pan #4873 - Rush Hour,Transportation,USA,USD,student,54.8,2022-04-19
TSA #9963 Store - Holiday,Government & Legal,USA,USD,student,91.33,2022-04-20
Olive Garden #2922 - USA,Food & Dining,USA,USD,student,48.12,2022-04-20
KeyBank Online Campus,Financial Services,USA,USD,student,287.67,2022-04-22
Best Buy - USA - Weekday,Shopping & Retail,USA,USD,student,85.47,2022-04-23
OfficeMax #2865 Store,Shopping & Retail,USA,USD,student,99.74,2022-04-23
Family Dollar,Shopping & Retail,USA,USD,student,240.64,2022-04-23
Permit,Government & Legal,USA,USD,student,162.66,2022-04-24
Congress #4146 - USA,Government & Legal,USA,USD,student,346.52,2022-04-24
Temple Store,Charity & Donations,USA,USD,student,38.23,2022-04-25
AT&T Mall,Utilities & Services,USA,USD,student,208.31,2022-04-25
Gym,Healthcare & Medical,USA,USD,student,19.33,2022-04-25
Taxi Store TXN430625,Transportation,USA,USD,student,48.32,2022-04-27
Barnes & Noble Store - Night,Shopping & Retail,USA,USD,student,94.97,2022-04-27
NSA - USA,Government & Legal,USA,USD,student,91.35,2022-04-27
Gym,Entertainment & Recreation,USA,USD,student,149.24,2022-04-27
BP #7743,Transportation,USA,USD,student,36.53,2022-04-28
Veterans Organization Shopping Center,Charity & Donations,USA,USD,student,181.34,2022-05-02
Income,Income,USA,USD,student,813.59,2022-05-03
Raising Cane's,Food & Dining,USA,USD,student,15.14,2022-05-03
H&M - USA,Shopping & Retail,USA,USD,student,137.39,2022-05-04
Amnesty International,Charity & Donations,USA,USD,student,13.83,2022-05-04
Income,Income,USA,USD,student,1965.02,2022-05-05
Senate Online,Government & Legal,USA,USD,student,333.24,2022-05-05
Dillard's #2662 Store Online - Weekday,Shopping & Retail,USA,USD,student,23.57,2022-05-05
Cedars-Sinai #4595 Store Online Center,Healthcare & Medical,USA,USD,student,418.54,2022-05-05
Psychiatrist #1718 Online TXN702735,Healthcare & Medical,USA,USD,student,452.58,2022-05-05
Pilates - USA Branch,Entertainment & Recreation,USA,USD,student,82.71,2022-05-07
Apple Store #5964 - USA Store,Shopping & Retail,USA,USD,student,123.58,2022-05-08
Saks Off 5th - USA,Shopping & Retail,USA,USD,student,70.73,2022-05-09
Train #9772 - USA,Transportation,USA,USD,student,12.0,2022-05-09
Dental - Weekday,Healthcare & Medical,USA,USD,student,116.84,2022-05-10
Spotify,Entertainment & Recreation,USA,USD,student,9.19,2022-05-10
UCSF Medical #8382 - Holiday,Healthcare & Medical,USA,USD,student,187.75,2022-05-11
BB&T #2282 - Weekday,Financial Services,USA,USD,student,332.66,2022-05-14
Religious Organization,Charity & Donations,USA,USD,student,129.54,2022-05-16
Permit Online,Government & Legal,USA,USD,student,226.66,2022-05-16
HughesNet Branch - Afternoon,Utilities & Services,USA,USD,student,196.74,2022-05-16
Animal Shelter Store (Mobile),Charity & Donations,USA,USD,student,159.79,2022-05-17
Von Maur (Mobile),Shopping & Retail,USA,USD,student,202.59,2022-05-18
Legal Shopping Center,Government & Legal,USA,USD,student,218.98,2022-05-20
TJ Maxx Store,Shopping & Retail,USA,USD,student,36.17,2022-05-22
Five Guys,Food & Dining,USA,USD,student,29.36,2022-05-22
Netflix,Entertainment & Recreation,USA,USD,student,11.75,2022-05-22
Home Depot Campus,Shopping & Retail,USA,USD,student,177.61,2022-05-23
ATF Strip Mall,Government & Legal,USA,USD,student,306.75,2022-05-23
Hawaiian Airlines,Transportation,USA,USD,student,57.26,2022-05-24
Chase #9809 - USA Online Branch,Financial Services,USA,USD,student,105.67,2022-05-24
Humane Society,Charity & Donations,USA,USD,student,18.2,2022-05-25
Anytime Fitness,Entertainment & Recreation,USA,USD,student,32.28,2022-05-25
Firehouse Subs #6651 Store,Food & Dining,USA,USD,student,22.38,2022-05-26
Metro,Transportation,USA,USD,student,7.34,2022-05-26
Gym,Healthcare & Medical,USA,USD,student,21.61,2022-05-26
Dillard's #9654,Shopping & Retail,USA,USD,student,219.27,2022-05-27
Surgery #9324 - USA,Healthcare & Medical,USA,USD,student,281.61,2022-05-28
Saks Off 5th - USA Online,Shopping & Retail,USA,USD,student,45.12,2022-05-28
Barnes & Noble - USA,Shopping & Retail,USA,USD,student,189.35,2022-05-28
Firehouse Subs (Online),Food & Dining,USA,USD,student,48.02,2022-05-28
Income,Income,USA,USD,student,1088.46,2022-06-02
Doctors Without Borders Store Hospital,Charity & Donations,USA,USD,student,64.49,2022-06-03
Donation #1197 - Evening,Charity & Donations,USA,USD,student,195.51,2022-06-04
Consolidated Communications Store (Bank Transfer),Utilities & Services,USA,USD,student,143.21,2022-06-04
Income,Income,USA,USD,student,1116.15,2022-06-05
Banking Store,Financial Services,USA,USD,student,308.12,2022-06-06
Netflix,Entertainment & Recreation,USA,USD,student,14.38,2022-06-07
Gym,Healthcare & Medical,USA,USD,student,24.31,2022-06-07
BoltBus #5760 Center - Morning,Transportation,USA,USD,student,21.13,2022-06-10
Senate #1685 Online,Government & Legal,USA,USD,student,307.68,2022-06-10
Offering - USA (Card),Charity & Donations,USA,USD,student,43.48,2022-06-11
Regal #2024 TXN548884,Entertainment & Recreation,USA,USD,student,56.83,2022-06-12
WWF #1942 Online,Charity & Donations,USA,USD,student,159.92,2022-06-14
Kaiser Permanente #4728,Healthcare & Medical,USA,USD,student,475.18,2022-06-16
Homeless Shelter - Morning,Charity & Donations,USA,USD,student,104.56,2022-06-16
Spotify,Entertainment & Recreation,USA,USD,student,5.74,2022-06-16
State Police,Government & Legal,USA,USD,student,448.42,2022-06-19
PNC Bank Store TXN877864,Financial Services,USA,USD,student,318.67,2022-06-20
Spotify #2030 (ACH),Entertainment & Recreation,USA,USD,student,140.94,2022-06-20
Broadband - USA,Utilities & Services,USA,USD,student,111.29,2022-06-20
Viasat #3907 - USA Store,Utilities & Services,USA,USD,student,102.74,2022-06-21
Physical Therapy - USA,Healthcare & Medical,USA,USD,student,90.57,2022-06-21
Synagogue,Charity & Donations,USA,USD,student,91.16,2022-06-22
DMV Downtown,Government & Legal,USA,USD,student,378.34,2022-06-23
Mobile Hotspot #5736,Utilities & Services,USA,USD,student,159.63,2022-06-23
Homeless Shelter Center,Charity & Donations,USA,USD,student,166.69,2022-06-23
Spotify - USA,Entertainment & Recreation,USA,USD,student,69.62,2022-06-23
Cinema Online,Entertainment & Recreation,USA,USD,student,69.86,2022-06-24
Kickstarter,Charity & Donations,USA,USD,student,150.41,2022-06-25
Physical Therapy #3821,Healthcare & Medical,USA,USD,student,186.2,2022-06-25
Museum,Entertainment & Recreation,USA,USD,student,85.84,2022-06-27
Mayo Clinic - USA Store TXN754562,Healthcare & Medical,USA,USD,student,98.71,2022-06-27
Psychiatrist - Rush Hour,Healthcare & Medical,USA,USD,student,303.31,2022-06-28
Permit #9447,Government & Legal,USA,USD,student,313.89,2022-06-28
Primary Care,Healthcare & Medical,USA,USD,student,51.67,2022-06-28
Town Hall - USA,Government & Legal,USA,USD,student,308.39,2022-06-28
Mobile Hotspot,Utilities & Services,USA,USD,student,204.29,2022-07-02
Consolidated Communications - USA - Weekend,Utilities & Services,USA,USD,student,244.37,2022-07-02
Johns Hopkins #3306 Store,Healthcare & Medical,USA,USD,student,479.54,2022-07-02
Goodwill,Charity & Donations,USA,USD,student,104.22,2022-07-03
Income,Income,USA,USD,student,1943.83,2022-07-04
License Store Hospital,Government & Legal,USA,USD,student,146.38,2022-07-04
Mutual Fund - Lunch Time,Financial Services,USA,USD,student,824.6,2022-07-05
Potbelly #2453 Residential,Food & Dining,USA,USD,student,42.66,2022-07-06
UNICEF,Charity & Donations,USA,USD,student,105.4,2022-07-08
Baja Fresh - USA (Card),Food & Dining,USA,USD,student,49.45,2022-07-08
Online Bank Store Center,Financial Services,USA,USD,student,581.35,2022-07-09
Dollar General - Evening,Shopping & Retail,USA,USD,student,47.9,2022-07-09
Spotify,Entertainment & Recreation,USA,USD,student,6.94,2022-07-10
KeyBank Center,Financial Services,USA,USD,student,874.51,2022-07-13
Tax Strip Mall,Government & Legal,USA,USD,student,487.63,2022-07-13
Lowe's #9344 Store,Shopping & Retail,USA,USD,student,33.05,2022-07-14
Wells Fargo,Financial Services,USA,USD,student,590.5,2022-07-14
Equinox,Entertainment & Recreation,USA,USD,student,145.81,2022-07-15
FBI #7177 Center,Government & Legal,USA,USD,student,414.99,2022-07-15
Netflix,Entertainment & Recreation,USA,USD,student,12.99,2022-07-15
In-N-Out #4239,Food & Dining,USA,USD,student,10.68,2022-07-16
Financial Advisor - USA Store,Financial Services,USA,USD,student,330.4,2022-07-18
Safeway Pharmacy (Card),Healthcare & Medical,USA,USD,student,110.49,2022-07-19
United Way - USA Store Online,Charity & Donations,USA,USD,student,153.82,2022-07-19
Nature Conservancy #1498,Charity & Donations,USA,USD,student,158.94,2022-07-20
Planet Fitness Online,Entertainment & Recreation,USA,USD,student,126.9,2022-07-21
Salvation Army,Charity & Donations,USA,USD,student,134.44,2022-07-21
ATM - USA Branch,Financial Services,USA,USD,student,88.15,2022-07-22
Culver's,Food & Dining,USA,USD,student,45.21,2022-07-23
UCLA Medical #7582,Healthcare & Medical,USA,USD,student,440.0,2022-07-23
Gym,Healthcare & Medical,USA,USD,student,20.71,2022-07-23
Huntington Bank Store,Financial Services,USA,USD,student,99.43,2022-07-26
Mobile #7664,Utilities & Services,USA,USD,student,58.68,2022-07-28
Notary #4984 Station,Government & Legal,USA,USD,student,285.47,2022-07-28
Belk - USA Store Online,Shopping & Retail,USA,USD,student,109.24,2022-08-01
Income,Income,USA,USD,student,1431.5,2022-08-02
Baja Fresh - Holiday,Food & Dining,USA,USD,student,48.32,2022-08-02
CVS - Dinner Time,Healthcare & Medical,USA,USD,student,89.92,2022-08-03
Frontier #4040,Utilities & Services,USA,USD,student,130.2,2022-08-04
Insurance #6017,Financial Services,USA,USD,student,71.55,2022-08-04
Fifth Third Online,Financial Services,USA,USD,student,708.63,2022-08-05
Community Center - USA,Charity & Donations,USA,USD,student,153.46,2022-08-09
Chevron - USA,Transportation,USA,USD,student,28.07,2022-08-09
T-Mobile #9547 - USA,Utilities & Services,USA,USD,student,263.32,2022-08-09
Spotify,Entertainment & Recreation,USA,USD,student,5.7,2022-08-09
Mobile #4900,Utilities & Services,USA,USD,student,61.59,2022-08-11
Turo TXN944111,Transportation,USA,USD,student,28.42,2022-08-12
Belk Store,Shopping & Retail,USA,USD,student,128.69,2022-08-14
Children's Hospital #8537 - USA Online,Healthcare & Medical,USA,USD,student,116.09,2022-08-15
Immigration (Bank Transfer),Government & Legal,USA,USD,student,282.2,2022-08-17
Target #7015 - USA,Shopping & Retail,USA,USD,student,24.48,2022-08-17
Rite Aid Branch,Healthcare & Medical,USA,USD,student,226.43,2022-08-18
Religious Organization,Charity & Donations,USA,USD,student,31.23,2022-08-18
Gym,Healthcare & Medical,USA,USD,student,27.1,2022-08-19
Retirement Planning - Weekend,Financial Services,USA,USD,student,415.12,2022-08-22
Walmart #7837 - USA - Dinner Time,Shopping & Retail,USA,USD,student,31.62,2022-08-22
Cold Stone Creamery,Food & Dining,USA,USD,student,45.28,2022-08-23
White House Store,Government & Legal,USA,USD,student,339.31,2022-08-24
Ross #4063,Shopping & Retail,USA,USD,student,134.82,2022-08-24
Xfinity #8712,Utilities & Services,USA,USD,student,254.21,2022-08-25
City Hall Store TXN487465,Government & Legal,USA,USD,student,365.1,2022-08-25
Netflix,Entertainment & Recreation,USA,USD,student,14.4,2022-08-25
Noodles & Company #3101 Store (Cash),Food & Dining,USA,USD,student,17.01,2022-08-26
Offering TXN260797,Charity & Donations,USA,USD,student,152.07,2022-08-26
Hulu #4047,Entertainment & Recreation,USA,USD,student,86.76,2022-08-26
BMO Harris - Rush Hour,Financial Services,USA,USD,student,847.31,2022-08-27
Walmart Pharmacy #6580,Healthcare & Medical,USA,USD,student,195.5,2022-08-27
Bergdorf Goodman,Shopping & Retail,USA,USD,student,167.51,2022-08-28
DEA Store,Government & Legal,USA,USD,student,398.0,2022-08-28
Amtrak Online,Transportation,USA,USD,student,58.43,2022-09-01
IKEA Center Strip Mall,Shopping & Retail,USA,USD,student,102.49,2022-09-02
Occupational Therapy #7006 - Rush Hour,Healthcare & Medical,USA,USD,student,82.04,2022-09-03
Income,Income,USA,USD,student,1923.68,2022-09-05
Community Bank #4317 - USA,Financial Services,USA,USD,student,786.84,2022-09-05
Dermatologist Store Center,Healthcare & Medical,USA,USD,student,254.86,2022-09-06
Congress #7034,Government & Legal,USA,USD,student,258.12,2022-09-06
Tim Hortons #1826,Food & Dining,USA,USD,student,10.55,2022-09-07
BP - USA TXN861895,Transportation,USA,USD,student,59.63,2022-09-07
Orange Theory Online TXN377280,Entertainment & Recreation,USA,USD,student,117.43,2022-09-07
Doctors Without Borders - Rush Hour,Charity & Donations,USA,USD,student,31.08,2022-09-07
Gym,Healthcare & Medical,USA,USD,student,27.54,2022-09-09
Staples,Shopping & Retail,USA,USD,student,46.52,2022-09-10
Habitat for Humanity - USA,Charity & Donations,USA,USD,student,13.94,2022-09-11
Business WiFi,Utilities & Services,USA,USD,student,275.83,2022-09-11
Dollar General,Shopping & Retail,USA,USD,student,66.08,2022-09-12
Nike #7781,Shopping & Retail,USA,USD,student,19.61,2022-09-12
Cold Stone Creamery (Cash),Food & Dining,USA,USD,student,28.11,2022-09-12
White Castle #7788 - Night,Food & Dining,USA,USD,student,28.15,2022-09-13
Spotify,Entertainment & Recreation,USA,USD,student,9.36,2022-09-14
Zipcar Shopping Center,Transportation,USA,USD,student,43.42,2022-09-15
License #5211 Store,Government & Legal,USA,USD,student,324.68,2022-09-15
Community Bank #3319,Financial Services,USA,USD,student,349.17,2022-09-17
American Airlines - USA TXN173765,Transportation,USA,USD,student,22.83,2022-09-17
Olive Garden,Food & Dining,USA,USD,student,31.88,2022-09-17
Gym Center TXN589057,Entertainment & Recreation,USA,USD,student,100.19,2022-09-18
GoFundMe,Charity & Donations,USA,USD,student,5.88,2022-09-18
AT&T - USA Store Branch,Utilities & Services,USA,USD,student,274.32,2022-09-19
Netflix,Entertainment & Recreation,USA,USD,student,13.43,2022-09-19
Google Fiber Store Center Strip Mall,Utilities & Services,USA,USD,student,112.46,2022-09-21
Mass General #6238,Healthcare & Medical,USA,USD,student,85.83,2022-09-21
Neurologist Store,Healthcare & Medical,USA,USD,student,106.95,2022-09-22
Citibank - USA Store TXN271119,Financial Services,USA,USD,student,548.04,2022-09-22
Thrifty,Transportation,USA,USD,student,45.08,2022-09-22
Donation TXN848233,Charity & Donations,USA,USD,student,35.01,2022-09-22
BB&T #9876,Financial Services,USA,USD,student,649.72,2022-09-22
Homeless Shelter,Charity & Donations,USA,USD,student,145.78,2022-09-23
Service - USA Airport,Government & Legal,USA,USD,student,291.56,2022-09-23
Whole Foods,Food & Dining,USA,USD,student,9.17,2022-09-24
DSL,Utilities & Services,USA,USD,student,212.35,2022-09-24
Dairy Queen Branch - Dinner Time,Food & Dining,USA,USD,student,43.98,2022-09-26
Post Office,Government & Legal,USA,USD,student,306.05,2022-09-27
Jersey Mike's - Weekend,Food & Dining,USA,USD,student,20.61,2022-09-28
Income,Income,USA,USD,student,1371.08,2022-10-01
Veterans Organization,Charity & Donations,USA,USD,student,94.63,2022-10-01
CrossFit #7800 TXN695209,Entertainment & Recreation,USA,USD,student,110.31,2022-10-01
Cable One #7044 Store Online,Utilities & Services,USA,USD,student,139.47,2022-10-02
Taxi,Transportation,USA,USD,student,19.4,2022-10-03
Income,Income,USA,USD,student,1651.81,2022-10-04
Habitat for Humanity Online,Charity & Donations,USA,USD,student,159.98,2022-10-04
Loan,Financial Services,USA,USD,student,211.46,2022-10-05
CTA,Transportation,USA,USD,student,10.93,2022-10-05
Sephora #3136 (Contactless),Shopping & Retail,USA,USD,student,232.8,2022-10-05
Chick-fil-A #6054,Food & Dining,USA,USD,student,11.5,2022-10-05
Zipcar #7137,Transportation,USA,USD,student,77.88,2022-10-05
Trampoline Park - USA Store,Entertainment & Recreation,USA,USD,student,115.74,2022-10-07
Alamo,Transportation,USA,USD,student,85.47,2022-10-07
Domino's Strip Mall,Food & Dining,USA,USD,student,42.46,2022-10-09
Service,Government & Legal,USA,USD,student,437.67,2022-10-10
YouTube Strip Mall,Entertainment & Recreation,USA,USD,student,149.42,2022-10-11
Neiman Marcus,Shopping & Retail,USA,USD,student,170.24,2022-10-11
eBay Store,Shopping & Retail,USA,USD,student,79.8,2022-10-12
Spotify,Entertainment & Recreation,USA,USD,student,5.38,2022-10-12
Gold's Gym (App),Entertainment & Recreation,USA,USD,student,83.71,2022-10-13
Firehouse Subs #1785 - USA Store Downtown,Food & Dining,USA,USD,student,47.34,2022-10-15
CVS TXN488829,Shopping & Retail,USA,USD,student,146.02,2022-10-15
Sephora,Shopping & Retail,USA,USD,student,240.73,2022-10-16
GoFundMe Store,Charity & Donations,USA,USD,student,158.05,2022-10-17
Mortgage Station,Financial Services,USA,USD,student,475.12,2022-10-17
Pharmacy #7915 - USA TXN703391,Healthcare & Medical,USA,USD,student,225.82,2022-10-18
Carl's Jr - Holiday,Food & Dining,USA,USD,student,41.44,2022-10-19
AT&T #1744 Store Online,Utilities & Services,USA,USD,student,220.28,2022-10-19
Investment Bank (Wire),Financial Services,USA,USD,student,68.84,2022-10-19
Orthopedist,Healthcare & Medical,USA,USD,student,324.41,2022-10-20
Financial Advisor Store Shopping Center,Financial Services,USA,USD,student,263.51,2022-10-21
Zoo #9943 TXN583726,Entertainment & Recreation,USA,USD,student,18.39,2022-10-21
Chiropractor TXN532678,Healthcare & Medical,USA,USD,student,316.25,2022-10-22
Internet Provider #2628 - USA - Holiday,Utilities & Services,USA,USD,student,224.14,2022-10-22
Saks Off 5th #5990 - USA,Shopping & Retail,USA,USD,student,7.98,2022-10-23
ATF #1223,Government & Legal,USA,USD,student,340.19,2022-10-23
Netflix,Entertainment & Recreation,USA,USD,student,11.87,2022-10-24
Border Patrol Store,Government & Legal,USA,USD,student,316.13,2022-10-25
Gym,Healthcare & Medical,USA,USD,student,27.21,2022-10-25
Visa #7681 - USA - Lunch Time,Government & Legal,USA,USD,student,331.27,2022-10-26
Baja Fresh - Weekday,Food & Dining,USA,USD,student,13.2,2022-10-26
Rock Climbing Store,Entertainment & Recreation,USA,USD,student,59.45,2022-10-26
Von Maur - USA,Shopping & Retail,USA,USD,student,35.79,2022-10-26
Mobile Hotspot #2095,Utilities & Services,USA,USD,student,292.06,2022-10-27
Cinemark,Entertainment & Recreation,USA,USD,student,89.8,2022-10-27
Mobile Hotspot,Utilities & Services,USA,USD,student,82.74,2022-10-28
Income,Income,USA,USD,student,1792.82,2022-11-03
Legal - USA Branch,Government & Legal,USA,USD,student,430.59,2022-11-03
RCN,Utilities & Services,USA,USD,student,114.64,2022-11-03
Satellite Internet,Utilities & Services,USA,USD,student,177.5,2022-11-04
Spotify,Entertainment & Recreation,USA,USD,student,7.08,2022-11-04
Capital One (ACH),Financial Services,USA,USD,student,693.61,2022-11-05
Dental Online TXN389951,Healthcare & Medical,USA,USD,student,407.37,2022-11-06
Nordstrom Store TXN878546,Shopping & Retail,USA,USD,student,41.43,2022-11-07
TD Bank #9551,Financial Services,USA,USD,student,52.62,2022-11-09
Ski Resort,Entertainment & Recreation,USA,USD,student,56.49,2022-11-10
Gym,Healthcare & Medical,USA,USD,student,21.61,2022-11-10
Kroger Pharmacy,Healthcare & Medical,USA,USD,student,273.62,2022-11-11
Netflix,Entertainment & Recreation,USA,USD,student,14.15,2022-11-11
Concert (ACH),Entertainment & Recreation,USA,USD,student,126.13,2022-11-12
Wells Fargo Station,Financial Services,USA,USD,student,759.6,2022-11-13
Greenpeace,Charity & Donations,USA,USD,student,159.84,2022-11-13
Zipcar #6811 - USA Store Center,Transportation,USA,USD,student,11.12,2022-11-14
SPCA #7993 - USA Store (Online),Charity & Donations,USA,USD,student,199.56,2022-11-14
MTA #6754 Hospital,Transportation,USA,USD,student,49.44,2022-11-16
SunTrust #7212,Financial Services,USA,USD,student,798.9,2022-11-16
Alamo #8534 Online,Transportation,USA,USD,student,93.37,2022-11-16
TSA - USA TXN357612,Government & Legal,USA,USD,student,416.71,2022-11-16
JetBlue #2405 - USA Branch Center,Transportation,USA,USD,student,64.29,2022-11-18
UNICEF,Charity & Donations,USA,USD,student,56.23,2022-11-19
Bojangles Mall,Food & Dining,USA,USD,student,40.07,2022-11-19
MTA Online Branch,Transportation,USA,USD,student,97.49,2022-11-20
Psychiatrist #2005 Hospital,Healthcare & Medical,USA,USD,student,61.77,2022-11-22
Zara,Shopping & Retail,USA,USD,student,274.07,2022-11-22
Regal TXN215478,Entertainment & Recreation,USA,USD,student,108.28,2022-11-23
UPS Store,Shopping & Retail,USA,USD,student,46.3,2022-11-24
Chevron #4121 - USA Online - Weekend,Transportation,USA,USD,student,84.69,2022-11-25
Bojangles,Food & Dining,USA,USD,student,22.29,2022-11-26
Hawaiian Airlines #6995,Transportation,USA,USD,student,52.57,2022-11-28
Oxfam,Charity & Donations,USA,USD,student,139.52,2022-11-28
Income,Income,USA,USD,student,1872.6,2022-12-01
Income,Income,USA,USD,student,1255.63,2022-12-01
Capitol Store,Government & Legal,USA,USD,student,467.4,2022-12-01
Tim Hortons TXN656819,Food & Dining,USA,USD,student,41.54,2022-12-01
Capital One #3853 Store (Mobile),Financial Services,USA,USD,student,644.91,2022-12-02
Olive Garden - USA Online (Bank Transfer),Food & Dining,USA,USD,student,45.84,2022-12-04
Fiber - USA - Evening,Utilities & Services,USA,USD,student,165.62,2022-12-04
Swimming Pool #5405 - USA,Entertainment & Recreation,USA,USD,student,81.21,2022-12-05
Pure Barre Store TXN317052,Entertainment & Recreation,USA,USD,student,51.29,2022-12-05
Cable Company - USA Strip Mall,Utilities & Services,USA,USD,student,63.28,2022-12-05
DMV,Government & Legal,USA,USD,student,91.3,2022-12-06
Johns Hopkins Center,Healthcare & Medical,USA,USD,student,225.14,2022-12-07
Santander (Digital Wallet),Financial Services,USA,USD,student,568.89,2022-12-07
Safeway,Food & Dining,USA,USD,student,7.24,2022-12-08
Barneys New York,Shopping & Retail,USA,USD,student,204.08,2022-12-08
Transfer,Financial Services,USA,USD,student,961.68,2022-12-09
Sparklight Online,Utilities & Services,USA,USD,student,75.97,2022-12-10
Nordstrom (ACH),Shopping & Retail,USA,USD,student,55.54,2022-12-10
Water Park #6663,Entertainment & Recreation,USA,USD,student,75.8,2022-12-11
Bus #2962 Store,Transportation,USA,USD,student,55.71,2022-12-12
Occupational Therapy - USA TXN995254,Healthcare & Medical,USA,USD,student,132.04,2022-12-12
Spotify,Entertainment & Recreation,USA,USD,student,6.41,2022-12-12
Gym,Healthcare & Medical,USA,USD,student,21.02,2022-12-12
Cardiologist Store Station,Healthcare & Medical,USA,USD,student,424.39,2022-12-15
Arby's - Evening,Food & Dining,USA,USD,student,42.77,2022-12-15
Cable Company #3117 - Lunch Time,Utilities & Services,USA,USD,student,251.7,2022-12-19
Arcade Online,Entertainment & Recreation,USA,USD,student,109.49,2022-12-21
Planet Fitness #1448 Store Shopping Center,Entertainment & Recreation,USA,USD,student,103.05,2022-12-21
Ski Resort,Entertainment & Recreation,USA,USD,student,77.4,2022-12-21
OfficeMax - USA - Evening,Shopping & Retail,USA,USD,student,80.87,2022-12-22
State Police #2994 - USA Downtown,Government & Legal,USA,USD,student,417.82,2022-12-23
Donation #2890,Charity & Donations,USA,USD,student,157.64,2022-12-24
HSBC,Financial Services,USA,USD,student,52.71,2022-12-24
Nature Conservancy #7491,Charity & Donations,USA,USD,student,119.14,2022-12-25
Physical Therapy,Healthcare & Medical,USA,USD,student,30.45,2022-12-25
Family Dollar - USA - Weekend,Shopping & Retail,USA,USD,student,142.52,2022-12-27
Comerica - Dinner Time,Financial Services,USA,USD,student,776.58,2022-12-27
Netflix,Entertainment & Recreation,USA,USD,student,14.66,2022-12-27
Exxon - USA,Transportation,USA,USD,student,23.53,2022-12-28
Cedars-Sinai - USA Online,Healthcare & Medical,USA,USD,student,225.58,2023-01-01
Netflix,Entertainment & Recreation,USA,USD,student,14.68,2023-01-01
Enterprise #6595 - USA Shopping Center,Transportation,USA,USD,student,35.29,2023-01-03
Dollar General,Shopping & Retail,USA,USD,student,123.53,2023-01-03
Income,Income,USA,USD,student,1061.29,2023-01-05
Burger King,Food & Dining,USA,USD,student,24.83,2023-01-05
CenturyLink - Evening,Utilities & Services,USA,USD,student,191.38,2023-01-05
Pediatrician Business District,Healthcare & Medical,USA,USD,student,290.01,2023-01-06
Rite Aid,Healthcare & Medical,USA,USD,student,445.36,2023-01-07
Customs Mall,Government & Legal,USA,USD,student,243.86,2023-01-08
Greyhound #8782 - Evening,Transportation,USA,USD,student,55.31,2023-01-09
United,Transportation,USA,USD,student,89.23,2023-01-09
Qdoba,Food & Dining,USA,USD,student,43.74,2023-01-09
Peter Pan #3443 TXN417960,Transportation,USA,USD,student,26.9,2023-01-09
BB&T TXN980323,Financial Services,USA,USD,student,538.27,2023-01-10
Court Branch,Government & Legal,USA,USD,student,276.67,2023-01-10
Adidas Store,Shopping & Retail,USA,USD,student,203.4,2023-01-11
Notary #4916,Government & Legal,USA,USD,student,154.31,2023-01-11
Metro #5815,Transportation,USA,USD,student,52.8,2023-01-14
Internet Provider #3817 Store - Morning,Utilities & Services,USA,USD,student,287.43,2023-01-14
FBI #5254,Government & Legal,USA,USD,student,479.57,2023-01-14
Post Office (Cash),Government & Legal,USA,USD,student,288.87,2023-01-15
Financial Advisor,Financial Services,USA,USD,student,129.32,2023-01-15
JetBlue - USA,Transportation,USA,USD,student,84.06,2023-01-16
Crunch Fitness (Cash),Entertainment & Recreation,USA,USD,student,65.81,2023-01-16
BART #5733,Transportation,USA,USD,student,50.1,2023-01-16
Red Cross,Charity & Donations,USA,USD,student,150.9,2023-01-16
Gym Campus,Entertainment & Recreation,USA,USD,student,17.73,2023-01-16
Laser Tag,Entertainment & Recreation,USA,USD,student,91.23,2023-01-16
Suddenlink,Utilities & Services,USA,USD,student,287.35,2023-01-17
Youth Organization - Dinner Time,Charity & Donations,USA,USD,student,66.97,2023-01-18
CVS - USA,Healthcare & Medical,USA,USD,student,203.2,2023-01-19
DEA,Government & Legal,USA,USD,student,167.5,2023-01-19
Wendy's,Food & Dining,USA,USD,student,31.6,2023-01-19
Target - USA,Food & Dining,USA,USD,student,15.31,2023-01-20
Macy's - USA,Shopping & Retail,USA,USD,student,232.64,2023-01-20
Broadband - Lunch Time,Utilities & Services,USA,USD,student,159.03,2023-01-20
Government Store Branch,Government & Legal,USA,USD,student,488.7,2023-01-21
Spotify,Entertainment & Recreation,USA,USD,student,7.86,2023-01-21
ATM #5548 (Wire),Financial Services,USA,USD,student,956.94,2023-01-23
Dish Branch,Utilities & Services,USA,USD,student,158.52,2023-01-24
SunTrust Store,Financial Services,USA,USD,student,266.6,2023-01-25
Urgent Care #1590,Healthcare & Medical,USA,USD,student,254.5,2023-01-26
AMC - USA,Entertainment & Recreation,USA,USD,student,121.4,2023-01-26
Fire Department,Government & Legal,USA,USD,student,231.14,2023-01-26
Gym,Healthcare & Medical,USA,USD,student,19.44,2023-01-26
Hulu Store Branch Mall,Entertainment & Recreation,USA,USD,student,9.02,2023-01-27
EMS - USA Online,Government & Legal,USA,USD,student,462.83,2023-01-27
Target #3218,Shopping & Retail,USA,USD,student,178.29,2023-01-27
Saks Fifth Avenue - Afternoon,Shopping & Retail,USA,USD,student,283.88,2023-01-27
CVS - USA,Healthcare & Medical,USA,USD,student,465.63,2023-01-27
Suddenlink - USA,Utilities & Services,USA,USD,student,271.53,2023-01-28
DART Store - Afternoon,Transportation,USA,USD,student,88.99,2023-01-28
Sephora - USA Store,Shopping & Retail,USA,USD,student,140.03,2023-01-28
Uniqlo Center - Holiday,Shopping & Retail,USA,USD,student,66.71,2023-02-01
Spotify,Entertainment & Recreation,USA,USD,student,9.08,2023-02-01
NSA - USA,Government & Legal,USA,USD,student,418.83,2023-02-02
Income,Income,USA,USD,student,834.14,2023-02-03
Bowling Alley Online,Entertainment & Recreation,USA,USD,student,134.71,2023-02-03
Senate Online Downtown,Government & Legal,USA,USD,student,212.8,2023-02-03
TJ Maxx Online TXN981340,Shopping & Retail,USA,USD,student,208.18,2023-02-04
Burger King,Food & Dining,USA,USD,student,15.05,2023-02-04
MTA #4292 Store (ACH),Transportation,USA,USD,student,19.2,2023-02-05
Fifth Third,Financial Services,USA,USD,student,728.07,2023-02-05
Sierra Club #3073 Online,Charity & Donations,USA,USD,student,57.48,2023-02-05
Gym,Healthcare & Medical,USA,USD,student,16.54,2023-02-05
Barneys New York #3780,Shopping & Retail,USA,USD,student,93.45,2023-02-06
Wells Fargo - USA,Financial Services,USA,USD,student,697.4,2023-02-06
Lyft,Transportation,USA,USD,student,24.87,2023-02-06
HSBC Store,Financial Services,USA,USD,student,894.58,2023-02-07
Bank - USA - Evening,Financial Services,USA,USD,student,668.92,2023-02-07
Saks Off 5th,Shopping & Retail,USA,USD,student,27.15,2023-02-07
Permit #4762 - USA,Government & Legal,USA,USD,student,52.08,2023-02-08
Tennis Court,Entertainment & Recreation,USA,USD,student,83.98,2023-02-08
Amazon Prime Online Airport,Entertainment & Recreation,USA,USD,student,133.97,2023-02-08
Paintball Store - Night,Entertainment & Recreation,USA,USD,student,124.18,2023-02-08
Cable Company,Utilities & Services,USA,USD,student,231.65,2023-02-09
Offering - USA,Charity & Donations,USA,USD,student,39.7,2023-02-10
United Way,Charity & Donations,USA,USD,student,110.25,2023-02-11
Costco (Bank Transfer),Shopping & Retail,USA,USD,student,155.92,2023-02-13
Ross Branch (ACH),Shopping & Retail,USA,USD,student,83.84,2023-02-13
United Way #4959 TXN994462,Charity & Donations,USA,USD,student,33.56,2023-02-14
Enterprise #5289,Transportation,USA,USD,student,64.04,2023-02-15
License - USA,Government & Legal,USA,USD,student,360.21,2023-02-15
Brokerage,Financial Services,USA,USD,student,85.61,2023-02-16
Animal Shelter #2479 Store Center - Rush Hour,Charity & Donations,USA,USD,student,178.98,2023-02-16
MARTA #8790,Transportation,USA,USD,student,68.83,2023-02-16
Museum - USA Store,Entertainment & Recreation,USA,USD,student,90.18,2023-02-16
State Police (Digital Wallet),Government & Legal,USA,USD,student,186.79,2023-02-16
Mr. Sub #7769 - Weekday,Food & Dining,USA,USD,student,23.8,2023-02-17
Family Dollar,Shopping & Retail,USA,USD,student,109.39,2023-02-19
Jimmy John's #3249 - USA,Food & Dining,USA,USD,student,45.58,2023-02-20
Chipotle - Morning,Food & Dining,USA,USD,student,9.58,2023-02-20
Government #4821 - USA,Government & Legal,USA,USD,student,80.56,2023-02-21
Amtrak,Transportation,USA,USD,student,69.37,2023-02-22
Quiznos,Food & Dining,USA,USD,student,40.62,2023-02-22
Walk-in Clinic #1869,Healthcare & Medical,USA,USD,student,246.18,2023-02-23
City Hall,Government & Legal,USA,USD,student,303.46,2023-02-23
Wealth Management #2897,Financial Services,USA,USD,student,205.16,2023-02-24
Potbelly - Weekend,Food & Dining,USA,USD,student,13.26,2023-02-24
Netflix,Entertainment & Recreation,USA,USD,student,12.54,2023-02-25
Hospital - USA,Healthcare & Medical,USA,USD,student,192.59,2023-02-26
Primary Care #2178,Healthcare & Medical,USA,USD,student,242.79,2023-02-27
TJ Maxx #5171,Shopping & Retail,USA,USD,student,6.28,2023-02-27
Habitat for Humanity #6172 (ACH),Charity & Donations,USA,USD,student,55.86,2023-02-28
GoFundMe - Evening,Charity & Donations,USA,USD,student,75.02,2023-03-01
Regal #4720,Entertainment & Recreation,USA,USD,student,68.38,2023-03-01
Federal Building #9796 - Dinner Time,Government & Legal,USA,USD,student,164.49,2023-03-01
Mr. Sub Store,Food & Dining,USA,USD,student,49.06,2023-03-01
Income,Income,USA,USD,student,1152.06,2023-03-02
Southwest Airlines #9381 Online,Transportation,USA,USD,student,40.99,2023-03-02
NSA #2067 Center,Government & Legal,USA,USD,student,223.67,2023-03-02
GameStop Store TXN157334,Shopping & Retail,USA,USD,student,191.1,2023-03-03
Sprint Online TXN782824,Utilities & Services,USA,USD,student,262.55,2023-03-03
Netflix,Entertainment & Recreation,USA,USD,student,14.62,2023-03-04
Humane Society - USA,Charity & Donations,USA,USD,student,96.72,2023-03-05
Electric Company #5287,Utilities & Services,USA,USD,student,81.21,2023-03-06
Mayo Clinic - USA Branch,Healthcare & Medical,USA,USD,student,370.06,2023-03-06
Religious Organization,Charity & Donations,USA,USD,student,46.95,2023-03-07
Amazon,Shopping & Retail,USA,USD,student,217.59,2023-03-07
DMV - USA - Morning,Government & Legal,USA,USD,student,336.9,2023-03-07
Salvation Army,Charity & Donations,USA,USD,student,89.23,2023-03-07
Megabus,Transportation,USA,USD,student,67.35,2023-03-08
UCLA Medical,Healthcare & Medical,USA,USD,student,445.81,2023-03-09
Retirement,Financial Services,USA,USD,student,664.33,2023-03-09
Comcast - USA,Utilities & Services,USA,USD,student,234.83,2023-03-09
RCN - USA,Utilities & Services,USA,USD,student,101.72,2023-03-10
Wells Fargo - USA - Holiday,Financial Services,USA,USD,student,717.15,2023-03-11
Senate #5814 Center (Bank Transfer),Government & Legal,USA,USD,student,172.94,2023-03-12
Domino's #7647 - Evening,Food & Dining,USA,USD,student,46.22,2023-03-13
Domino's - USA Store Online - Lunch Time,Food & Dining,USA,USD,student,23.89,2023-03-15
Verizon #6612,Utilities & Services,USA,USD,student,230.09,2023-03-15
Broadband,Utilities & Services,USA,USD,student,130.62,2023-03-16
Passport Online Center (Mobile),Government & Legal,USA,USD,student,275.06,2023-03-16
Dental #7042 Online - Evening,Healthcare & Medical,USA,USD,student,432.03,2023-03-17
Nordstrom #9628 Campus,Shopping & Retail,USA,USD,student,191.82,2023-03-17
Investment Bank Branch,Financial Services,USA,USD,student,795.02,2023-03-18
Gym,Healthcare & Medical,USA,USD,student,20.13,2023-03-18
US Bank,Financial Services,USA,USD,student,950.66,2023-03-22
Spotify,Entertainment & Recreation,USA,USD,student,9.23,2023-03-23
CTA Online,Transportation,USA,USD,student,75.67,2023-03-24
McDonald's Store,Food & Dining,USA,USD,student,44.71,2023-03-24
Cedars-Sinai - USA Store Center,Healthcare & Medical,USA,USD,student,140.01,2023-03-25
Von Maur Center,Shopping & Retail,USA,USD,student,232.94,2023-03-25
Kroger Pharmacy Strip Mall,Healthcare & Medical,USA,USD,student,448.03,2023-03-25
AT&T #9521 - USA,Utilities & Services,USA,USD,student,92.32,2023-03-25
Hawaiian Airlines (Card),Transportation,USA,USD,student,16.45,2023-03-26
Fundraising #2728 Hospital,Charity & Donations,USA,USD,student,24.89,2023-03-27
Target,Food & Dining,USA,USD,student,17.08,2023-03-28
Quiznos,Food & Dining,USA,USD,student,33.78,2023-04-01
Offering,Charity & Donations,USA,USD,student,27.63,2023-04-01
NGO - USA,Charity & Donations,USA,USD,student,172.78,2023-04-02
Maven Residential,Transportation,USA,USD,student,36.54,2023-04-02
Income,Income,USA,USD,student,1715.28,2023-04-04
Metro,Transportation,USA,USD,student,30.0,2023-04-04
Ambulance Campus,Government & Legal,USA,USD,student,339.65,2023-04-04
Mr. Sub,Food & Dining,USA,USD,student,29.15,2023-04-04
Income,Income,USA,USD,student,1370.78,2023-04-05
Gym,Healthcare & Medical,USA,USD,student,19.68,2023-04-05
Laser Tag,Entertainment & Recreation,USA,USD,student,95.35,2023-04-07
Spotify (Digital Wallet),Entertainment & Recreation,USA,USD,student,5.89,2023-04-08
KeyBank (Card),Financial Services,USA,USD,student,767.1,2023-04-10
Red Cross - USA,Charity & Donations,USA,USD,student,106.34,2023-04-10
Digital Bank Store Center,Financial Services,USA,USD,student,914.47,2023-04-10
Homeless Shelter,Charity & Donations,USA,USD,student,176.06,2023-04-10
Cable One,Utilities & Services,USA,USD,student,207.57,2023-04-11
T-Mobile Store Branch,Utilities & Services,USA,USD,student,149.56,2023-04-11
Pure Barre - USA - Morning,Entertainment & Recreation,USA,USD,student,134.44,2023-04-11
HughesNet #6021 Campus,Utilities & Services,USA,USD,student,253.71,2023-04-12
Rock Climbing TXN513045,Entertainment & Recreation,USA,USD,student,127.69,2023-04-13
Ross - Holiday,Shopping & Retail,USA,USD,student,99.96,2023-04-14
SoulCycle Store (Online),Entertainment & Recreation,USA,USD,student,80.26,2023-04-15
Nordstrom Rack #9244,Shopping & Retail,USA,USD,student,160.91,2023-04-16
Kickstarter - USA (ACH),Charity & Donations,USA,USD,student,27.67,2023-04-17
Santander,Financial Services,USA,USD,student,418.52,2023-04-19
UCSF Medical Online,Healthcare & Medical,USA,USD,student,67.13,2023-04-21
M&T Bank Online,Financial Services,USA,USD,student,51.42,2023-04-21
Spotify,Entertainment & Recreation,USA,USD,student,9.27,2023-04-22
Anytime Fitness Branch,Entertainment & Recreation,USA,USD,student,9.49,2023-04-23
Thrifty - USA,Transportation,USA,USD,student,28.04,2023-04-23
BMO Harris - USA - Lunch Time,Financial Services,USA,USD,student,740.58,2023-04-24
Turo Center TXN409058,Transportation,USA,USD,student,2.25,2023-04-26
MTA Store (Bank Transfer),Transportation,USA,USD,student,17.83,2023-04-27
Satellite Internet #6946 - USA Online (Digital Wallet),Utilities & Services,USA,USD,student,106.55,2023-04-28
Netflix,Entertainment & Recreation,USA,USD,student,12.0,2023-04-28
Permit,Government & Legal,USA,USD,student,472.43,2023-05-01
Alaska Airlines,Transportation,USA,USD,student,53.67,2023-05-03
First National,Financial Services,USA,USD,student,832.89,2023-05-03
Income,Income,USA,USD,student,1538.68,2023-05-04
Tim Hortons - Weekend,Food & Dining,USA,USD,student,25.04,2023-05-04
Qdoba - Holiday,Food & Dining,USA,USD,student,39.44,2023-05-04
Neurologist Store,Healthcare & Medical,USA,USD,student,57.29,2023-05-04
Senior Center,Charity & Donations,USA,USD,student,192.99,2023-05-05
Jersey Mike's Store TXN272710,Food & Dining,USA,USD,student,37.53,2023-05-05
Saks Off 5th Online,Shopping & Retail,USA,USD,student,116.78,2023-05-06
Spotify,Entertainment & Recreation,USA,USD,student,117.13,2023-05-07
United Way - USA,Charity & Donations,USA,USD,student,22.92,2023-05-07
Spotify,Entertainment & Recreation,USA,USD,student,5.52,2023-05-09
Church,Charity & Donations,USA,USD,student,23.98,2023-05-10
Nordstrom - Holiday,Shopping & Retail,USA,USD,student,129.67,2023-05-10
Emergency Room Store,Healthcare & Medical,USA,USD,student,45.65,2023-05-10
Neurologist #2714,Healthcare & Medical,USA,USD,student,173.35,2023-05-10
TJ Maxx,Shopping & Retail,USA,USD,student,221.36,2023-05-11
Museum - USA Online - Weekday,Entertainment & Recreation,USA,USD,student,114.21,2023-05-11
National - Morning,Transportation,USA,USD,student,50.86,2023-05-11
Sierra Club #4241 (Online),Charity & Donations,USA,USD,student,106.11,2023-05-11
Netflix,Entertainment & Recreation,USA,USD,student,13.76,2023-05-11
Gym,Healthcare & Medical,USA,USD,student,29.5,2023-05-11
Ulta Store TXN549769,Shopping & Retail,USA,USD,student,247.39,2023-05-12
Von Maur Store,Shopping & Retail,USA,USD,student,62.65,2023-05-13
Subway,Food & Dining,USA,USD,student,39.82,2023-05-16
Hawaiian Airlines,Transportation,USA,USD,student,9.15,2023-05-19
Cable Company,Utilities & Services,USA,USD,student,105.6,2023-05-22
Thrifty Store (Bank Transfer),Transportation,USA,USD,student,32.65,2023-05-22
Lord & Taylor - USA,Shopping & Retail,USA,USD,student,173.46,2023-05-22
McDonald's (Card),Food & Dining,USA,USD,student,24.82,2023-05-24
Immigration,Government & Legal,USA,USD,student,233.59,2023-05-24
X-Ray #5847 Store - Evening,Healthcare & Medical,USA,USD,student,88.61,2023-05-24
Xfinity,Utilities & Services,USA,USD,student,164.95,2023-05-25
Bank #7089 Downtown,Financial Services,USA,USD,student,879.96,2023-05-27
OfficeMax - USA,Shopping & Retail,USA,USD,student,63.48,2023-06-01
Retirement Planning #6225 - Evening,Financial Services,USA,USD,student,806.28,2023-06-02
Synagogue,Charity & Donations,USA,USD,student,98.27,2023-06-02
Tax #3685 Center,Government & Legal,USA,USD,student,349.27,2023-06-03
Netflix,Entertainment & Recreation,USA,USD,student,11.33,2023-06-03
Fitness #7365 TXN488525,Entertainment & Recreation,USA,USD,student,66.05,2023-06-04
Delta #5026,Transportation,USA,USD,student,3.9,2023-06-04
Income,Income,USA,USD,student,1755.61,2023-06-05
Dollar #8298 Store,Transportation,USA,USD,student,17.16,2023-06-07
Bank of America #5685,Financial Services,USA,USD,student,74.26,2023-06-08
Gas Company #8481 - USA Center,Utilities & Services,USA,USD,student,237.8,2023-06-10
Habitat for Humanity,Charity & Donations,USA,USD,student,40.12,2023-06-10
Gym,Healthcare & Medical,USA,USD,student,15.63,2023-06-10
Cinemark Store,Entertainment & Recreation,USA,USD,student,23.29,2023-06-11
Dillard's - USA - Afternoon,Shopping & Retail,USA,USD,student,81.17,2023-06-11
Charter,Utilities & Services,USA,USD,student,133.84,2023-06-14
Senior Center,Charity & Donations,USA,USD,student,6.47,2023-06-16
Permit #1839,Government & Legal,USA,USD,student,338.52,2023-06-18
White House #9603,Government & Legal,USA,USD,student,148.86,2023-06-18
Rock Climbing #9086,Entertainment & Recreation,USA,USD,student,46.25,2023-06-19
Dish Center,Utilities & Services,USA,USD,student,206.23,2023-06-19
Banking,Financial Services,USA,USD,student,524.56,2023-06-19
Taco Bell - Holiday,Food & Dining,USA,USD,student,8.69,2023-06-22
eBay,Shopping & Retail,USA,USD,student,66.21,2023-06-23
OfficeMax Store,Shopping & Retail,USA,USD,student,182.55,2023-06-23
Immigration - USA Store Online,Government & Legal,USA,USD,student,457.32,2023-06-23
Emergency Room #1067 - Weekday,Healthcare & Medical,USA,USD,student,323.89,2023-06-24
Concert Online (Contactless),Entertainment & Recreation,USA,USD,student,98.08,2023-06-24
Kroger Pharmacy - USA TXN460020,Healthcare & Medical,USA,USD,student,49.23,2023-06-24
Spotify,Entertainment & Recreation,USA,USD,student,5.09,2023-06-24
Trampoline Park (Cash),Entertainment & Recreation,USA,USD,student,122.73,2023-06-25
DEA - USA - Lunch Time,Government & Legal,USA,USD,student,110.62,2023-06-25
Border Patrol,Government & Legal,USA,USD,student,483.87,2023-06-26
Sparklight #8530,Utilities & Services,USA,USD,student,285.04,2023-06-27
Stock #7439 - USA,Financial Services,USA,USD,student,485.31,2023-06-28
Income,Income,USA,USD,student,1623.75,2023-07-02
Blimpie Store,Food & Dining,USA,USD,student,49.6,2023-07-02
Sephora,Shopping & Retail,USA,USD,student,94.1,2023-07-03
Business WiFi Online (Wire),Utilities & Services,USA,USD,student,273.77,2023-07-03
BMO Harris #4431,Financial Services,USA,USD,student,106.35,2023-07-05
T-Mobile #2002 Center,Utilities & Services,USA,USD,student,152.42,2023-07-05
Adidas Residential,Shopping & Retail,USA,USD,student,70.27,2023-07-05
Loan Branch - Weekend,Financial Services,USA,USD,student,698.77,2023-07-05
Customs,Government & Legal,USA,USD,student,281.65,2023-07-06
Netflix,Entertainment & Recreation,USA,USD,student,11.1,2023-07-06
Spectrum,Utilities & Services,USA,USD,student,174.69,2023-07-07
Popeyes,Food & Dining,USA,USD,student,14.15,2023-07-07
Bank of America #6904 - USA,Financial Services,USA,USD,student,197.2,2023-07-09
Train,Transportation,USA,USD,student,9.68,2023-07-10
Netflix,Entertainment & Recreation,USA,USD,student,16.73,2023-07-10
Johns Hopkins - Holiday,Healthcare & Medical,USA,USD,student,140.63,2023-07-11
Spotify,Entertainment & Recreation,USA,USD,student,9.8,2023-07-14
Dollar Tree,Shopping & Retail,USA,USD,student,292.72,2023-07-15
BP - USA,Transportation,USA,USD,student,30.66,2023-07-17
Tax - USA Online - Weekend,Government & Legal,USA,USD,student,86.77,2023-07-18
Bowling Alley - USA - Weekday,Entertainment & Recreation,USA,USD,student,134.97,2023-07-19
Raising Cane's,Food & Dining,USA,USD,student,22.58,2023-07-20
Town Hall #8333,Government & Legal,USA,USD,student,273.77,2023-07-20
WiFi Hotspot,Utilities & Services,USA,USD,student,188.33,2023-07-21
OfficeMax #2949 (Card),Shopping & Retail,USA,USD,student,293.15,2023-07-21
Gym,Healthcare & Medical,USA,USD,student,20.08,2023-07-21
Dermatologist #4386 Store,Healthcare & Medical,USA,USD,student,273.45,2023-07-22
Disney+ #8422,Entertainment & Recreation,USA,USD,student,16.27,2023-07-22
Fitness #7869 Business District,Entertainment & Recreation,USA,USD,student,86.02,2023-07-22
Bank - USA Store,Financial Services,USA,USD,student,126.65,2023-07-24
Bloomingdale's,Shopping & Retail,USA,USD,student,231.98,2023-07-25
Orange Theory Downtown,Entertainment & Recreation,USA,USD,student,133.55,2023-07-25
Ambulance,Government & Legal,USA,USD,student,404.46,2023-07-25
BART Branch - Evening,Transportation,USA,USD,student,58.84,2023-07-26
Sierra Club #8074,Charity & Donations,USA,USD,student,35.07,2023-07-27
WiFi Store,Utilities & Services,USA,USD,student,166.02,2023-07-27
WWF Hospital,Charity & Donations,USA,USD,student,36.59,2023-08-01
Cox - USA,Utilities & Services,USA,USD,student,75.44,2023-08-01
Gift (Online),Charity & Donations,USA,USD,student,31.76,2023-08-01
Income,Income,USA,USD,student,1517.83,2023-08-02
Bank of America,Financial Services,USA,USD,student,801.89,2023-08-02
Gynecologist #4227 Airport,Healthcare & Medical,USA,USD,student,43.76,2023-08-02
Offering,Charity & Donations,USA,USD,student,112.75,2023-08-03
Municipal Building (Contactless),Government & Legal,USA,USD,student,470.28,2023-08-03
Comerica Downtown,Financial Services,USA,USD,student,79.92,2023-08-04
7-Eleven Store,Transportation,USA,USD,student,4.16,2023-08-04
Donation Residential,Charity & Donations,USA,USD,student,93.29,2023-08-05
Gym,Healthcare & Medical,USA,USD,student,15.99,2023-08-05
White Castle - USA,Food & Dining,USA,USD,student,36.56,2023-08-07
Speech Therapy (Bank Transfer),Healthcare & Medical,USA,USD,student,491.86,2023-08-08
Dermatologist,Healthcare & Medical,USA,USD,student,477.06,2023-08-09
Walmart Store,Shopping & Retail,USA,USD,student,198.96,2023-08-12
Retirement Planning Branch,Financial Services,USA,USD,student,296.36,2023-08-13
Shell - USA,Transportation,USA,USD,student,34.92,2023-08-14
Water Park - Weekday,Entertainment & Recreation,USA,USD,student,18.79,2023-08-15
Gold's Gym Mall,Entertainment & Recreation,USA,USD,student,12.23,2023-08-15
City Hall Online,Government & Legal,USA,USD,student,483.93,2023-08-16
Bowling Alley Store Mall,Entertainment & Recreation,USA,USD,student,58.98,2023-08-16
Spotify,Entertainment & Recreation,USA,USD,student,6.16,2023-08-16
DART,Transportation,USA,USD,student,23.73,2023-08-17
Museum - Morning,Entertainment & Recreation,USA,USD,student,41.78,2023-08-18
Digital Bank Station,Financial Services,USA,USD,student,307.19,2023-08-19
Border Patrol - USA (Mobile),Government & Legal,USA,USD,student,125.2,2023-08-21
Primary Care Store (App),Healthcare & Medical,USA,USD,student,363.73,2023-08-21
Sprint #4528,Utilities & Services,USA,USD,student,247.09,2023-08-22
Saks Off 5th - USA,Shopping & Retail,USA,USD,student,164.37,2023-08-25
Satellite Internet Branch,Utilities & Services,USA,USD,student,157.91,2023-08-25
Netflix,Entertainment & Recreation,USA,USD,student,12.22,2023-08-26
Dollar Tree Branch,Shopping & Retail,USA,USD,student,137.23,2023-08-27
Huntington Bank,Financial Services,USA,USD,student,890.48,2023-08-28
Local Church - USA,Charity & Donations,USA,USD,student,33.93,2023-09-01
Barnes & Noble Store,Shopping & Retail,USA,USD,student,242.96,2023-09-01
Cable One,Utilities & Services,USA,USD,student,223.96,2023-09-01
Registration - Weekend,Government & Legal,USA,USD,student,163.96,2023-09-01
Gym,Healthcare & Medical,USA,USD,student,29.21,2023-09-02
Offering #4888,Charity & Donations,USA,USD,student,108.19,2023-09-03
JetBlue Hospital,Transportation,USA,USD,student,3.3,2023-09-04
Financial Advisor,Financial Services,USA,USD,student,877.33,2023-09-04
Income,Income,USA,USD,student,1429.25,2023-09-05
AT&T,Utilities & Services,USA,USD,student,153.96,2023-09-05
Windstream,Utilities & Services,USA,USD,student,251.07,2023-09-05
Online Bank - USA Branch - Holiday,Financial Services,USA,USD,student,752.49,2023-09-05
Netflix,Entertainment & Recreation,USA,USD,student,12.45,2023-09-05
Consolidated Communications Center,Utilities & Services,USA,USD,student,226.36,2023-09-06
Spotify,Entertainment & Recreation,USA,USD,student,8.38,2023-09-06
AMC,Entertainment & Recreation,USA,USD,student,120.21,2023-09-10
Culver's #8138 Store,Food & Dining,USA,USD,student,36.22,2023-09-11
Habitat for Humanity - USA Store,Charity & Donations,USA,USD,student,8.39,2023-09-12
Equinox Branch,Entertainment & Recreation,USA,USD,student,41.37,2023-09-13
Allegiant #9111,Transportation,USA,USD,student,9.5,2023-09-13
Comerica #5579 - Weekend,Financial Services,USA,USD,student,874.42,2023-09-14
Mediacom Airport,Utilities & Services,USA,USD,student,152.85,2023-09-14
National,Transportation,USA,USD,student,65.1,2023-09-14
Thrifty Online,Transportation,USA,USD,student,67.97,2023-09-15
Doctors Without Borders - USA Center (ACH),Charity & Donations,USA,USD,student,136.39,2023-09-16
Shell #7108,Transportation,USA,USD,student,43.5,2023-09-19
Hawaiian Airlines Center,Transportation,USA,USD,student,22.3,2023-09-19
Comcast (Contactless),Utilities & Services,USA,USD,student,185.06,2023-09-19
Rock Climbing #6752 Branch,Entertainment & Recreation,USA,USD,student,71.66,2023-09-20
Comcast #3364 Store Shopping Center,Utilities & Services,USA,USD,student,65.2,2023-09-21
Sheriff - USA Center - Weekend,Government & Legal,USA,USD,student,378.52,2023-09-21
Mosque - Weekday,Charity & Donations,USA,USD,student,47.96,2023-09-21
Zara #3484 TXN936710,Shopping & Retail,USA,USD,student,57.73,2023-09-23
Yoga Studio,Entertainment & Recreation,USA,USD,student,76.56,2023-09-24
Offering,Charity & Donations,USA,USD,student,34.54,2023-09-24
UCSF Medical - USA,Healthcare & Medical,USA,USD,student,449.63,2023-09-24
Bloomingdale's - Morning,Shopping & Retail,USA,USD,student,41.71,2023-09-25
Yoga Studio #3606 Store Branch (ACH),Entertainment & Recreation,USA,USD,student,120.56,2023-09-26
Charter - USA,Utilities & Services,USA,USD,student,152.35,2023-09-27
WWF #8997 Residential,Charity & Donations,USA,USD,student,28.96,2023-09-27
Regions Bank,Financial Services,USA,USD,student,593.93,2023-09-28
Huntington Bank #3523 Online,Financial Services,USA,USD,student,881.65,2023-10-02
HughesNet,Utilities & Services,USA,USD,student,249.17,2023-10-02
Offering Store,Charity & Donations,USA,USD,student,18.72,2023-10-03
Legal #8098 - Evening,Government & Legal,USA,USD,student,274.24,2023-10-03
Income,Income,USA,USD,student,1137.44,2023-10-05
WiFi #5733 - Night,Utilities & Services,USA,USD,student,201.29,2023-10-05
Regions Bank #5787 Downtown,Financial Services,USA,USD,student,231.97,2023-10-05
WiFi #4399,Utilities & Services,USA,USD,student,122.89,2023-10-05
Kaiser Permanente - USA Store,Healthcare & Medical,USA,USD,student,236.5,2023-10-09
EMS,Government & Legal,USA,USD,student,56.24,2023-10-09
Subway Store Branch - Weekday,Food & Dining,USA,USD,student,46.26,2023-10-09
Cold Stone Creamery Center Downtown,Food & Dining,USA,USD,student,45.17,2023-10-10
EMS #2857 Store - Weekday,Government & Legal,USA,USD,student,479.08,2023-10-11
Psychiatrist #6085 - Morning,Healthcare & Medical,USA,USD,student,404.49,2023-10-11
CrossFit (Bank Transfer),Entertainment & Recreation,USA,USD,student,72.99,2023-10-11
Checkers #1933 Downtown,Food & Dining,USA,USD,student,14.74,2023-10-13
Home Depot,Shopping & Retail,USA,USD,student,223.43,2023-10-13
GameStop #2167,Shopping & Retail,USA,USD,student,282.85,2023-10-14
ASPCA Online (Online),Charity & Donations,USA,USD,student,183.76,2023-10-15
Safeway TXN300342,Food & Dining,USA,USD,student,24.9,2023-10-17
Staples,Shopping & Retail,USA,USD,student,158.47,2023-10-18
WOW - USA Store,Utilities & Services,USA,USD,student,94.54,2023-10-18
Charter,Utilities & Services,USA,USD,student,187.65,2023-10-18
Banking - Lunch Time,Financial Services,USA,USD,student,600.0,2023-10-21
Gym #6598 Mall,Entertainment & Recreation,USA,USD,student,63.28,2023-10-22
Google Fiber - USA (Bank Transfer),Utilities & Services,USA,USD,student,282.67,2023-10-23
Uber,Transportation,USA,USD,student,92.16,2023-10-23
Starbucks Campus,Food & Dining,USA,USD,student,32.6,2023-10-23
Mutual Fund - Weekend,Financial Services,USA,USD,student,924.36,2023-10-24
Lyft - USA,Transportation,USA,USD,student,48.36,2023-10-24
Mediacom #7995,Utilities & Services,USA,USD,student,53.36,2023-10-24
Clinic #1662,Healthcare & Medical,USA,USD,student,465.33,2023-10-25
Alamo #7521 Residential,Transportation,USA,USD,student,36.14,2023-10-26
National Parks Branch (App),Charity & Donations,USA,USD,student,94.55,2023-10-26
United #4423 - USA Store - Night,Transportation,USA,USD,student,76.78,2023-10-26
Registration,Government & Legal,USA,USD,student,167.16,2023-10-27
Raising Cane's Center - Morning,Food & Dining,USA,USD,student,14.99,2023-10-27
Marshals,Government & Legal,USA,USD,student,133.68,2023-10-27
Jimmy John's #4542 - USA Store,Food & Dining,USA,USD,student,7.44,2023-10-27
Netflix,Entertainment & Recreation,USA,USD,student,10.35,2023-10-27
Spotify,Entertainment & Recreation,USA,USD,student,8.43,2023-10-27
Gym,Healthcare & Medical,USA,USD,student,26.86,2023-10-27
WiFi - Weekday,Utilities & Services,USA,USD,student,290.91,2023-10-28
Income,Income,USA,USD,student,1875.57,2023-11-01
Mediacom (Cash),Utilities & Services,USA,USD,student,283.46,2023-11-02
Retirement Planning #8279 Store Online,Financial Services,USA,USD,student,994.44,2023-11-03
State Police,Government & Legal,USA,USD,student,293.34,2023-11-03
Kroger Pharmacy #1769,Healthcare & Medical,USA,USD,student,238.59,2023-11-03
T-Mobile #6715 - USA,Utilities & Services,USA,USD,student,105.74,2023-11-04
Pilates #3001 Store,Entertainment & Recreation,USA,USD,student,148.3,2023-11-05
Legal Store Mall,Government & Legal,USA,USD,student,467.61,2023-11-05
SPCA,Charity & Donations,USA,USD,student,87.84,2023-11-06
Gym - USA,Entertainment & Recreation,USA,USD,student,23.0,2023-11-06
WMATA Center - Rush Hour,Transportation,USA,USD,student,45.02,2023-11-06
Netflix,Entertainment & Recreation,USA,USD,student,10.63,2023-11-06
Police Department - USA TXN865723,Government & Legal,USA,USD,student,481.29,2023-11-07
Belk #8890 (Contactless),Shopping & Retail,USA,USD,student,59.37,2023-11-08
Red Cross #6740 - USA,Charity & Donations,USA,USD,student,194.25,2023-11-08
Gym,Healthcare & Medical,USA,USD,student,29.93,2023-11-08
United Way,Charity & Donations,USA,USD,student,174.47,2023-11-09
Congress (Wire),Government & Legal,USA,USD,student,69.16,2023-11-09
Physical Therapy #1121,Healthcare & Medical,USA,USD,student,232.9,2023-11-10
Chase #4196 - USA,Financial Services,USA,USD,student,167.97,2023-11-11
Planet Fitness,Entertainment & Recreation,USA,USD,student,44.68,2023-11-11
Marshalls #6359 Online,Shopping & Retail,USA,USD,student,168.2,2023-11-12
Rally's #9951,Food & Dining,USA,USD,student,41.34,2023-11-13
Uniqlo #8108 - Weekend,Shopping & Retail,USA,USD,student,41.75,2023-11-13
Spotify,Entertainment & Recreation,USA,USD,student,8.71,2023-11-13
Equinox TXN766063,Entertainment & Recreation,USA,USD,student,94.9,2023-11-16
Mosque #4270 - Holiday,Charity & Donations,USA,USD,student,91.83,2023-11-16
Nordstrom,Shopping & Retail,USA,USD,student,111.0,2023-11-17
County Clerk TXN635957,Government & Legal,USA,USD,student,120.08,2023-11-17
Sephora #4617 - USA (Cash),Shopping & Retail,USA,USD,student,236.1,2023-11-17
Brigham and Women's Store TXN345904,Healthcare & Medical,USA,USD,student,34.85,2023-11-17
Brigham and Women's,Healthcare & Medical,USA,USD,student,471.15,2023-11-17
State Police Business District,Government & Legal,USA,USD,student,372.11,2023-11-18
Office Depot Store,Shopping & Retail,USA,USD,student,218.24,2023-11-18
Fundraising #4684,Charity & Donations,USA,USD,student,79.78,2023-11-19
TJ Maxx - USA,Shopping & Retail,USA,USD,student,115.77,2023-11-22
Belk #4845,Shopping & Retail,USA,USD,student,145.73,2023-11-23
Synagogue Center,Charity & Donations,USA,USD,student,83.36,2023-11-24
Doctors Without Borders Store,Charity & Donations,USA,USD,student,138.44,2023-11-24
Blimpie,Food & Dining,USA,USD,student,37.88,2023-11-24
BB&T Hospital,Financial Services,USA,USD,student,760.43,2023-11-25
Carl's Jr #9061 - USA,Food & Dining,USA,USD,student,32.21,2023-11-26
Oxfam #7367 Online,Charity & Donations,USA,USD,student,197.81,2023-11-26
Parking - USA Downtown,Transportation,USA,USD,student,87.97,2023-11-26
Children's Hospital - USA Store,Healthcare & Medical,USA,USD,student,306.09,2023-11-27
Police Department #3297 Store,Government & Legal,USA,USD,student,69.19,2023-11-27
Senior Center,Charity & Donations,USA,USD,student,78.22,2023-11-28
Ski Resort - USA,Entertainment & Recreation,USA,USD,student,37.64,2023-11-28
Income,Income,USA,USD,student,887.99,2023-12-03
Investment - USA TXN897912,Financial Services,USA,USD,student,693.88,2023-12-04
United Way #3603 Center,Charity & Donations,USA,USD,student,53.1,2023-12-04
Theater #6219 Center,Entertainment & Recreation,USA,USD,student,22.88,2023-12-05
IKEA,Shopping & Retail,USA,USD,student,242.59,2023-12-05
Eye Care,Healthcare & Medical,USA,USD,student,224.25,2023-12-06
Golf Course,Entertainment & Recreation,USA,USD,student,55.73,2023-12-06
Chevron #9993 - Weekend,Transportation,USA,USD,student,23.08,2023-12-07
Office Depot Store,Shopping & Retail,USA,USD,student,269.11,2023-12-08
Barnes & Noble Online Center,Shopping & Retail,USA,USD,student,75.68,2023-12-08
PNC Bank,Financial Services,USA,USD,student,742.97,2023-12-08
Amazon Prime Branch,Entertainment & Recreation,USA,USD,student,148.84,2023-12-09
Dunkin' Donuts #8583,Food & Dining,USA,USD,student,40.36,2023-12-09
Phone Company Store - Afternoon,Utilities & Services,USA,USD,student,198.68,2023-12-11
Gym,Healthcare & Medical,USA,USD,student,27.47,2023-12-11
WOW #5160 Branch,Utilities & Services,USA,USD,student,167.34,2023-12-12
Tax Preparation Store (Online),Financial Services,USA,USD,student,643.18,2023-12-12
Rock Climbing #3793,Entertainment & Recreation,USA,USD,student,69.83,2023-12-14
Car2Go Center Airport,Transportation,USA,USD,student,71.78,2023-12-15
Big Lots - Night,Shopping & Retail,USA,USD,student,205.8,2023-12-16
Spotify,Entertainment & Recreation,USA,USD,student,7.3,2023-12-16
Costco #4685 - Lunch Time,Shopping & Retail,USA,USD,student,20.2,2023-12-17
MRI #5475 Residential,Healthcare & Medical,USA,USD,student,447.0,2023-12-18
City Hall,Government & Legal,USA,USD,student,424.66,2023-12-20
Community Center - USA,Charity & Donations,USA,USD,student,161.19,2023-12-21
MBTA,Transportation,USA,USD,student,2.06,2023-12-22
Apple Store #7044 Store,Shopping & Retail,USA,USD,student,278.07,2023-12-22
Subway,Food & Dining,USA,USD,student,47.03,2023-12-22
Pizza Hut #5135 Store,Food & Dining,USA,USD,student,29.64,2023-12-23
Planet Fitness Online,Entertainment & Recreation,USA,USD,student,88.26,2023-12-23
Gynecologist - Holiday,Healthcare & Medical,USA,USD,student,337.17,2023-12-23
Salvation Army,Charity & Donations,USA,USD,student,10.88,2023-12-23
Netflix,Entertainment & Recreation,USA,USD,student,12.77,2023-12-23
Charter - USA Online - Evening,Utilities & Services,USA,USD,student,234.5,2023-12-24
Google Fiber #8362 - USA,Utilities & Services,USA,USD,student,179.94,2023-12-27
Marshalls,Shopping & Retail,USA,USD,student,46.6,2023-12-27
DirecTV (Cash),Utilities & Services,USA,USD,student,102.49,2023-12-28
Income,Income,USA,USD,student,1524.4,2024-01-01
Urologist - USA Store,Healthcare & Medical,USA,USD,student,289.61,2024-01-01
Mr. Sub Store TXN740171,Food & Dining,USA,USD,student,23.81,2024-01-01
Digital Bank Online,Financial Services,USA,USD,student,879.63,2024-01-01
Veterans Organization Store,Charity & Donations,USA,USD,student,7.6,2024-01-02
Moe's Southwest Grill Branch (ACH),Food & Dining,USA,USD,student,49.14,2024-01-02
Subway #2708 Store,Food & Dining,USA,USD,student,7.99,2024-01-02
Whataburger (Card),Food & Dining,USA,USD,student,10.69,2024-01-04
Hertz,Transportation,USA,USD,student,31.11,2024-01-04
Cable One,Utilities & Services,USA,USD,student,137.33,2024-01-06
Passport (Online),Government & Legal,USA,USD,student,146.2,2024-01-06
Walgreens - USA,Shopping & Retail,USA,USD,student,270.2,2024-01-06
Mount Sinai - USA,Healthcare & Medical,USA,USD,student,63.45,2024-01-06
Baja Fresh #1628 (Online),Food & Dining,USA,USD,student,44.84,2024-01-07
Brokerage #9234 Store - Weekday,Financial Services,USA,USD,student,341.79,2024-01-07
Windstream - Evening,Utilities & Services,USA,USD,student,163.45,2024-01-07
Greenpeace - USA,Charity & Donations,USA,USD,student,152.83,2024-01-08
WiFi Hotspot #7492 - USA Store Branch,Utilities & Services,USA,USD,student,61.34,2024-01-08
Netflix (ACH),Entertainment & Recreation,USA,USD,student,85.26,2024-01-08
Temple #9683,Charity & Donations,USA,USD,student,115.64,2024-01-09
Verizon Store,Utilities & Services,USA,USD,student,62.73,2024-01-10
Popeyes Residential,Food & Dining,USA,USD,student,44.44,2024-01-10
Cinemark Mall,Entertainment & Recreation,USA,USD,student,79.44,2024-01-10
Hulu Business District,Entertainment & Recreation,USA,USD,student,128.04,2024-01-11
Peter Pan #1914 Residential,Transportation,USA,USD,student,14.55,2024-01-11
Community Bank #7541 - USA Store (Mobile),Financial Services,USA,USD,student,983.03,2024-01-12
Church TXN553663,Charity & Donations,USA,USD,student,38.15,2024-01-12
Southwest Airlines Store,Transportation,USA,USD,student,15.26,2024-01-13
KeyBank - USA,Financial Services,USA,USD,student,408.73,2024-01-13
Blimpie,Food & Dining,USA,USD,student,41.42,2024-01-13
Satellite Internet #1865 TXN449834,Utilities & Services,USA,USD,student,99.69,2024-01-15
Barneys New York,Shopping & Retail,USA,USD,student,257.08,2024-01-16
Banking #9936 - USA Campus,Financial Services,USA,USD,student,911.13,2024-01-16
BP #3483 - Dinner Time,Transportation,USA,USD,student,98.8,2024-01-18
Firehouse Subs Store,Food & Dining,USA,USD,student,31.79,2024-01-18
AMC #6057,Entertainment & Recreation,USA,USD,student,144.41,2024-01-18
Municipal Building,Government & Legal,USA,USD,student,405.74,2024-01-19
Netflix,Entertainment & Recreation,USA,USD,student,13.26,2024-01-19
Atlantic Broadband Shopping Center,Utilities & Services,USA,USD,student,260.69,2024-01-20
Post Office (Bank Transfer),Government & Legal,USA,USD,student,430.87,2024-01-20
Concert #6880 TXN367994,Entertainment & Recreation,USA,USD,student,56.08,2024-01-23
Spotify,Entertainment & Recreation,USA,USD,student,7.73,2024-01-24
Alaska Airlines TXN601596,Transportation,USA,USD,student,91.11,2024-01-25
TSA Business District,Government & Legal,USA,USD,student,240.64,2024-01-26
Dairy Queen,Food & Dining,USA,USD,student,13.56,2024-01-26
Mobile Online,Utilities & Services,USA,USD,student,167.65,2024-01-26
Safeway Pharmacy #1225,Healthcare & Medical,USA,USD,student,70.32,2024-01-27
UNICEF #6954 Center Station,Charity & Donations,USA,USD,student,130.66,2024-01-27
Gym,Healthcare & Medical,USA,USD,student,25.67,2024-01-27
Public WiFi Downtown,Utilities & Services,USA,USD,student,68.59,2024-01-28
DSL Online Center TXN600446,Utilities & Services,USA,USD,student,294.43,2024-01-28
Atlantic Broadband #5632 Online TXN411855,Utilities & Services,USA,USD,student,209.03,2024-01-28
Domino's #4551 Store Airport,Food & Dining,USA,USD,student,38.57,2024-02-01
Loan Store Center Business District,Financial Services,USA,USD,student,862.85,2024-02-01
Netflix,Entertainment & Recreation,USA,USD,student,10.64,2024-02-01
Cinema #9429 Store TXN208311,Entertainment & Recreation,USA,USD,student,92.39,2024-02-02
Immigration - USA Center Strip Mall,Government & Legal,USA,USD,student,348.39,2024-02-02
Income,Income,USA,USD,student,1779.28,2024-02-03
World Vision,Charity & Donations,USA,USD,student,116.96,2024-02-03
Dental,Healthcare & Medical,USA,USD,student,55.18,2024-02-03
Income,Income,USA,USD,student,984.26,2024-02-04
Potbelly - USA,Food & Dining,USA,USD,student,46.3,2024-02-04
World Vision #9415 Branch,Charity & Donations,USA,USD,student,72.09,2024-02-04
Lyft #5094 Hospital,Transportation,USA,USD,student,69.88,2024-02-04
Urgent Care - Holiday,Healthcare & Medical,USA,USD,student,47.59,2024-02-04
Bojangles - USA Center,Food & Dining,USA,USD,student,33.43,2024-02-05
Panda Express #3439 Center - Weekday,Food & Dining,USA,USD,student,6.87,2024-02-07
Shell #9545 - USA TXN157981,Transportation,USA,USD,student,52.74,2024-02-07
Customs #1325 Online Branch - Morning,Government & Legal,USA,USD,student,248.24,2024-02-08
Hulu #4001 (Online),Entertainment & Recreation,USA,USD,student,26.41,2024-02-09
H&M,Shopping & Retail,USA,USD,student,252.05,2024-02-10
Permit,Government & Legal,USA,USD,student,64.81,2024-02-11
City Hall Store,Government & Legal,USA,USD,student,483.45,2024-02-11
Dillard's,Shopping & Retail,USA,USD,student,297.69,2024-02-12
Spotify,Entertainment & Recreation,USA,USD,student,5.45,2024-02-12
Fiber #5464 Online,Utilities & Services,USA,USD,student,275.49,2024-02-13
H&M Store Hospital,Shopping & Retail,USA,USD,student,131.77,2024-02-14
Rock Climbing - USA,Entertainment & Recreation,USA,USD,student,142.54,2024-02-14
ATF #3807 - USA Hospital,Government & Legal,USA,USD,student,284.13,2024-02-14
Fiber Online Center,Utilities & Services,USA,USD,student,70.11,2024-02-17
Specialist,Healthcare & Medical,USA,USD,student,307.62,2024-02-18
TJ Maxx #4702 - USA TXN568304,Shopping & Retail,USA,USD,student,292.62,2024-02-19
Orthopedist #7916 - Holiday,Healthcare & Medical,USA,USD,student,239.82,2024-02-19
Internet Provider #7475 - USA - Afternoon,Utilities & Services,USA,USD,student,174.78,2024-02-19
Gynecologist #4562 - USA,Healthcare & Medical,USA,USD,student,77.28,2024-02-19
Pizza Hut #6073 Store Branch,Food & Dining,USA,USD,student,37.54,2024-02-19
GoFundMe - USA Branch Downtown,Charity & Donations,USA,USD,student,92.63,2024-02-19
Gym,Healthcare & Medical,USA,USD,student,18.62,2024-02-21
Cleveland Clinic Online,Healthcare & Medical,USA,USD,student,134.79,2024-02-22
ATF #8441,Government & Legal,USA,USD,student,393.64,2024-02-22
HSBC (Digital Wallet),Financial Services,USA,USD,student,698.23,2024-02-23
Emergency Services Online TXN753745,Government & Legal,USA,USD,student,274.77,2024-02-24
Bowling Alley #9217 Online TXN617063,Entertainment & Recreation,USA,USD,student,76.41,2024-02-25
Dairy Queen,Food & Dining,USA,USD,student,23.61,2024-02-25
Domino's Branch,Food & Dining,USA,USD,student,40.73,2024-02-27
Cane's Downtown,Food & Dining,USA,USD,student,15.77,2024-02-28
Synagogue - USA - Weekday,Charity & Donations,USA,USD,student,98.51,2024-03-01
Maven - USA - Night,Transportation,USA,USD,student,99.62,2024-03-02
Spotify,Entertainment & Recreation,USA,USD,student,6.92,2024-03-02
Income,Income,USA,USD,student,943.79,2024-03-04
Regal,Entertainment & Recreation,USA,USD,student,30.56,2024-03-04
TD Bank - USA,Financial Services,USA,USD,student,332.6,2024-03-04
Orthopedist Store,Healthcare & Medical,USA,USD,student,162.45,2024-03-05
Baskin-Robbins #8395,Food & Dining,USA,USD,student,34.97,2024-03-05
Peter Pan #3816,Transportation,USA,USD,student,15.53,2024-03-06
IKEA #1047,Shopping & Retail,USA,USD,student,162.22,2024-03-07
KeyBank Station,Financial Services,USA,USD,student,863.03,2024-03-08
Red Cross - USA Store Strip Mall,Charity & Donations,USA,USD,student,20.22,2024-03-09
Verizon #8539,Utilities & Services,USA,USD,student,111.72,2024-03-09
Hulu,Entertainment & Recreation,USA,USD,student,35.22,2024-03-09
Transfer Online,Financial Services,USA,USD,student,972.1,2024-03-09
WiFi #8218 Online,Utilities & Services,USA,USD,student,88.68,2024-03-11
Greyhound Residential,Transportation,USA,USD,student,70.72,2024-03-14
Laser Tag #9847 - USA Store Airport,Entertainment & Recreation,USA,USD,student,84.64,2024-03-15
Mini Golf,Entertainment & Recreation,USA,USD,student,123.44,2024-03-16
Tax Preparation #1999 - USA,Financial Services,USA,USD,student,611.39,2024-03-16
Federal Building,Government & Legal,USA,USD,student,278.41,2024-03-16
CVS,Shopping & Retail,USA,USD,student,191.75,2024-03-17
Blood Test,Healthcare & Medical,USA,USD,student,441.22,2024-03-17
CVS #8636 Campus,Healthcare & Medical,USA,USD,student,496.39,2024-03-18
WOW #5388 - Lunch Time,Utilities & Services,USA,USD,student,70.93,2024-03-18
Family Dollar #1917,Shopping & Retail,USA,USD,student,68.55,2024-03-18
Festival #1392 Center,Entertainment & Recreation,USA,USD,student,113.26,2024-03-19
City Hall - USA Store TXN674448,Government & Legal,USA,USD,student,80.48,2024-03-19
Gym,Healthcare & Medical,USA,USD,student,15.71,2024-03-19
Consolidated Communications (Digital Wallet),Utilities & Services,USA,USD,student,212.09,2024-03-20
Dillard's #7525 - Night,Shopping & Retail,USA,USD,student,16.34,2024-03-20
Neurologist #4338 - Morning,Healthcare & Medical,USA,USD,student,493.14,2024-03-23
WOW TXN719199,Utilities & Services,USA,USD,student,110.12,2024-03-24
Police Department - USA,Government & Legal,USA,USD,student,405.39,2024-03-25
Animal Shelter #6720,Charity & Donations,USA,USD,student,61.06,2024-03-25
Adidas,Shopping & Retail,USA,USD,student,131.19,2024-03-25
Netflix,Entertainment & Recreation,USA,USD,student,10.63,2024-03-25
Nike #4329 Store Online Center (Card),Shopping & Retail,USA,USD,student,111.58,2024-03-26
Gas Company,Utilities & Services,USA,USD,student,265.72,2024-03-27
Cold Stone Creamery #2168 Store,Food & Dining,USA,USD,student,29.47,2024-03-27
Gas Company #6554 - Lunch Time,Utilities & Services,USA,USD,student,159.92,2024-03-27
Spirit Branch - Morning,Transportation,USA,USD,student,33.7,2024-03-28
Bergdorf Goodman Branch (Contactless),Shopping & Retail,USA,USD,student,257.82,2024-03-28
Olive Garden,Food & Dining,USA,USD,student,32.49,2024-03-28
Notary #1447,Government & Legal,USA,USD,student,315.28,2024-03-28
Anytime Fitness - Lunch Time,Entertainment & Recreation,USA,USD,student,135.68,2024-04-01
Income,Income,USA,USD,student,1944.71,2024-04-03
Audubon Society #1819 - Afternoon,Charity & Donations,USA,USD,student,25.95,2024-04-04
Social Security Business District,Government & Legal,USA,USD,student,135.75,2024-04-05
Temple (Online),Charity & Donations,USA,USD,student,191.76,2024-04-06
Nordstrom Rack #1517,Shopping & Retail,USA,USD,student,170.63,2024-04-06
Gym,Healthcare & Medical,USA,USD,student,23.58,2024-04-06
Domino's - USA,Food & Dining,USA,USD,student,26.54,2024-04-07
NYU Langone - Rush Hour,Healthcare & Medical,USA,USD,student,224.11,2024-04-07
Mobile - USA Store Business District,Utilities & Services,USA,USD,student,281.06,2024-04-08
Family Dollar Store - Weekend,Shopping & Retail,USA,USD,student,210.97,2024-04-08
Arby's #3649 - Rush Hour,Food & Dining,USA,USD,student,20.64,2024-04-09
Congress #6543 (ACH),Government & Legal,USA,USD,student,169.89,2024-04-09
DSL - USA,Utilities & Services,USA,USD,student,292.27,2024-04-10
WWF - USA (Bank Transfer),Charity & Donations,USA,USD,student,169.16,2024-04-10
Netflix,Entertainment & Recreation,USA,USD,student,14.92,2024-04-10
Walmart Pharmacy (Mobile),Healthcare & Medical,USA,USD,student,151.96,2024-04-11
Festival Store TXN301170,Entertainment & Recreation,USA,USD,student,106.2,2024-04-11
Kroger Pharmacy Residential,Healthcare & Medical,USA,USD,student,88.86,2024-04-11
Nordstrom - USA Online,Shopping & Retail,USA,USD,student,131.9,2024-04-11
Audubon Society,Charity & Donations,USA,USD,student,165.65,2024-04-12
Megabus #7916 (Contactless),Transportation,USA,USD,student,46.52,2024-04-13
Fire Department Business District,Government & Legal,USA,USD,student,346.72,2024-04-13
Primary Care,Healthcare & Medical,USA,USD,student,99.6,2024-04-14
Wells Fargo - Morning,Financial Services,USA,USD,student,880.85,2024-04-14
AMC #5530 Branch,Entertainment & Recreation,USA,USD,student,117.99,2024-04-14
Sixt,Transportation,USA,USD,student,78.45,2024-04-17
Bergdorf Goodman,Shopping & Retail,USA,USD,student,84.35,2024-04-17
Walmart Pharmacy,Healthcare & Medical,USA,USD,student,333.71,2024-04-19
Children's Hospital #2575 Store Branch - Afternoon,Healthcare & Medical,USA,USD,student,177.92,2024-04-19
Eye Care #5049 - USA Online TXN332115,Healthcare & Medical,USA,USD,student,185.85,2024-04-19
Nordstrom Rack - USA,Shopping & Retail,USA,USD,student,83.17,2024-04-19
Maven,Transportation,USA,USD,student,3.79,2024-04-19
Frontier,Utilities & Services,USA,USD,student,122.57,2024-04-20
Amtrak #2280 Residential,Transportation,USA,USD,student,98.21,2024-04-20
BMO Harris #3587,Financial Services,USA,USD,student,717.04,2024-04-20
McDonald's - USA - Morning,Food & Dining,USA,USD,student,20.68,2024-04-21
Spotify,Entertainment & Recreation,USA,USD,student,8.92,2024-04-21
Atlantic Broadband #7118 - USA,Utilities & Services,USA,USD,student,71.39,2024-04-23
Belk,Shopping & Retail,USA,USD,student,113.22,2024-04-23
FBI,Government & Legal,USA,USD,student,234.18,2024-04-23
Court Center,Government & Legal,USA,USD,student,149.56,2024-04-24
Local Food Bank,Charity & Donations,USA,USD,student,60.18,2024-04-24
Walgreens #6914 TXN720854,Healthcare & Medical,USA,USD,student,307.67,2024-04-25
Town Hall - USA Branch Center TXN713169,Government & Legal,USA,USD,student,211.18,2024-04-26
Staples #7769 - USA Store - Morning,Shopping & Retail,USA,USD,student,219.31,2024-04-27
BP,Transportation,USA,USD,student,7.09,2024-04-28
Income,Income,USA,USD,student,981.14,2024-05-02
Income,Income,USA,USD,student,1396.34,2024-05-03
DMV #3062,Government & Legal,USA,USD,student,147.43,2024-05-04
Paintball Branch,Entertainment & Recreation,USA,USD,student,115.06,2024-05-06
Target #7999,Shopping & Retail,USA,USD,student,114.99,2024-05-07
Business WiFi,Utilities & Services,USA,USD,student,198.88,2024-05-07
Spotify,Entertainment & Recreation,USA,USD,student,6.96,2024-05-09
Jimmy John's #8024 - Lunch Time,Food & Dining,USA,USD,student,20.62,2024-05-10
ReachNow,Transportation,USA,USD,student,99.48,2024-05-10
Thrifty,Transportation,USA,USD,student,73.69,2024-05-11
Panda Express - USA Store TXN738916,Food & Dining,USA,USD,student,40.07,2024-05-12
Sparklight #5004 Store,Utilities & Services,USA,USD,student,134.42,2024-05-13
Pizza Hut #2348 - USA,Food & Dining,USA,USD,student,45.88,2024-05-13
Legal Online,Government & Legal,USA,USD,student,413.86,2024-05-14
Chase TXN126630,Financial Services,USA,USD,student,670.34,2024-05-15
Gift #1318 - USA,Charity & Donations,USA,USD,student,17.67,2024-05-15
Fiber #1495 - Dinner Time,Utilities & Services,USA,USD,student,75.88,2024-05-17
GameStop #2442 (Cash),Shopping & Retail,USA,USD,student,107.73,2024-05-19
Synagogue #9252,Charity & Donations,USA,USD,student,199.65,2024-05-19
Tax #6253,Government & Legal,USA,USD,student,379.2,2024-05-19
Gym,Healthcare & Medical,USA,USD,student,18.75,2024-05-19
Pilates Center,Entertainment & Recreation,USA,USD,student,37.4,2024-05-20
Hawaiian Airlines #7836,Transportation,USA,USD,student,2.58,2024-05-22
Saks Fifth Avenue - USA - Dinner Time,Shopping & Retail,USA,USD,student,87.04,2024-05-23
Wealth Management,Financial Services,USA,USD,student,943.9,2024-05-23
Regal,Entertainment & Recreation,USA,USD,student,27.52,2024-05-23
Barnes & Noble,Shopping & Retail,USA,USD,student,202.04,2024-05-24
Hulu #1397,Entertainment & Recreation,USA,USD,student,36.49,2024-05-24
Dish TXN729323,Utilities & Services,USA,USD,student,235.2,2024-05-25
Cox - USA Center,Utilities & Services,USA,USD,student,213.55,2024-05-25
Noodles & Company #2502 Store,Food & Dining,USA,USD,student,32.46,2024-05-25
Qdoba Store,Food & Dining,USA,USD,student,41.41,2024-05-26
Rite Aid #8182,Healthcare & Medical,USA,USD,student,483.71,2024-05-26
Staples - USA,Shopping & Retail,USA,USD,student,120.03,2024-05-27
Netflix,Entertainment & Recreation,USA,USD,student,13.8,2024-05-28
Mosque Online Business District,Charity & Donations,USA,USD,student,138.48,2024-06-01
Turo,Transportation,USA,USD,student,18.94,2024-06-01
Social Security - USA TXN427249,Government & Legal,USA,USD,student,270.76,2024-06-02
WiFi Store (Bank Transfer),Utilities & Services,USA,USD,student,148.63,2024-06-02
Audubon Society,Charity & Donations,USA,USD,student,72.2,2024-06-02
Income,Income,USA,USD,student,1473.03,2024-06-03
Emergency Services TXN293370,Government & Legal,USA,USD,student,412.26,2024-06-03
Income,Income,USA,USD,student,1693.5,2024-06-04
Ross #3124,Shopping & Retail,USA,USD,student,33.01,2024-06-04
Fundraising - USA - Night,Charity & Donations,USA,USD,student,108.49,2024-06-04
Salvation Army,Charity & Donations,USA,USD,student,98.16,2024-06-04
Primary Care #8281 TXN134371,Healthcare & Medical,USA,USD,student,101.73,2024-06-04
Home Depot #8178 Center,Shopping & Retail,USA,USD,student,56.31,2024-06-05
Dollar #5352 Business District,Transportation,USA,USD,student,76.12,2024-06-05
Trader Joe's #7876,Food & Dining,USA,USD,student,13.28,2024-06-05
Stock,Financial Services,USA,USD,student,51.78,2024-06-05
Whole Foods,Food & Dining,USA,USD,student,34.67,2024-06-06
Social Security - USA,Government & Legal,USA,USD,student,251.19,2024-06-08
Verizon #9692 Store,Utilities & Services,USA,USD,student,267.78,2024-06-08
TD Bank Store Residential,Financial Services,USA,USD,student,741.84,2024-06-08
World Vision Online (Cash),Charity & Donations,USA,USD,student,98.74,2024-06-09
Homeless Shelter,Charity & Donations,USA,USD,student,91.84,2024-06-09
Regal,Entertainment & Recreation,USA,USD,student,69.16,2024-06-09
Spotify,Entertainment & Recreation,USA,USD,student,5.78,2024-06-09
Doctors Without Borders #6582 Branch,Charity & Donations,USA,USD,student,112.92,2024-06-10
Bank #8798 - USA,Financial Services,USA,USD,student,564.0,2024-06-10
Tim Hortons Online Hospital,Food & Dining,USA,USD,student,31.76,2024-06-10
ASPCA #7237,Charity & Donations,USA,USD,student,59.31,2024-06-11
Neiman Marcus #4947 Store - Lunch Time,Shopping & Retail,USA,USD,student,148.49,2024-06-11
Greyhound,Transportation,USA,USD,student,76.65,2024-06-11
Noodles & Company #6854 - USA Store - Afternoon,Food & Dining,USA,USD,student,25.01,2024-06-12
Gym,Healthcare & Medical,USA,USD,student,17.49,2024-06-12
Kaiser Permanente #6446 Branch,Healthcare & Medical,USA,USD,student,61.14,2024-06-13
SoulCycle - USA,Entertainment & Recreation,USA,USD,student,20.41,2024-06-14
Gym (Cash),Entertainment & Recreation,USA,USD,student,146.6,2024-06-15
Senate #8013 (Cash),Government & Legal,USA,USD,student,286.24,2024-06-15
ReachNow - Holiday,Transportation,USA,USD,student,39.23,2024-06-15
Netflix,Entertainment & Recreation,USA,USD,student,11.62,2024-06-15
Clinic Store Online (Digital Wallet),Healthcare & Medical,USA,USD,student,425.29,2024-06-16
Baja Fresh #1486 - USA (Online),Food & Dining,USA,USD,student,30.88,2024-06-16
RCN,Utilities & Services,USA,USD,student,97.79,2024-06-16
Popeyes,Food & Dining,USA,USD,student,10.56,2024-06-17
Urgent Care - USA,Healthcare & Medical,USA,USD,student,458.34,2024-06-18
BB&T TXN921173,Financial Services,USA,USD,student,902.42,2024-06-18
Pilates (Mobile),Entertainment & Recreation,USA,USD,student,31.96,2024-06-18
Visa - USA,Government & Legal,USA,USD,student,74.32,2024-06-19
Anytime Fitness #2319 - Evening,Entertainment & Recreation,USA,USD,student,69.35,2024-06-21
Mediacom,Utilities & Services,USA,USD,student,265.89,2024-06-23
Brokerage,Financial Services,USA,USD,student,728.31,2024-06-24
Consolidated Communications Store,Utilities & Services,USA,USD,student,278.59,2024-06-24
Crunch Fitness Branch Shopping Center,Entertainment & Recreation,USA,USD,student,138.98,2024-06-25
MRI #1760,Healthcare & Medical,USA,USD,student,495.72,2024-06-26
TSA #9496,Government & Legal,USA,USD,student,253.77,2024-06-26
NSA,Government & Legal,USA,USD,student,488.63,2024-07-01
Amnesty International Strip Mall,Charity & Donations,USA,USD,student,178.71,2024-07-02
Children's Hospital Shopping Center,Healthcare & Medical,USA,USD,student,401.52,2024-07-03
Income,Income,USA,USD,student,1989.31,2024-07-04
Income,Income,USA,USD,student,1378.84,2024-07-04
Go-Kart - USA Residential,Entertainment & Recreation,USA,USD,student,125.9,2024-07-04
Comerica - Weekday,Financial Services,USA,USD,student,563.27,2024-07-04
BP,Transportation,USA,USD,student,27.26,2024-07-04
Mortgage #3326 Store TXN478942,Financial Services,USA,USD,student,927.6,2024-07-05
Oxfam Online Campus,Charity & Donations,USA,USD,student,99.65,2024-07-06
Lowe's #4560,Shopping & Retail,USA,USD,student,85.9,2024-07-07
Swimming Pool,Entertainment & Recreation,USA,USD,student,103.42,2024-07-07
Chevron Residential,Transportation,USA,USD,student,63.0,2024-07-09
National - Weekday,Transportation,USA,USD,student,65.29,2024-07-10
SunTrust (Online),Financial Services,USA,USD,student,716.5,2024-07-10
Gym,Healthcare & Medical,USA,USD,student,21.56,2024-07-10
Five Guys #1167 Store Branch Residential,Food & Dining,USA,USD,student,15.57,2024-07-11
Chiropractor - USA,Healthcare & Medical,USA,USD,student,123.06,2024-07-11
Immigration #4545 - USA (ACH),Government & Legal,USA,USD,student,412.22,2024-07-11
Huntington Bank,Financial Services,USA,USD,student,854.45,2024-07-13
Tax Preparation - USA,Financial Services,USA,USD,student,962.95,2024-07-14
Local Church Online,Charity & Donations,USA,USD,student,172.54,2024-07-15
Pilates #4605 Branch,Entertainment & Recreation,USA,USD,student,5.01,2024-07-15
Dollar General Downtown,Shopping & Retail,USA,USD,student,233.15,2024-07-15
NSA - USA Store - Holiday,Government & Legal,USA,USD,student,85.97,2024-07-15
UPS Store #1207 Store,Shopping & Retail,USA,USD,student,244.93,2024-07-16
Uber - USA Store,Transportation,USA,USD,student,27.34,2024-07-17
Delta Online,Transportation,USA,USD,student,73.53,2024-07-17
Netflix,Entertainment & Recreation,USA,USD,student,10.66,2024-07-18
Uber Hospital,Transportation,USA,USD,student,22.04,2024-07-19
ASPCA,Charity & Donations,USA,USD,student,56.13,2024-07-20
Big Lots - USA,Shopping & Retail,USA,USD,student,53.72,2024-07-21
Amtrak #9055,Transportation,USA,USD,student,17.45,2024-07-21
Spotify,Entertainment & Recreation,USA,USD,student,9.88,2024-07-21
Spotify #4893,Entertainment & Recreation,USA,USD,student,148.73,2024-07-22
CIA #5345,Government & Legal,USA,USD,student,360.8,2024-07-22
Government,Government & Legal,USA,USD,student,462.39,2024-07-23
Macy's #5280,Shopping & Retail,USA,USD,student,226.06,2024-07-23
Delta Branch,Transportation,USA,USD,student,29.95,2024-07-23
Financial Advisor #5561 - USA Store Residential,Financial Services,USA,USD,student,540.43,2024-07-23
Subway #4361 Store,Food & Dining,USA,USD,student,47.59,2024-07-23
Cold Stone Creamery,Food & Dining,USA,USD,student,45.87,2024-07-24
Amazon Store,Shopping & Retail,USA,USD,student,241.41,2024-07-25
Bookkeeping #3558,Financial Services,USA,USD,student,935.86,2024-07-26
Church (Wire),Charity & Donations,USA,USD,student,172.44,2024-07-26
Five Guys #8821,Food & Dining,USA,USD,student,43.57,2024-07-26
H&M #7643,Shopping & Retail,USA,USD,student,240.43,2024-07-26
WiFi Hotspot Online Campus,Utilities & Services,USA,USD,student,82.78,2024-07-27
Burger King,Food & Dining,USA,USD,student,12.95,2024-07-27
Netflix #3747 - Rush Hour,Entertainment & Recreation,USA,USD,student,101.17,2024-07-28
MRI #8504,Healthcare & Medical,USA,USD,student,124.54,2024-07-28
Income,Income,USA,USD,student,1896.29,2024-08-02
Spotify,Entertainment & Recreation,USA,USD,student,7.07,2024-08-02
Income,Income,USA,USD,student,1412.04,2024-08-04
Netflix,Entertainment & Recreation,USA,USD,student,12.17,2024-08-04
Popeyes #3826,Food & Dining,USA,USD,student,5.58,2024-08-05
Huntington Bank (Wire),Financial Services,USA,USD,student,476.19,2024-08-05
Zoo - USA - Weekday,Entertainment & Recreation,USA,USD,student,44.93,2024-08-06
Chiropractor #5474 - USA - Rush Hour,Healthcare & Medical,USA,USD,student,345.24,2024-08-06
United (ACH),Transportation,USA,USD,student,41.03,2024-08-07
Nature Conservancy,Charity & Donations,USA,USD,student,78.35,2024-08-07
Gym TXN246644,Entertainment & Recreation,USA,USD,student,71.09,2024-08-08
Arcade (Digital Wallet),Entertainment & Recreation,USA,USD,student,138.3,2024-08-08
BART,Transportation,USA,USD,student,32.17,2024-08-11
Passport Online TXN216923,Government & Legal,USA,USD,student,385.16,2024-08-11
Frontier - Afternoon,Utilities & Services,USA,USD,student,111.15,2024-08-11
Bojangles #5645 - USA (Contactless),Food & Dining,USA,USD,student,10.32,2024-08-11
Cane's - USA TXN496118,Food & Dining,USA,USD,student,7.34,2024-08-12
Public WiFi,Utilities & Services,USA,USD,student,226.82,2024-08-15
Oxfam #9667 - USA,Charity & Donations,USA,USD,student,168.6,2024-08-15
Ross #6702 Store,Shopping & Retail,USA,USD,student,145.93,2024-08-16
Convention Center - Rush Hour,Entertainment & Recreation,USA,USD,student,92.67,2024-08-16
BP - USA Online,Transportation,USA,USD,student,62.29,2024-08-16
Costco Branch,Shopping & Retail,USA,USD,student,62.37,2024-08-16
Mass General - USA,Healthcare & Medical,USA,USD,student,78.65,2024-08-18
Sheriff,Government & Legal,USA,USD,student,364.77,2024-08-19
County Clerk #7484,Government & Legal,USA,USD,student,405.65,2024-08-20
UCSF Medical #6197 Branch,Healthcare & Medical,USA,USD,student,207.21,2024-08-21
Trampoline Park #8130 Campus,Entertainment & Recreation,USA,USD,student,49.21,2024-08-22
Water Park,Entertainment & Recreation,USA,USD,student,137.38,2024-08-22
Fifth Third,Financial Services,USA,USD,student,164.52,2024-08-23
Gym,Healthcare & Medical,USA,USD,student,15.22,2024-08-24
Financial Advisor,Financial Services,USA,USD,student,460.15,2024-08-25
Whataburger Center,Food & Dining,USA,USD,student,20.3,2024-08-25
Tennis Court #8090 Branch,Entertainment & Recreation,USA,USD,student,53.19,2024-08-25
Uniqlo,Shopping & Retail,USA,USD,student,235.88,2024-08-25
Taco Bell - USA,Food & Dining,USA,USD,student,13.16,2024-08-27
Immigration,Government & Legal,USA,USD,student,463.54,2024-08-28
Cane's #3052,Food & Dining,USA,USD,student,29.88,2024-08-28
Income,Income,USA,USD,student,1665.78,2024-09-01
Mass General #6077,Healthcare & Medical,USA,USD,student,452.84,2024-09-01
Donation - Morning,Charity & Donations,USA,USD,student,92.13,2024-09-01
Barneys New York - USA,Shopping & Retail,USA,USD,student,278.82,2024-09-02
Regions Bank Online,Financial Services,USA,USD,student,995.04,2024-09-02
Netflix,Entertainment & Recreation,USA,USD,student,10.06,2024-09-02
WiFi Hotspot (Mobile),Utilities & Services,USA,USD,student,178.69,2024-09-03
Goodwill - Dinner Time,Charity & Donations,USA,USD,student,164.08,2024-09-04
NGO,Charity & Donations,USA,USD,student,108.96,2024-09-04
Gym,Healthcare & Medical,USA,USD,student,29.84,2024-09-04
Mediacom - Evening,Utilities & Services,USA,USD,student,195.24,2024-09-05
H&M,Shopping & Retail,USA,USD,student,204.51,2024-09-05
Donation,Charity & Donations,USA,USD,student,166.75,2024-09-05
Mayo Clinic - USA - Weekday,Healthcare & Medical,USA,USD,student,162.65,2024-09-06
Escape Room Online (Wire),Entertainment & Recreation,USA,USD,student,135.99,2024-09-07
Regal - Rush Hour,Entertainment & Recreation,USA,USD,student,69.31,2024-09-07
Offering #7871,Charity & Donations,USA,USD,student,45.22,2024-09-07
Kaiser Permanente #9236 - USA Online,Healthcare & Medical,USA,USD,student,95.76,2024-09-07
Spotify,Entertainment & Recreation,USA,USD,student,8.3,2024-09-07
Dermatologist - USA,Healthcare & Medical,USA,USD,student,62.88,2024-09-08
Stock #2998,Financial Services,USA,USD,student,549.54,2024-09-09
Trampoline Park,Entertainment & Recreation,USA,USD,student,112.66,2024-09-09
UNICEF Strip Mall,Charity & Donations,USA,USD,student,120.09,2024-09-09
M&T Bank - USA TXN387183,Financial Services,USA,USD,student,959.25,2024-09-10
Synagogue #2774 TXN322638,Charity & Donations,USA,USD,student,160.19,2024-09-10
Popeyes - USA,Food & Dining,USA,USD,student,16.91,2024-09-11
Parking #8393 TXN229854,Transportation,USA,USD,student,52.13,2024-09-11
X-Ray,Healthcare & Medical,USA,USD,student,355.97,2024-09-11
Burlington - USA - Lunch Time,Shopping & Retail,USA,USD,student,125.5,2024-09-12
Jersey Mike's #5314 Store,Food & Dining,USA,USD,student,17.28,2024-09-12
IRS,Government & Legal,USA,USD,student,202.09,2024-09-13
Planet Fitness #8812 - Weekend,Entertainment & Recreation,USA,USD,student,146.58,2024-09-13
Cable One Center,Utilities & Services,USA,USD,student,257.7,2024-09-14
Blimpie,Food & Dining,USA,USD,student,20.04,2024-09-18
Sephora #4897,Shopping & Retail,USA,USD,student,12.22,2024-09-18
Marshalls - USA Center,Shopping & Retail,USA,USD,student,176.75,2024-09-18
TJ Maxx - USA,Shopping & Retail,USA,USD,student,43.44,2024-09-20
Dunkin' Donuts #9388,Food & Dining,USA,USD,student,31.78,2024-09-20
Financial Advisor Online - Holiday,Financial Services,USA,USD,student,930.25,2024-09-20
Windstream #1180 - USA Store Center,Utilities & Services,USA,USD,student,283.91,2024-09-21
Dollar (Contactless),Transportation,USA,USD,student,72.59,2024-09-21
ASPCA,Charity & Donations,USA,USD,student,141.51,2024-09-22
Home Depot Online,Shopping & Retail,USA,USD,student,215.86,2024-09-23
CenturyLink Center TXN325838,Utilities & Services,USA,USD,student,179.82,2024-09-25
Fire Department Branch,Government & Legal,USA,USD,student,304.03,2024-09-25
Doctors Without Borders TXN454406,Charity & Donations,USA,USD,student,151.57,2024-09-25
Culver's #6316 TXN850089,Food & Dining,USA,USD,student,41.05,2024-09-25
Cardiologist Airport,Healthcare & Medical,USA,USD,student,111.58,2024-09-26
Blood Test - USA,Healthcare & Medical,USA,USD,student,63.79,2024-09-26
Maven - USA Store (Mobile),Transportation,USA,USD,student,96.98,2024-09-26
ASPCA,Charity & Donations,USA,USD,student,58.43,2024-09-26
Gas Company - USA Residential,Utilities & Services,USA,USD,student,159.02,2024-09-26
State Police - USA,Government & Legal,USA,USD,student,112.05,2024-09-27
Neiman Marcus,Shopping & Retail,USA,USD,student,149.09,2024-10-01
Income,Income,USA,USD,student,1948.53,2024-10-02
Domino's,Food & Dining,USA,USD,student,45.93,2024-10-03
Von Maur #4982,Shopping & Retail,USA,USD,student,17.95,2024-10-04
Income,Income,USA,USD,student,1427.53,2024-10-05
Amazon Prime Branch Strip Mall,Entertainment & Recreation,USA,USD,student,62.11,2024-10-05
Chick-fil-A #3780 - Afternoon,Food & Dining,USA,USD,student,31.21,2024-10-06
Pilates - USA Store,Entertainment & Recreation,USA,USD,student,23.0,2024-10-06
AT&T (Card),Utilities & Services,USA,USD,student,137.98,2024-10-07
Orthopedist - USA TXN278790,Healthcare & Medical,USA,USD,student,50.92,2024-10-07
American Airlines,Transportation,USA,USD,student,16.42,2024-10-08
Ambulance #7087,Government & Legal,USA,USD,student,112.12,2024-10-08
DirecTV,Utilities & Services,USA,USD,student,163.45,2024-10-09
Urgent Care #9712,Healthcare & Medical,USA,USD,student,202.33,2024-10-10
Netflix,Entertainment & Recreation,USA,USD,student,12.41,2024-10-10
Surgery #7297 Store,Healthcare & Medical,USA,USD,student,169.66,2024-10-11
Pharmacy - USA Center,Healthcare & Medical,USA,USD,student,92.18,2024-10-11
CVS - USA TXN712477,Healthcare & Medical,USA,USD,student,228.15,2024-10-12
Kickstarter Store,Charity & Donations,USA,USD,student,7.91,2024-10-12
Government,Government & Legal,USA,USD,student,70.06,2024-10-13
Jersey Mike's Center,Food & Dining,USA,USD,student,9.4,2024-10-14
Spotify,Entertainment & Recreation,USA,USD,student,5.12,2024-10-14
Zipcar Branch,Transportation,USA,USD,student,38.28,2024-10-16
Government Airport,Government & Legal,USA,USD,student,166.07,2024-10-16
BoltBus,Transportation,USA,USD,student,83.5,2024-10-17
Cedars-Sinai #9844 Downtown,Healthcare & Medical,USA,USD,student,255.5,2024-10-17
Federal Building Online,Government & Legal,USA,USD,student,74.25,2024-10-17
WiFi Mall,Utilities & Services,USA,USD,student,214.34,2024-10-18
Gift Store,Charity & Donations,USA,USD,student,138.26,2024-10-19
Jersey Mike's,Food & Dining,USA,USD,student,6.63,2024-10-21
Planet Fitness Store,Entertainment & Recreation,USA,USD,student,42.35,2024-10-21
Rally's Online,Food & Dining,USA,USD,student,15.32,2024-10-21
Gym,Healthcare & Medical,USA,USD,student,24.06,2024-10-21
Specialist #8845 TXN509093,Healthcare & Medical,USA,USD,student,242.57,2024-10-22
DirecTV,Utilities & Services,USA,USD,student,112.49,2024-10-23
Train,Transportation,USA,USD,student,56.43,2024-10-26
Cable Company - USA,Utilities & Services,USA,USD,student,181.49,2024-10-26
Planet Fitness Online,Entertainment & Recreation,USA,USD,student,52.98,2024-10-27
Shell,Transportation,USA,USD,student,39.78,2024-10-27
Suddenlink #7845,Utilities & Services,USA,USD,student,111.05,2024-10-28
Chevron - USA,Transportation,USA,USD,student,23.91,2024-11-02
Income,Income,USA,USD,student,1934.5,2024-11-03
Physical Therapy Online,Healthcare & Medical,USA,USD,student,219.05,2024-11-03
Retirement,Financial Services,USA,USD,student,282.66,2024-11-03
Pilates #8563 - USA,Entertainment & Recreation,USA,USD,student,88.79,2024-11-04
Fiber,Utilities & Services,USA,USD,student,148.94,2024-11-05
Physical Therapy Branch,Healthcare & Medical,USA,USD,student,56.98,2024-11-05
Greyhound - USA,Transportation,USA,USD,student,36.42,2024-11-07
Viasat - USA Downtown,Utilities & Services,USA,USD,student,112.08,2024-11-07
Subway,Food & Dining,USA,USD,student,14.84,2024-11-10
Electric Company,Utilities & Services,USA,USD,student,128.06,2024-11-11
Dental Online (App),Healthcare & Medical,USA,USD,student,405.82,2024-11-11
EMS - USA Online,Government & Legal,USA,USD,student,322.58,2024-11-12
Sparklight #6715,Utilities & Services,USA,USD,student,140.02,2024-11-12
Target #5458 Mall,Shopping & Retail,USA,USD,student,17.93,2024-11-12
Pizza Hut,Food & Dining,USA,USD,student,44.22,2024-11-12
Financial Advisor Store,Financial Services,USA,USD,student,564.35,2024-11-13
Police Department #1841 TXN151279,Government & Legal,USA,USD,student,181.97,2024-11-14
Cable One Online,Utilities & Services,USA,USD,student,248.2,2024-11-14
Swimming Pool Center (Wire),Entertainment & Recreation,USA,USD,student,39.67,2024-11-15
IKEA #1780 Branch,Shopping & Retail,USA,USD,student,124.79,2024-11-15
Habitat for Humanity - USA Branch,Charity & Donations,USA,USD,student,44.05,2024-11-15
Jack in the Box #7449 Store,Food & Dining,USA,USD,student,41.24,2024-11-16
Gym,Healthcare & Medical,USA,USD,student,23.48,2024-11-16
Legal Online,Government & Legal,USA,USD,student,171.52,2024-11-18
Spotify,Entertainment & Recreation,USA,USD,student,8.84,2024-11-18
Sierra Club - USA Hospital,Charity & Donations,USA,USD,student,115.88,2024-11-19
Convention Center,Entertainment & Recreation,USA,USD,student,90.05,2024-11-20
State Police #6758 Campus,Government & Legal,USA,USD,student,202.16,2024-11-20
Arby's (Digital Wallet),Food & Dining,USA,USD,student,21.93,2024-11-23
Brokerage #5620 - USA,Financial Services,USA,USD,student,468.89,2024-11-24
GoFundMe Online - Lunch Time,Charity & Donations,USA,USD,student,5.17,2024-11-25
Panera Bread,Food & Dining,USA,USD,student,15.84,2024-11-26
United Way Branch,Charity & Donations,USA,USD,student,69.64,2024-11-27
Netflix,Entertainment & Recreation,USA,USD,student,14.77,2024-11-27
Income,Income,USA,USD,student,1744.15,2024-12-01
Neurologist #8019,Healthcare & Medical,USA,USD,student,385.25,2024-12-01
Netflix,Entertainment & Recreation,USA,USD,student,11.0,2024-12-03
Government Store,Government & Legal,USA,USD,student,76.61,2024-12-04
Trampoline Park #2746 Store,Entertainment & Recreation,USA,USD,student,147.38,2024-12-05
Bowling Alley,Entertainment & Recreation,USA,USD,student,119.72,2024-12-05
Mediacom Online,Utilities & Services,USA,USD,student,287.06,2024-12-06
Electric Company TXN993682,Utilities & Services,USA,USD,student,76.87,2024-12-07
Public WiFi - Afternoon,Utilities & Services,USA,USD,student,216.06,2024-12-08
Gym,Healthcare & Medical,USA,USD,student,28.31,2024-12-10
Tim Hortons #9341 - Weekend,Food & Dining,USA,USD,student,7.94,2024-12-11
Water Park #4553,Entertainment & Recreation,USA,USD,student,56.85,2024-12-11
Credit Union #3159,Financial Services,USA,USD,student,556.66,2024-12-13
Whole Foods - Lunch Time,Food & Dining,USA,USD,student,39.25,2024-12-14
Local Food Bank - Weekday,Charity & Donations,USA,USD,student,51.86,2024-12-18
NYU Langone,Healthcare & Medical,USA,USD,student,326.33,2024-12-18
Ulta,Shopping & Retail,USA,USD,student,21.02,2024-12-19
Clinic,Healthcare & Medical,USA,USD,student,96.22,2024-12-19
Amazon,Shopping & Retail,USA,USD,student,273.69,2024-12-19
Laser Tag #4740 - Afternoon,Entertainment & Recreation,USA,USD,student,137.63,2024-12-19
Whataburger,Food & Dining,USA,USD,student,6.56,2024-12-19
Digital Bank,Financial Services,USA,USD,student,520.38,2024-12-20
Veterans Organization #9879 Hospital,Charity & Donations,USA,USD,student,65.51,2024-12-20
WiFi,Utilities & Services,USA,USD,student,295.24,2024-12-21
Viasat - USA Branch,Utilities & Services,USA,USD,student,198.77,2024-12-21
TJ Maxx,Shopping & Retail,USA,USD,student,141.06,2024-12-22
Domino's Store TXN530154,Food & Dining,USA,USD,student,19.38,2024-12-22
Frontier Store (Wire),Transportation,USA,USD,student,92.07,2024-12-23
Anytime Fitness - USA Center,Entertainment & Recreation,USA,USD,student,145.14,2024-12-23
Wells Fargo #2595 - USA (Bank Transfer),Financial Services,USA,USD,student,588.89,2024-12-23
Retirement,Financial Services,USA,USD,student,366.33,2024-12-24
BART - USA,Transportation,USA,USD,student,3.41,2024-12-24
Pizza Hut Store,Food & Dining,USA,USD,student,24.26,2024-12-25
Phone Company - USA,Utilities & Services,USA,USD,student,224.26,2024-12-25
Verizon #2040 Store,Utilities & Services,USA,USD,student,256.45,2024-12-27
Gynecologist (Online),Healthcare & Medical,USA,USD,student,336.08,2024-12-27
Zara - USA,Shopping & Retail,USA,USD,student,181.57,2024-12-27
Rite Aid,Healthcare & Medical,USA,USD,student,390.38,2024-12-28
Spotify,Entertainment & Recreation,USA,USD,student,5.98,2024-12-28
